{"level":"INFO","message":"[1:35:26.184 PM]: Creating new connection object"}
{"level":"INFO","message":"[1:44:26.901 PM]: Creating new connection object"}
{"level":"INFO","message":"[1:44:47.968 PM]: Creating new connection object"}
{"level":"INFO","message":"[1:45:02.662 PM]: Creating new connection object"}
{"level":"INFO","message":"[1:45:07.065 PM]: Creating new connection object"}
{"level":"INFO","message":"[1:46:21.524 PM]: Creating new connection object"}
{"level":"INFO","message":"[1:48:45.122 PM]: Creating new connection object"}
{"level":"WARN","message":"[1:48:45.142 PM]: No authenticator found for 'SNOWFLAKEJWT'. Using default authenticator as a fallback"}
{"level":"INFO","message":"[1:48:45.144 PM]: Creating Connection[id: 0a79bb61-fa6d-423e-9f1e-c09263441b12] with host: iqviaidporg-pandpreporting.snowflakecomputing.com, account: iqviaidporg-pandpreporting, accessUrl: https://iqviaidporg-pandpreporting.snowflakecomputing.com, user: maasreaduser, role: undefined, database: PNPREPORTINGLIB, schema: PNPREPORTING_DATAMART, warehouse: PNPLIBRARIES, proxy was not configured, password is not provided, region: undefined, authenticator: SNOWFLAKEJWT, ocsp mode: FAIL_OPEN, os: win32, os version: 10.0"}
{"level":"INFO","message":"[1:48:45.145 PM]: Connection[id: 0a79bb61-fa6d-423e-9f1e-c09263441b12] additional details: passcode in password is provided, passcode is not provided, private key is provided, application: undefined, client name: snowflake-sdk, client version: 2.2.0, retry timeout: 300, private key path: undefined, private key pass is not provided, client store temporary credential: false, browser response timeout: 120000"}
{"level":"INFO","message":"[1:48:45.148 PM]: Connection[id: 0a79bb61-fa6d-423e-9f1e-c09263441b12] - connection object created successfully."}
{"level":"INFO","message":"[1:48:45.150 PM]: Connection[id: 0a79bb61-fa6d-423e-9f1e-c09263441b12] - connecting. Associated Snowflake domain: GLOBAL"}
{"level":"INFO","message":"[1:48:45.151 PM]: Connection[id: 0a79bb61-fa6d-423e-9f1e-c09263441b12] - authentication successful using: SNOWFLAKEJWT"}
{"level":"INFO","message":"[1:48:45.152 PM]: Trying to initialize Easy Logging"}
{"level":"INFO","message":"[1:48:45.154 PM]: No client config detected."}
{"level":"INFO","message":"[1:48:45.155 PM]: No config file path found. Client config will not be used."}
{"level":"INFO","message":"[1:48:45.156 PM]: Easy Logging is disabled as no config has been found"}
{"level":"INFO","message":"[1:48:45.161 PM]: Connection[id: 0a79bb61-fa6d-423e-9f1e-c09263441b12] - connected successfully after 11.182999999997264 milliseconds"}
{"level":"INFO","message":"[1:49:05.505 PM]: Creating new connection object"}
{"level":"WARN","message":"[1:49:05.507 PM]: No authenticator found for 'SNOWFLAKEJWT'. Using default authenticator as a fallback"}
{"level":"INFO","message":"[1:49:05.508 PM]: Creating Connection[id: 429dd568-05f3-48ed-a6da-476af2ff48cd] with host: iqviaidporg-pandpreporting.snowflakecomputing.com, account: iqviaidporg-pandpreporting, accessUrl: https://iqviaidporg-pandpreporting.snowflakecomputing.com, user: maasreaduser, role: undefined, database: PNPREPORTINGLIB, schema: PNPREPORTING_DATAMART, warehouse: PNPLIBRARIES, proxy was not configured, password is not provided, region: undefined, authenticator: SNOWFLAKEJWT, ocsp mode: FAIL_OPEN, os: win32, os version: 10.0"}
{"level":"INFO","message":"[1:49:05.508 PM]: Connection[id: 429dd568-05f3-48ed-a6da-476af2ff48cd] additional details: passcode in password is provided, passcode is not provided, private key is provided, application: undefined, client name: snowflake-sdk, client version: 2.2.0, retry timeout: 300, private key path: undefined, private key pass is not provided, client store temporary credential: false, browser response timeout: 120000"}
{"level":"INFO","message":"[1:49:05.509 PM]: Connection[id: 429dd568-05f3-48ed-a6da-476af2ff48cd] - connection object created successfully."}
{"level":"INFO","message":"[1:49:05.509 PM]: Connection[id: 429dd568-05f3-48ed-a6da-476af2ff48cd] - connecting. Associated Snowflake domain: GLOBAL"}
{"level":"INFO","message":"[1:49:05.510 PM]: Connection[id: 429dd568-05f3-48ed-a6da-476af2ff48cd] - authentication successful using: SNOWFLAKEJWT"}
{"level":"INFO","message":"[1:49:05.515 PM]: Connection[id: 429dd568-05f3-48ed-a6da-476af2ff48cd] - connected successfully after 5.9222999999983585 milliseconds"}
{"level":"INFO","message":"[1:49:36.541 PM]: Creating new connection object"}
{"level":"WARN","message":"[1:49:36.542 PM]: No authenticator found for 'SNOWFLAKEJWT'. Using default authenticator as a fallback"}
{"level":"INFO","message":"[1:49:36.544 PM]: Creating Connection[id: a059b52c-892e-4d10-966d-2bea68f71fc3] with host: iqviaidporg-pandpreporting.snowflakecomputing.com, account: iqviaidporg-pandpreporting, accessUrl: https://iqviaidporg-pandpreporting.snowflakecomputing.com, user: maasreaduser, role: undefined, database: PNPREPORTINGLIB, schema: PNPREPORTING_DATAMART, warehouse: PNPLIBRARIES, proxy was not configured, password is not provided, region: undefined, authenticator: SNOWFLAKEJWT, ocsp mode: FAIL_OPEN, os: win32, os version: 10.0"}
{"level":"INFO","message":"[1:49:36.544 PM]: Connection[id: a059b52c-892e-4d10-966d-2bea68f71fc3] additional details: passcode in password is provided, passcode is not provided, private key is provided, application: undefined, client name: snowflake-sdk, client version: 2.2.0, retry timeout: 300, private key path: undefined, private key pass is not provided, client store temporary credential: false, browser response timeout: 120000"}
{"level":"INFO","message":"[1:49:36.545 PM]: Connection[id: a059b52c-892e-4d10-966d-2bea68f71fc3] - connection object created successfully."}
{"level":"INFO","message":"[1:49:36.545 PM]: Connection[id: a059b52c-892e-4d10-966d-2bea68f71fc3] - connecting. Associated Snowflake domain: GLOBAL"}
{"level":"INFO","message":"[1:49:36.546 PM]: Connection[id: a059b52c-892e-4d10-966d-2bea68f71fc3] - authentication successful using: SNOWFLAKEJWT"}
{"level":"INFO","message":"[1:49:36.548 PM]: Connection[id: a059b52c-892e-4d10-966d-2bea68f71fc3] - connected successfully after 2.4588000000076136 milliseconds"}
{"level":"INFO","message":"[1:52:25.003 PM]: Creating new connection object"}
{"level":"WARN","message":"[1:52:25.020 PM]: No authenticator found for 'SNOWFLAKEJWT'. Using default authenticator as a fallback"}
{"level":"INFO","message":"[1:52:25.023 PM]: Creating Connection[id: 8eb34f33-b20e-4335-96ee-b692dac0ab03] with host: iqviaidporg-pandpreporting.snowflakecomputing.com, account: iqviaidporg-pandpreporting, accessUrl: https://iqviaidporg-pandpreporting.snowflakecomputing.com, user: maasreaduser, role: undefined, database: PNPREPORTING_LIB, schema: PNPREPORTING_DATAMART, warehouse: PNPLIBRARIES, proxy was not configured, password is not provided, region: undefined, authenticator: SNOWFLAKEJWT, ocsp mode: FAIL_OPEN, os: win32, os version: 10."}
{"level":"INFO","message":"[1:52:25.024 PM]: Connection[id: 8eb34f33-b20e-4335-96ee-b692dac0ab03] additional details: passcode in password is provided, passcode is not provided, private key is provided, application: undefined, client name: snowflake-sdk, client version: 2.2.0, retry timeout: 300, private key path: undefined, private key pass is not provided, client store temporary credential: false, browser response timeout: 120000"}
{"level":"INFO","message":"[1:52:25.024 PM]: Connection[id: 8eb34f33-b20e-4335-96ee-b692dac0ab03] - connection object created successfully."}
{"level":"INFO","message":"[1:52:25.025 PM]: Connection[id: 8eb34f33-b20e-4335-96ee-b692dac0ab03] - connecting. Associated Snowflake domain: GLOBAL"}
{"level":"INFO","message":"[1:52:25.026 PM]: Connection[id: 8eb34f33-b20e-4335-96ee-b692dac0ab03] - authentication successful using: SNOWFLAKEJWT"}
{"level":"INFO","message":"[1:52:25.027 PM]: Trying to initialize Easy Logging"}
{"level":"INFO","message":"[1:52:25.029 PM]: No client config detected."}
{"level":"INFO","message":"[1:52:25.030 PM]: No config file path found. Client config will not be used."}
{"level":"INFO","message":"[1:52:25.030 PM]: Easy Logging is disabled as no config has been found"}
{"level":"INFO","message":"[1:52:25.035 PM]: Connection[id: 8eb34f33-b20e-4335-96ee-b692dac0ab03] - connected successfully after 9.508600000000115 milliseconds"}
{"level":"INFO","message":"[1:53:58.629 PM]: Creating new connection object"}
{"level":"WARN","message":"[1:53:58.662 PM]: No authenticator found for 'SNOWFLAKEJWT'. Using default authenticator as a fallback"}
{"level":"INFO","message":"[1:53:58.667 PM]: Creating Connection[id: 782e0a01-8ed9-4ce4-aa5b-774df32fb1c3] with host: iqviaidporg-pandpreporting.snowflakecomputing.com, account: iqviaidporg-pandpreporting, accessUrl: https://iqviaidporg-pandpreporting.snowflakecomputing.com, user: maasreaduser, role: undefined, database: PNPREPORTING_LIB, schema: PNPREPORTING_DATAMART, warehouse: PNPLIBRARIES, proxy was not configured, password is not provided, region: undefined, authenticator: SNOWFLAKEJWT, ocsp mode: FAIL_OPEN, os: win32, os version: 10."}
{"level":"INFO","message":"[1:53:58.668 PM]: Connection[id: 782e0a01-8ed9-4ce4-aa5b-774df32fb1c3] additional details: passcode in password is provided, passcode is not provided, private key is provided, application: undefined, client name: snowflake-sdk, client version: 2.2.0, retry timeout: 300, private key path: undefined, private key pass is not provided, client store temporary credential: false, browser response timeout: 120000"}
{"level":"INFO","message":"[1:53:58.669 PM]: Connection[id: 782e0a01-8ed9-4ce4-aa5b-774df32fb1c3] - connection object created successfully."}
{"level":"INFO","message":"[1:53:58.670 PM]: Connection[id: 782e0a01-8ed9-4ce4-aa5b-774df32fb1c3] - connecting. Associated Snowflake domain: GLOBAL"}
{"level":"INFO","message":"[1:53:58.673 PM]: Connection[id: 782e0a01-8ed9-4ce4-aa5b-774df32fb1c3] - authentication successful using: SNOWFLAKEJWT"}
{"level":"INFO","message":"[1:53:58.675 PM]: Trying to initialize Easy Logging"}
{"level":"INFO","message":"[1:53:58.678 PM]: No client config detected."}
{"level":"INFO","message":"[1:53:58.679 PM]: No config file path found. Client config will not be used."}
{"level":"INFO","message":"[1:53:58.680 PM]: Easy Logging is disabled as no config has been found"}
{"level":"INFO","message":"[1:53:58.685 PM]: Connection[id: 782e0a01-8ed9-4ce4-aa5b-774df32fb1c3] - connected successfully after 15.114199999999983 milliseconds"}
{"level":"INFO","message":"[1:54:45.506 PM]: Creating new connection object"}
{"level":"WARN","message":"[1:54:45.532 PM]: No authenticator found for 'SNOWFLAKEJWT'. Using default authenticator as a fallback"}
{"level":"INFO","message":"[1:54:45.535 PM]: Creating Connection[id: c733b1f6-b5a5-419c-b6a5-0219219caf51] with host: iqviaidporg-pandpreporting.snowflakecomputing.com, account: iqviaidporg-pandpreporting, accessUrl: https://iqviaidporg-pandpreporting.snowflakecomputing.com, user: maasreaduser, role: undefined, database: PNPREPORTING_LIB, schema: PNPREPORTING_DATAMART, warehouse: PNPLIBRARIES, proxy was not configured, password is not provided, region: undefined, authenticator: SNOWFLAKEJWT, ocsp mode: FAIL_OPEN, os: win32, os version: 10."}
{"level":"INFO","message":"[1:54:45.536 PM]: Connection[id: c733b1f6-b5a5-419c-b6a5-0219219caf51] additional details: passcode in password is provided, passcode is not provided, private key is provided, application: undefined, client name: snowflake-sdk, client version: 2.2.0, retry timeout: 300, private key path: undefined, private key pass is not provided, client store temporary credential: false, browser response timeout: 120000"}
{"level":"INFO","message":"[1:54:45.536 PM]: Connection[id: c733b1f6-b5a5-419c-b6a5-0219219caf51] - connection object created successfully."}
{"level":"INFO","message":"[1:54:45.537 PM]: Connection[id: c733b1f6-b5a5-419c-b6a5-0219219caf51] - connecting. Associated Snowflake domain: GLOBAL"}
{"level":"INFO","message":"[1:54:45.538 PM]: Connection[id: c733b1f6-b5a5-419c-b6a5-0219219caf51] - authentication successful using: SNOWFLAKEJWT"}
{"level":"INFO","message":"[1:54:45.539 PM]: Trying to initialize Easy Logging"}
{"level":"INFO","message":"[1:54:45.541 PM]: No client config detected."}
{"level":"INFO","message":"[1:54:45.542 PM]: No config file path found. Client config will not be used."}
{"level":"INFO","message":"[1:54:45.543 PM]: Easy Logging is disabled as no config has been found"}
{"level":"INFO","message":"[1:54:45.547 PM]: Connection[id: c733b1f6-b5a5-419c-b6a5-0219219caf51] - connected successfully after 9.981499999999869 milliseconds"}
{"level":"INFO","message":"[1:54:53.944 PM]: Creating new connection object"}
{"level":"WARN","message":"[1:54:53.945 PM]: No authenticator found for 'SNOWFLAKEJWT'. Using default authenticator as a fallback"}
{"level":"INFO","message":"[1:54:53.946 PM]: Creating Connection[id: ee878d80-b99d-46f0-a11f-62cf41f01cce] with host: iqviaidporg-pandpreporting.snowflakecomputing.com, account: iqviaidporg-pandpreporting, accessUrl: https://iqviaidporg-pandpreporting.snowflakecomputing.com, user: maasreaduser, role: undefined, database: PNPREPORTING_LIB, schema: PNPREPORTING_DATAMART, warehouse: PNPLIBRARIES, proxy was not configured, password is not provided, region: undefined, authenticator: SNOWFLAKEJWT, ocsp mode: FAIL_OPEN, os: win32, os version: 10."}
{"level":"INFO","message":"[1:54:53.946 PM]: Connection[id: ee878d80-b99d-46f0-a11f-62cf41f01cce] additional details: passcode in password is provided, passcode is not provided, private key is provided, application: undefined, client name: snowflake-sdk, client version: 2.2.0, retry timeout: 300, private key path: undefined, private key pass is not provided, client store temporary credential: false, browser response timeout: 120000"}
{"level":"INFO","message":"[1:54:53.947 PM]: Connection[id: ee878d80-b99d-46f0-a11f-62cf41f01cce] - connection object created successfully."}
{"level":"INFO","message":"[1:54:53.947 PM]: Connection[id: ee878d80-b99d-46f0-a11f-62cf41f01cce] - connecting. Associated Snowflake domain: GLOBAL"}
{"level":"INFO","message":"[1:54:53.948 PM]: Connection[id: ee878d80-b99d-46f0-a11f-62cf41f01cce] - authentication successful using: SNOWFLAKEJWT"}
{"level":"INFO","message":"[1:54:53.950 PM]: Connection[id: ee878d80-b99d-46f0-a11f-62cf41f01cce] - connected successfully after 2.671199999998862 milliseconds"}
{"level":"INFO","message":"[1:55:22.118 PM]: Creating new connection object"}
{"level":"INFO","message":"[1:55:22.139 PM]: Creating Connection[id: acc8694e-683d-4a70-9763-b4a1261f21bf] with host: iqviaidporg-pandpreporting.snowflakecomputing.com, account: iqviaidporg-pandpreporting, accessUrl: https://iqviaidporg-pandpreporting.snowflakecomputing.com, user: maasreaduser, role: undefined, database: PNPREPORTING_LIB, schema: PNPREPORTING_DATAMART, warehouse: PNPLIBRARIES, proxy was not configured, password is not provided, region: undefined, authenticator: SNOWFLAKE_JWT, ocsp mode: FAIL_OPEN, os: win32, os version: 10"}
{"level":"INFO","message":"[1:55:22.140 PM]: Connection[id: acc8694e-683d-4a70-9763-b4a1261f21bf] additional details: passcode in password is provided, passcode is not provided, private key is provided, application: undefined, client name: snowflake-sdk, client version: 2.2.0, retry timeout: 300, private key path: undefined, private key pass is not provided, client store temporary credential: false, browser response timeout: 120000"}
{"level":"INFO","message":"[1:55:22.141 PM]: Connection[id: acc8694e-683d-4a70-9763-b4a1261f21bf] - connection object created successfully."}
{"level":"INFO","message":"[1:55:22.142 PM]: Connection[id: acc8694e-683d-4a70-9763-b4a1261f21bf] - connecting. Associated Snowflake domain: GLOBAL"}
{"level":"INFO","message":"[1:55:22.150 PM]: Connection[id: acc8694e-683d-4a70-9763-b4a1261f21bf] - authentication successful using: SNOWFLAKE_JWT"}
{"level":"INFO","message":"[1:55:22.151 PM]: Trying to initialize Easy Logging"}
{"level":"INFO","message":"[1:55:22.153 PM]: No client config detected."}
{"level":"INFO","message":"[1:55:22.154 PM]: No config file path found. Client config will not be used."}
{"level":"INFO","message":"[1:55:22.154 PM]: Easy Logging is disabled as no config has been found"}
{"level":"INFO","message":"[1:55:22.158 PM]: Connection[id: acc8694e-683d-4a70-9763-b4a1261f21bf] - connected successfully after 16.476799999999457 milliseconds"}
{"level":"INFO","message":"[2:51:13.554 PM]: Creating new connection object"}
{"level":"WARN","message":"[2:51:13.572 PM]: No authenticator found for 'SNOWFLAKEJWT'. Using default authenticator as a fallback"}
{"level":"INFO","message":"[2:51:13.579 PM]: Creating Connection[id: da8c4b85-ff40-40c8-8bc6-e21258dd10e2] with host: iqviaidporg-pandpreporting.snowflakecomputing.com, account: iqviaidporg-pandpreporting, accessUrl: https://iqviaidporg-pandpreporting.snowflakecomputing.com, user: maasreaduser, role: undefined, database: PNPREPORTING_LIB, schema: PNPREPORTING_DATAMART, warehouse: PNPLIBRARIES, proxy was not configured, password is not provided, region: undefined, authenticator: SNOWFLAKEJWT, ocsp mode: FAIL_OPEN, os: win32, os version: 10."}
{"level":"INFO","message":"[2:51:13.580 PM]: Connection[id: da8c4b85-ff40-40c8-8bc6-e21258dd10e2] additional details: passcode in password is provided, passcode is not provided, private key is provided, application: undefined, client name: snowflake-sdk, client version: 2.2.0, retry timeout: 300, private key path: undefined, private key pass is not provided, client store temporary credential: false, browser response timeout: 120000"}
{"level":"INFO","message":"[2:51:13.581 PM]: Connection[id: da8c4b85-ff40-40c8-8bc6-e21258dd10e2] - connection object created successfully."}
{"level":"INFO","message":"[2:51:13.582 PM]: Connection[id: da8c4b85-ff40-40c8-8bc6-e21258dd10e2] - connecting. Associated Snowflake domain: GLOBAL"}
{"level":"INFO","message":"[2:51:13.582 PM]: Connection[id: da8c4b85-ff40-40c8-8bc6-e21258dd10e2] - authentication successful using: SNOWFLAKEJWT"}
{"level":"INFO","message":"[2:51:13.595 PM]: Connection[id: da8c4b85-ff40-40c8-8bc6-e21258dd10e2] - connected successfully after 13.199099999852479 milliseconds"}
{"level":"INFO","message":"[2:51:42.615 PM]: Creating new connection object"}
{"level":"WARN","message":"[2:51:42.617 PM]: No authenticator found for 'SNOWFLAKEJWT'. Using default authenticator as a fallback"}
{"level":"INFO","message":"[2:51:42.618 PM]: Creating Connection[id: d4df560c-9186-441d-ace9-6349bfe694b2] with host: iqviaidporg-pandpreporting.snowflakecomputing.com, account: iqviaidporg-pandpreporting, accessUrl: https://iqviaidporg-pandpreporting.snowflakecomputing.com, user: maasreaduser, role: undefined, database: PNPREPORTING_LIB, schema: PNPREPORTING_DATAMART, warehouse: PNPLIBRARIES, proxy was not configured, password is not provided, region: undefined, authenticator: SNOWFLAKEJWT, ocsp mode: FAIL_OPEN, os: win32, os version: 10."}
{"level":"INFO","message":"[2:51:42.619 PM]: Connection[id: d4df560c-9186-441d-ace9-6349bfe694b2] additional details: passcode in password is provided, passcode is not provided, private key is provided, application: undefined, client name: snowflake-sdk, client version: 2.2.0, retry timeout: 300, private key path: undefined, private key pass is not provided, client store temporary credential: false, browser response timeout: 120000"}
{"level":"INFO","message":"[2:51:42.620 PM]: Connection[id: d4df560c-9186-441d-ace9-6349bfe694b2] - connection object created successfully."}
{"level":"INFO","message":"[2:51:42.621 PM]: Connection[id: d4df560c-9186-441d-ace9-6349bfe694b2] - connecting. Associated Snowflake domain: GLOBAL"}
{"level":"INFO","message":"[2:51:42.622 PM]: Connection[id: d4df560c-9186-441d-ace9-6349bfe694b2] - authentication successful using: SNOWFLAKEJWT"}
{"level":"INFO","message":"[2:51:42.626 PM]: Connection[id: d4df560c-9186-441d-ace9-6349bfe694b2] - connected successfully after 4.801699999719858 milliseconds"}
{"level":"INFO","message":"[2:51:46.514 PM]: Creating new connection object"}
{"level":"WARN","message":"[2:51:46.515 PM]: No authenticator found for 'SNOWFLAKEJWT'. Using default authenticator as a fallback"}
{"level":"INFO","message":"[2:51:46.516 PM]: Creating Connection[id: 127645e3-12dc-4fc4-b721-006488a7ae3e] with host: iqviaidporg-pandpreporting.snowflakecomputing.com, account: iqviaidporg-pandpreporting, accessUrl: https://iqviaidporg-pandpreporting.snowflakecomputing.com, user: maasreaduser, role: undefined, database: PNPREPORTING_LIB, schema: PNPREPORTING_DATAMART, warehouse: PNPLIBRARIES, proxy was not configured, password is not provided, region: undefined, authenticator: SNOWFLAKEJWT, ocsp mode: FAIL_OPEN, os: win32, os version: 10."}
{"level":"INFO","message":"[2:51:46.517 PM]: Connection[id: 127645e3-12dc-4fc4-b721-006488a7ae3e] additional details: passcode in password is provided, passcode is not provided, private key is provided, application: undefined, client name: snowflake-sdk, client version: 2.2.0, retry timeout: 300, private key path: undefined, private key pass is not provided, client store temporary credential: false, browser response timeout: 120000"}
{"level":"INFO","message":"[2:51:46.517 PM]: Connection[id: 127645e3-12dc-4fc4-b721-006488a7ae3e] - connection object created successfully."}
{"level":"INFO","message":"[2:51:46.518 PM]: Connection[id: 127645e3-12dc-4fc4-b721-006488a7ae3e] - connecting. Associated Snowflake domain: GLOBAL"}
{"level":"INFO","message":"[2:51:46.518 PM]: Connection[id: 127645e3-12dc-4fc4-b721-006488a7ae3e] - authentication successful using: SNOWFLAKEJWT"}
{"level":"INFO","message":"[2:51:46.520 PM]: Connection[id: 127645e3-12dc-4fc4-b721-006488a7ae3e] - connected successfully after 2.242999999783933 milliseconds"}
{"level":"INFO","message":"[2:52:20.757 PM]: Creating new connection object"}
{"level":"WARN","message":"[2:52:20.811 PM]: No authenticator found for 'SNOWFLAKEJWT'. Using default authenticator as a fallback"}
{"level":"INFO","message":"[2:52:20.816 PM]: Creating Connection[id: 8e9870f3-b486-4c38-a501-684497e33421] with host: iqviaidporg-pandpreporting.snowflakecomputing.com, account: iqviaidporg-pandpreporting, accessUrl: https://iqviaidporg-pandpreporting.snowflakecomputing.com, user: maasreaduser, role: undefined, database: PNPREPORTING_LIB, schema: PNPREPORTING_DATAMART, warehouse: PNPLIBRARIES, proxy was not configured, password is not provided, region: undefined, authenticator: SNOWFLAKEJWT, ocsp mode: FAIL_OPEN, os: win32, os version: 10."}
{"level":"INFO","message":"[2:52:20.817 PM]: Connection[id: 8e9870f3-b486-4c38-a501-684497e33421] additional details: passcode in password is provided, passcode is not provided, private key is provided, application: undefined, client name: snowflake-sdk, client version: 2.2.0, retry timeout: 300, private key path: undefined, private key pass is not provided, client store temporary credential: false, browser response timeout: 120000"}
{"level":"INFO","message":"[2:52:20.818 PM]: Connection[id: 8e9870f3-b486-4c38-a501-684497e33421] - connection object created successfully."}
{"level":"INFO","message":"[2:52:20.819 PM]: Connection[id: 8e9870f3-b486-4c38-a501-684497e33421] - connecting. Associated Snowflake domain: GLOBAL"}
{"level":"INFO","message":"[2:52:20.822 PM]: Connection[id: 8e9870f3-b486-4c38-a501-684497e33421] - authentication successful using: SNOWFLAKEJWT"}
{"level":"INFO","message":"[2:52:20.823 PM]: Trying to initialize Easy Logging"}
{"level":"INFO","message":"[2:52:20.828 PM]: No client config detected."}
{"level":"INFO","message":"[2:52:20.829 PM]: No config file path found. Client config will not be used."}
{"level":"INFO","message":"[2:52:20.831 PM]: Easy Logging is disabled as no config has been found"}
{"level":"INFO","message":"[2:52:20.838 PM]: Connection[id: 8e9870f3-b486-4c38-a501-684497e33421] - connected successfully after 18.74409999999989 milliseconds"}
{"level":"INFO","message":"[2:53:43.888 PM]: Creating new connection object"}
{"level":"INFO","message":"[2:53:43.889 PM]: Creating Connection[id: 5f511322-87c4-4777-a92a-ca666acc3d43] with host: iqviaidporg-pandpreporting.snowflakecomputing.com, account: iqviaidporg-pandpreporting, accessUrl: https://iqviaidporg-pandpreporting.snowflakecomputing.com, user: maasreaduser, role: undefined, database: PNPREPORTING_LIB, schema: PNPREPORTING_DATAMART, warehouse: PNPLIBRARIES, proxy was not configured, password is not provided, region: undefined, authenticator: SNOWFLAKE_JWT, ocsp mode: FAIL_OPEN, os: win32, os version: 10"}
{"level":"INFO","message":"[2:53:43.917 PM]: Connection[id: 5f511322-87c4-4777-a92a-ca666acc3d43] additional details: passcode in password is provided, passcode is not provided, private key is provided, application: undefined, client name: snowflake-sdk, client version: 2.2.0, retry timeout: 300, private key path: undefined, private key pass is not provided, client store temporary credential: false, browser response timeout: 120000"}
{"level":"INFO","message":"[2:53:43.918 PM]: Connection[id: 5f511322-87c4-4777-a92a-ca666acc3d43] - connection object created successfully."}
{"level":"INFO","message":"[2:53:43.919 PM]: Connection[id: 5f511322-87c4-4777-a92a-ca666acc3d43] - connecting. Associated Snowflake domain: GLOBAL"}
{"level":"INFO","message":"[2:53:43.927 PM]: Connection[id: 5f511322-87c4-4777-a92a-ca666acc3d43] - authentication successful using: SNOWFLAKE_JWT"}
{"level":"INFO","message":"[2:53:43.929 PM]: Connection[id: 5f511322-87c4-4777-a92a-ca666acc3d43] - connected successfully after 10.363400000002002 milliseconds"}
{"level":"INFO","message":"[3:04:35.129 PM]: Creating new connection object"}
{"level":"INFO","message":"[3:04:35.198 PM]: Creating Connection[id: 770557d7-d0fe-4da9-a406-239f2104fe34] with host: iqviaidporg-pandpreporting.snowflakecomputing.com, account: iqviaidporg-pandpreporting, accessUrl: https://iqviaidporg-pandpreporting.snowflakecomputing.com, user: maasreaduser, role: undefined, database: PNPREPORTING_LIB, schema: PNPREPORTING_DATAMART, warehouse: PNPLIBRARIES, proxy was not configured, password is not provided, region: undefined, authenticator: SNOWFLAKE_JWT, ocsp mode: FAIL_OPEN, os: win32, os version: 10"}
{"level":"INFO","message":"[3:04:35.200 PM]: Connection[id: 770557d7-d0fe-4da9-a406-239f2104fe34] additional details: passcode in password is provided, passcode is not provided, private key is provided, application: undefined, client name: snowflake-sdk, client version: 2.2.0, retry timeout: 300, private key path: undefined, private key pass is not provided, client store temporary credential: false, browser response timeout: 120000"}
{"level":"INFO","message":"[3:04:35.203 PM]: Connection[id: 770557d7-d0fe-4da9-a406-239f2104fe34] - connection object created successfully."}
{"level":"INFO","message":"[3:04:35.204 PM]: Connection[id: 770557d7-d0fe-4da9-a406-239f2104fe34] - connecting. Associated Snowflake domain: GLOBAL"}
{"level":"INFO","message":"[3:04:35.215 PM]: Connection[id: 770557d7-d0fe-4da9-a406-239f2104fe34] - authentication successful using: SNOWFLAKE_JWT"}
{"level":"INFO","message":"[3:04:35.217 PM]: Trying to initialize Easy Logging"}
{"level":"INFO","message":"[3:04:35.222 PM]: No client config detected."}
{"level":"INFO","message":"[3:04:35.223 PM]: No config file path found. Client config will not be used."}
{"level":"INFO","message":"[3:04:35.224 PM]: Easy Logging is disabled as no config has been found"}
{"level":"INFO","message":"[3:04:35.234 PM]: Connection[id: 770557d7-d0fe-4da9-a406-239f2104fe34] - connected successfully after 29.58350000000064 milliseconds"}
{"level":"INFO","message":"[3:05:20.467 PM]: Creating new connection object"}
{"level":"INFO","message":"[3:05:20.495 PM]: Creating Connection[id: 5f99b16e-1d32-4805-a122-7e96c8c77aee] with host: iqviaidporg-pandpreporting.snowflakecomputing.com, account: iqviaidporg-pandpreporting, accessUrl: https://iqviaidporg-pandpreporting.snowflakecomputing.com, user: maasreaduser, role: undefined, database: PNPREPORTINGLIB, schema: PNPREPORTING_DATAMART, warehouse: PNPLIBRARIES, proxy was not configured, password is not provided, region: undefined, authenticator: SNOWFLAKE_JWT, ocsp mode: FAIL_OPEN, os: win32, os version: 10."}
{"level":"INFO","message":"[3:05:20.496 PM]: Connection[id: 5f99b16e-1d32-4805-a122-7e96c8c77aee] additional details: passcode in password is provided, passcode is not provided, private key is provided, application: undefined, client name: snowflake-sdk, client version: 2.2.0, retry timeout: 300, private key path: undefined, private key pass is not provided, client store temporary credential: false, browser response timeout: 120000"}
{"level":"INFO","message":"[3:05:20.499 PM]: Connection[id: 5f99b16e-1d32-4805-a122-7e96c8c77aee] - connection object created successfully."}
{"level":"INFO","message":"[3:05:20.500 PM]: Connection[id: 5f99b16e-1d32-4805-a122-7e96c8c77aee] - connecting. Associated Snowflake domain: GLOBAL"}
{"level":"INFO","message":"[3:05:20.510 PM]: Connection[id: 5f99b16e-1d32-4805-a122-7e96c8c77aee] - authentication successful using: SNOWFLAKE_JWT"}
{"level":"INFO","message":"[3:05:20.513 PM]: Connection[id: 5f99b16e-1d32-4805-a122-7e96c8c77aee] - connected successfully after 13.044400000013411 milliseconds"}
{"level":"INFO","message":"[3:24:51.257 PM]: Creating new connection object"}
{"level":"INFO","message":"[3:24:51.269 PM]: Creating Connection[id: 6cd53b02-0e15-4a6f-af3c-3ccf0ac46f8b] with host: iqviaidporg-pandpreporting.snowflakecomputing.com, account: iqviaidporg-pandpreporting, accessUrl: https://iqviaidporg-pandpreporting.snowflakecomputing.com, user: maasreaduser, role: undefined, database: PNPREPORTING_LIB, schema: PNPREPORTING_DATAMART, warehouse: PNPLIBRARIES, proxy was not configured, password is not provided, region: undefined, authenticator: SNOWFLAKE_JWT, ocsp mode: FAIL_OPEN, os: win32, os version: 10"}
{"level":"INFO","message":"[3:24:51.271 PM]: Connection[id: 6cd53b02-0e15-4a6f-af3c-3ccf0ac46f8b] additional details: passcode in password is provided, passcode is not provided, private key is provided, application: undefined, client name: snowflake-sdk, client version: 2.2.0, retry timeout: 300, private key path: undefined, private key pass is not provided, client store temporary credential: false, browser response timeout: 120000"}
{"level":"INFO","message":"[3:24:51.272 PM]: Connection[id: 6cd53b02-0e15-4a6f-af3c-3ccf0ac46f8b] - connection object created successfully."}
{"level":"INFO","message":"[3:24:51.273 PM]: Connection[id: 6cd53b02-0e15-4a6f-af3c-3ccf0ac46f8b] - connecting. Associated Snowflake domain: GLOBAL"}
{"level":"INFO","message":"[3:24:51.283 PM]: Connection[id: 6cd53b02-0e15-4a6f-af3c-3ccf0ac46f8b] - authentication successful using: SNOWFLAKE_JWT"}
{"level":"INFO","message":"[3:24:51.290 PM]: Connection[id: 6cd53b02-0e15-4a6f-af3c-3ccf0ac46f8b] - connected successfully after 17.373699999880046 milliseconds"}
{"level":"INFO","message":"[3:25:37.567 PM]: Creating new connection object"}
{"level":"INFO","message":"[3:25:37.569 PM]: Creating Connection[id: 9cb9cf33-7740-4e7f-abd9-295908ed6112] with host: iqviaidporg-pandpreporting.snowflakecomputing.com, account: iqviaidporg-pandpreporting, accessUrl: https://iqviaidporg-pandpreporting.snowflakecomputing.com, user: maasreaduser, role: undefined, database: PNPREPORTINGLIB, schema: PNPREPORTING_DATAMART, warehouse: PNPLIBRARIES, proxy was not configured, password is not provided, region: undefined, authenticator: SNOWFLAKE_JWT, ocsp mode: FAIL_OPEN, os: win32, os version: 10."}
{"level":"INFO","message":"[3:25:37.596 PM]: Connection[id: 9cb9cf33-7740-4e7f-abd9-295908ed6112] additional details: passcode in password is provided, passcode is not provided, private key is provided, application: undefined, client name: snowflake-sdk, client version: 2.2.0, retry timeout: 300, private key path: undefined, private key pass is not provided, client store temporary credential: false, browser response timeout: 120000"}
{"level":"INFO","message":"[3:25:37.597 PM]: Connection[id: 9cb9cf33-7740-4e7f-abd9-295908ed6112] - connection object created successfully."}
{"level":"INFO","message":"[3:25:37.597 PM]: Connection[id: 9cb9cf33-7740-4e7f-abd9-295908ed6112] - connecting. Associated Snowflake domain: GLOBAL"}
{"level":"INFO","message":"[3:25:37.602 PM]: Connection[id: 9cb9cf33-7740-4e7f-abd9-295908ed6112] - authentication successful using: SNOWFLAKE_JWT"}
{"level":"INFO","message":"[3:25:37.604 PM]: Connection[id: 9cb9cf33-7740-4e7f-abd9-295908ed6112] - connected successfully after 7.293099999893457 milliseconds"}
{"level":"INFO","message":"[3:26:45.529 PM]: Creating new connection object"}
{"level":"INFO","message":"[3:26:45.531 PM]: Creating Connection[id: 3e93de09-472d-4420-bc9e-452c3d244219] with host: iqviaidporg-pandpreporting.snowflakecomputing.com, account: iqviaidporg-pandpreporting, accessUrl: https://iqviaidporg-pandpreporting.snowflakecomputing.com, user: maasreaduser, role: undefined, database: PNPREPORTINGLIB, schema: PNPREPORTING_DATAMART, warehouse: PNPLIBRARIES, proxy was not configured, password is not provided, region: undefined, authenticator: SNOWFLAKE_JWT, ocsp mode: FAIL_OPEN, os: win32, os version: 10."}
{"level":"INFO","message":"[3:26:45.531 PM]: Connection[id: 3e93de09-472d-4420-bc9e-452c3d244219] additional details: passcode in password is provided, passcode is not provided, private key is provided, application: undefined, client name: snowflake-sdk, client version: 2.2.0, retry timeout: 300, private key path: undefined, private key pass is not provided, client store temporary credential: false, browser response timeout: 120000"}
{"level":"INFO","message":"[3:26:45.532 PM]: Connection[id: 3e93de09-472d-4420-bc9e-452c3d244219] - connection object created successfully."}
{"level":"INFO","message":"[3:26:45.533 PM]: Connection[id: 3e93de09-472d-4420-bc9e-452c3d244219] - connecting. Associated Snowflake domain: GLOBAL"}
{"level":"INFO","message":"[3:26:45.539 PM]: Connection[id: 3e93de09-472d-4420-bc9e-452c3d244219] - authentication successful using: SNOWFLAKE_JWT"}
{"level":"INFO","message":"[3:26:45.542 PM]: Connection[id: 3e93de09-472d-4420-bc9e-452c3d244219] - connected successfully after 8.673000000184402 milliseconds"}
{"level":"INFO","message":"[3:38:28.867 PM]: Creating new connection object"}
{"level":"INFO","message":"[3:38:28.870 PM]: Creating Connection[id: 673fd31e-9e17-4fc2-bbdf-69c23f273a23] with host: iqviaidporg-pandpreporting.snowflakecomputing.com, account: iqviaidporg-pandpreporting, accessUrl: https://iqviaidporg-pandpreporting.snowflakecomputing.com, user: maasreaduser, role: undefined, database: PNPREPORTING_LIB, schema: PNPREPORTING_DATAMART, warehouse: PNPLIBRARIES, proxy was not configured, password is not provided, region: undefined, authenticator: SNOWFLAKE_JWT, ocsp mode: FAIL_OPEN, os: win32, os version: 10"}
{"level":"INFO","message":"[3:38:28.871 PM]: Connection[id: 673fd31e-9e17-4fc2-bbdf-69c23f273a23] additional details: passcode in password is provided, passcode is not provided, private key is provided, application: undefined, client name: snowflake-sdk, client version: 2.2.0, retry timeout: 300, private key path: undefined, private key pass is not provided, client store temporary credential: false, browser response timeout: 120000"}
{"level":"INFO","message":"[3:38:28.872 PM]: Connection[id: 673fd31e-9e17-4fc2-bbdf-69c23f273a23] - connection object created successfully."}
{"level":"INFO","message":"[3:38:28.873 PM]: Connection[id: 673fd31e-9e17-4fc2-bbdf-69c23f273a23] - connecting. Associated Snowflake domain: GLOBAL"}
{"level":"INFO","message":"[3:38:28.880 PM]: Connection[id: 673fd31e-9e17-4fc2-bbdf-69c23f273a23] - authentication successful using: SNOWFLAKE_JWT"}
{"level":"INFO","message":"[3:38:28.884 PM]: Connection[id: 673fd31e-9e17-4fc2-bbdf-69c23f273a23] - connected successfully after 10.69509999989532 milliseconds"}
{"level":"INFO","message":"[3:38:44.828 PM]: Creating new connection object"}
{"level":"INFO","message":"[3:38:44.831 PM]: Creating Connection[id: 6a030678-7327-41f9-8ddd-b6a05bea46be] with host: iqviaidporg-pandpreporting.snowflakecomputing.com, account: iqviaidporg-pandpreporting, accessUrl: https://iqviaidporg-pandpreporting.snowflakecomputing.com, user: maasreaduser, role: undefined, database: PNPREPORTING_LIB, schema: PNPREPORTING_DATAMART, warehouse: PNPLIBRARIES, proxy was not configured, password is not provided, region: undefined, authenticator: SNOWFLAKE_JWT, ocsp mode: FAIL_OPEN, os: win32, os version: 10"}
{"level":"INFO","message":"[3:38:44.832 PM]: Connection[id: 6a030678-7327-41f9-8ddd-b6a05bea46be] additional details: passcode in password is provided, passcode is not provided, private key is provided, application: undefined, client name: snowflake-sdk, client version: 2.2.0, retry timeout: 300, private key path: undefined, private key pass is not provided, client store temporary credential: false, browser response timeout: 120000"}
{"level":"INFO","message":"[3:38:44.833 PM]: Connection[id: 6a030678-7327-41f9-8ddd-b6a05bea46be] - connection object created successfully."}
{"level":"INFO","message":"[3:38:44.833 PM]: Connection[id: 6a030678-7327-41f9-8ddd-b6a05bea46be] - connecting. Associated Snowflake domain: GLOBAL"}
{"level":"INFO","message":"[3:38:44.839 PM]: Connection[id: 6a030678-7327-41f9-8ddd-b6a05bea46be] - authentication successful using: SNOWFLAKE_JWT"}
{"level":"INFO","message":"[3:38:44.842 PM]: Connection[id: 6a030678-7327-41f9-8ddd-b6a05bea46be] - connected successfully after 8.186600000131875 milliseconds"}
{"level":"INFO","message":"[3:38:59.981 PM]: Creating new connection object"}
{"level":"INFO","message":"[3:38:59.982 PM]: Creating Connection[id: 59b0257b-ff17-4b58-978a-4648710076ff] with host: iqviaidporg-pandpreporting.snowflakecomputing.com, account: iqviaidporg-pandpreporting, accessUrl: https://iqviaidporg-pandpreporting.snowflakecomputing.com, user: maasreaduser, role: undefined, database: PNPREPORTING_LIB, schema: PNPREPORTING_DATAMART, warehouse: PNPLIBRARIES, proxy was not configured, password is not provided, region: undefined, authenticator: SNOWFLAKE_JWT, ocsp mode: FAIL_OPEN, os: win32, os version: 10"}
{"level":"INFO","message":"[3:38:59.983 PM]: Connection[id: 59b0257b-ff17-4b58-978a-4648710076ff] additional details: passcode in password is provided, passcode is not provided, private key is provided, application: undefined, client name: snowflake-sdk, client version: 2.2.0, retry timeout: 300, private key path: undefined, private key pass is not provided, client store temporary credential: false, browser response timeout: 120000"}
{"level":"INFO","message":"[3:38:59.984 PM]: Connection[id: 59b0257b-ff17-4b58-978a-4648710076ff] - connection object created successfully."}
{"level":"INFO","message":"[3:38:59.984 PM]: Connection[id: 59b0257b-ff17-4b58-978a-4648710076ff] - connecting. Associated Snowflake domain: GLOBAL"}
{"level":"INFO","message":"[3:38:59.990 PM]: Connection[id: 59b0257b-ff17-4b58-978a-4648710076ff] - authentication successful using: SNOWFLAKE_JWT"}
{"level":"INFO","message":"[3:38:59.992 PM]: Connection[id: 59b0257b-ff17-4b58-978a-4648710076ff] - connected successfully after 7.309299999848008 milliseconds"}
{"level":"INFO","message":"[3:40:03.900 PM]: Creating new connection object"}
{"level":"INFO","message":"[3:40:03.902 PM]: Creating Connection[id: dd2b079a-4606-42dc-88bb-b3b6cb1b3963] with host: iqviaidporg-pandpreporting.snowflakecomputing.com, account: iqviaidporg-pandpreporting, accessUrl: https://iqviaidporg-pandpreporting.snowflakecomputing.com, user: maasreaduser, role: undefined, database: PNPREPORTING_LIB, schema: PNPREPORTING_DATAMART, warehouse: PNPLIBRARIES, proxy was not configured, password is not provided, region: undefined, authenticator: SNOWFLAKE_JWT, ocsp mode: FAIL_OPEN, os: win32, os version: 10"}
{"level":"INFO","message":"[3:40:03.902 PM]: Connection[id: dd2b079a-4606-42dc-88bb-b3b6cb1b3963] additional details: passcode in password is provided, passcode is not provided, private key is provided, application: undefined, client name: snowflake-sdk, client version: 2.2.0, retry timeout: 300, private key path: undefined, private key pass is not provided, client store temporary credential: false, browser response timeout: 120000"}
{"level":"INFO","message":"[3:40:03.903 PM]: Connection[id: dd2b079a-4606-42dc-88bb-b3b6cb1b3963] - connection object created successfully."}
{"level":"INFO","message":"[3:40:03.903 PM]: Connection[id: dd2b079a-4606-42dc-88bb-b3b6cb1b3963] - connecting. Associated Snowflake domain: GLOBAL"}
{"level":"INFO","message":"[3:40:03.910 PM]: Connection[id: dd2b079a-4606-42dc-88bb-b3b6cb1b3963] - authentication successful using: SNOWFLAKE_JWT"}
{"level":"INFO","message":"[3:40:03.912 PM]: Connection[id: dd2b079a-4606-42dc-88bb-b3b6cb1b3963] - connected successfully after 8.329599999822676 milliseconds"}
{"level":"INFO","message":"[3:52:41.178 PM]: Creating new connection object"}
{"level":"INFO","message":"[3:52:41.229 PM]: Creating Connection[id: 0757dd1e-e306-4a3b-af2c-8e79193fed60] with host: iqviaidporg-pandpreporting.snowflakecomputing.com, account: iqviaidporg-pandpreporting, accessUrl: https://iqviaidporg-pandpreporting.snowflakecomputing.com, user: maasreaduser, role: undefined, database: PNPREPORTING_LIB, schema: PNPREPORTING_DATAMART, warehouse: PNPLIBRARIES, proxy was not configured, password is not provided, region: undefined, authenticator: SNOWFLAKE_JWT, ocsp mode: FAIL_OPEN, os: win32, os version: 10"}
{"level":"INFO","message":"[3:52:41.231 PM]: Connection[id: 0757dd1e-e306-4a3b-af2c-8e79193fed60] additional details: passcode in password is provided, passcode is not provided, private key is provided, application: undefined, client name: snowflake-sdk, client version: 2.2.0, retry timeout: 300, private key path: undefined, private key pass is not provided, client store temporary credential: false, browser response timeout: 120000"}
{"level":"INFO","message":"[3:52:41.232 PM]: Connection[id: 0757dd1e-e306-4a3b-af2c-8e79193fed60] - connection object created successfully."}
{"level":"INFO","message":"[3:52:41.233 PM]: Connection[id: 0757dd1e-e306-4a3b-af2c-8e79193fed60] - connecting. Associated Snowflake domain: GLOBAL"}
{"level":"INFO","message":"[3:52:41.246 PM]: Connection[id: 0757dd1e-e306-4a3b-af2c-8e79193fed60] - authentication successful using: SNOWFLAKE_JWT"}
{"level":"INFO","message":"[3:52:41.247 PM]: Trying to initialize Easy Logging"}
{"level":"INFO","message":"[3:52:41.257 PM]: No client config detected."}
{"level":"INFO","message":"[3:52:41.258 PM]: No config file path found. Client config will not be used."}
{"level":"INFO","message":"[3:52:41.259 PM]: Easy Logging is disabled as no config has been found"}
{"level":"INFO","message":"[3:52:41.264 PM]: Connection[id: 0757dd1e-e306-4a3b-af2c-8e79193fed60] - connected successfully after 30.400300000000243 milliseconds"}
{"level":"INFO","message":"[4:47:45.475 PM]: Creating new connection object"}
{"level":"INFO","message":"[4:47:45.479 PM]: Creating Connection[id: 3a52d1a7-4f33-465b-b2e7-f703441e8db3] with host: iqviaidporg-pandpreporting.snowflakecomputing.com, account: iqviaidporg-pandpreporting, accessUrl: https://iqviaidporg-pandpreporting.snowflakecomputing.com, user: maasreaduser, role: undefined, database: PNPREPORTINGLIB, schema: PNPREPORTING_DATAMART, warehouse: PNPLIBRARIES, proxy was not configured, password is not provided, region: undefined, authenticator: SNOWFLAKE_JWT, ocsp mode: FAIL_OPEN, os: win32, os version: 10."}
{"level":"INFO","message":"[4:47:45.479 PM]: Connection[id: 3a52d1a7-4f33-465b-b2e7-f703441e8db3] additional details: passcode in password is provided, passcode is not provided, private key is provided, application: undefined, client name: snowflake-sdk, client version: 2.2.0, retry timeout: 300, private key path: undefined, private key pass is not provided, client store temporary credential: false, browser response timeout: 120000"}
{"level":"INFO","message":"[4:47:45.481 PM]: Connection[id: 3a52d1a7-4f33-465b-b2e7-f703441e8db3] - connection object created successfully."}
{"level":"INFO","message":"[4:47:45.481 PM]: Connection[id: 3a52d1a7-4f33-465b-b2e7-f703441e8db3] - connecting. Associated Snowflake domain: GLOBAL"}
{"level":"INFO","message":"[4:47:45.488 PM]: Connection[id: 3a52d1a7-4f33-465b-b2e7-f703441e8db3] - authentication successful using: SNOWFLAKE_JWT"}
{"level":"INFO","message":"[4:47:45.492 PM]: Connection[id: 3a52d1a7-4f33-465b-b2e7-f703441e8db3] - connected successfully after 10.333399999886751 milliseconds"}
{"level":"INFO","message":"[8:27:01.388 PM]: Creating new connection object"}
{"level":"INFO","message":"[8:27:01.403 PM]: Creating Connection[id: a8a306ba-ceab-431e-beee-c31b95b2344b] with host: iqviaidporg-pandpreporting.snowflakecomputing.com, account: iqviaidporg-pandpreporting, accessUrl: https://iqviaidporg-pandpreporting.snowflakecomputing.com, user: maasreaduser, role: undefined, database: PNPREPORTINGLIB, schema: PNPREPORTING_DATAMART, warehouse: PNPLIBRARIES, proxy was not configured, password is not provided, region: undefined, authenticator: SNOWFLAKE_JWT, ocsp mode: FAIL_OPEN, os: win32, os version: 10."}
{"level":"INFO","message":"[8:27:01.404 PM]: Connection[id: a8a306ba-ceab-431e-beee-c31b95b2344b] additional details: passcode in password is provided, passcode is not provided, private key is provided, application: undefined, client name: snowflake-sdk, client version: 2.2.0, retry timeout: 300, private key path: undefined, private key pass is not provided, client store temporary credential: false, browser response timeout: 120000"}
{"level":"INFO","message":"[8:27:01.405 PM]: Connection[id: a8a306ba-ceab-431e-beee-c31b95b2344b] - connection object created successfully."}
{"level":"INFO","message":"[8:27:01.406 PM]: Connection[id: a8a306ba-ceab-431e-beee-c31b95b2344b] - connecting. Associated Snowflake domain: GLOBAL"}
{"level":"INFO","message":"[8:27:01.424 PM]: Connection[id: a8a306ba-ceab-431e-beee-c31b95b2344b] - authentication successful using: SNOWFLAKE_JWT"}
{"level":"INFO","message":"[8:27:01.435 PM]: Connection[id: a8a306ba-ceab-431e-beee-c31b95b2344b] - connected successfully after 28.63260000012815 milliseconds"}
{"level":"INFO","message":"[8:27:41.072 PM]: Creating new connection object"}
{"level":"INFO","message":"[8:27:41.073 PM]: Creating Connection[id: 8d9c7cda-c257-4efa-b26b-b5c58e9dceb2] with host: iqviaidporg-pandpreporting.snowflakecomputing.com, account: iqviaidporg-pandpreporting, accessUrl: https://iqviaidporg-pandpreporting.snowflakecomputing.com, user: maasreaduser, role: undefined, database: PNPREPORTINGLIB, schema: PNPREPORTING_DATAMART, warehouse: PNPLIBRARIES, proxy was not configured, password is not provided, region: undefined, authenticator: SNOWFLAKE_JWT, ocsp mode: FAIL_OPEN, os: win32, os version: 10."}
{"level":"INFO","message":"[8:27:41.073 PM]: Connection[id: 8d9c7cda-c257-4efa-b26b-b5c58e9dceb2] additional details: passcode in password is provided, passcode is not provided, private key is provided, application: undefined, client name: snowflake-sdk, client version: 2.2.0, retry timeout: 300, private key path: undefined, private key pass is not provided, client store temporary credential: false, browser response timeout: 120000"}
{"level":"INFO","message":"[8:27:41.074 PM]: Connection[id: 8d9c7cda-c257-4efa-b26b-b5c58e9dceb2] - connection object created successfully."}
{"level":"INFO","message":"[8:27:41.074 PM]: Connection[id: 8d9c7cda-c257-4efa-b26b-b5c58e9dceb2] - connecting. Associated Snowflake domain: GLOBAL"}
{"level":"INFO","message":"[8:27:41.078 PM]: Connection[id: 8d9c7cda-c257-4efa-b26b-b5c58e9dceb2] - authentication successful using: SNOWFLAKE_JWT"}
{"level":"INFO","message":"[8:27:41.082 PM]: Connection[id: 8d9c7cda-c257-4efa-b26b-b5c58e9dceb2] - connected successfully after 7.723999999463558 milliseconds"}
{"level":"INFO","message":"[2:11:19.928 PM]: Creating new connection object"}
{"level":"INFO","message":"[2:11:19.977 PM]: Creating Connection[id: f0e6313a-722d-4b77-8687-c0b2834f7880] with host: iqviaidporg-pandpreporting.snowflakecomputing.com, account: iqviaidporg-pandpreporting, accessUrl: https://iqviaidporg-pandpreporting.snowflakecomputing.com, user: maasreaduser, role: undefined, database: PNPREPORTINGLIB, schema: PNPREPORTING_DATAMART, warehouse: PNPLIBRARIES, proxy was not configured, password is not provided, region: undefined, authenticator: SNOWFLAKE_JWT, ocsp mode: FAIL_OPEN, os: win32, os version: 10."}
{"level":"INFO","message":"[2:11:19.979 PM]: Connection[id: f0e6313a-722d-4b77-8687-c0b2834f7880] additional details: passcode in password is provided, passcode is not provided, private key is provided, application: undefined, client name: snowflake-sdk, client version: 2.2.0, retry timeout: 300, private key path: undefined, private key pass is not provided, client store temporary credential: false, browser response timeout: 120000"}
{"level":"INFO","message":"[2:11:19.981 PM]: Connection[id: f0e6313a-722d-4b77-8687-c0b2834f7880] - connection object created successfully."}
{"level":"INFO","message":"[2:11:19.983 PM]: Connection[id: f0e6313a-722d-4b77-8687-c0b2834f7880] - connecting. Associated Snowflake domain: GLOBAL"}
{"level":"INFO","message":"[2:11:19.999 PM]: Connection[id: f0e6313a-722d-4b77-8687-c0b2834f7880] - authentication successful using: SNOWFLAKE_JWT"}
{"level":"INFO","message":"[2:11:20.000 PM]: Trying to initialize Easy Logging"}
{"level":"INFO","message":"[2:11:20.009 PM]: No client config detected."}
{"level":"INFO","message":"[2:11:20.011 PM]: No config file path found. Client config will not be used."}
{"level":"INFO","message":"[2:11:20.013 PM]: Easy Logging is disabled as no config has been found"}
{"level":"INFO","message":"[2:11:20.022 PM]: Connection[id: f0e6313a-722d-4b77-8687-c0b2834f7880] - connected successfully after 38.90140000000247 milliseconds"}
{"level":"INFO","message":"[4:56:30.806 PM]: Creating new connection object"}
{"level":"INFO","message":"[4:56:30.829 PM]: Creating Connection[id: ce383690-426e-4c98-8e56-6458534effb9] with host: iqviaidporg-pandpreporting.snowflakecomputing.com, account: iqviaidporg-pandpreporting, accessUrl: https://iqviaidporg-pandpreporting.snowflakecomputing.com, user: maasreaduser, role: undefined, database: PNPREPORTING_LIB, schema: PNPREPORTING_DATAMART, warehouse: PNPLIBRARIES, proxy was not configured, password is not provided, region: undefined, authenticator: SNOWFLAKE_JWT, ocsp mode: FAIL_OPEN, os: win32, os version: 10"}
{"level":"INFO","message":"[4:56:30.830 PM]: Connection[id: ce383690-426e-4c98-8e56-6458534effb9] additional details: passcode in password is provided, passcode is not provided, private key is provided, application: undefined, client name: snowflake-sdk, client version: 2.2.0, retry timeout: 300, private key path: undefined, private key pass is not provided, client store temporary credential: false, browser response timeout: 120000"}
{"level":"INFO","message":"[4:56:30.831 PM]: Connection[id: ce383690-426e-4c98-8e56-6458534effb9] - connection object created successfully."}
{"level":"INFO","message":"[4:56:30.832 PM]: Connection[id: ce383690-426e-4c98-8e56-6458534effb9] - connecting. Associated Snowflake domain: GLOBAL"}
{"level":"INFO","message":"[4:56:30.838 PM]: Connection[id: ce383690-426e-4c98-8e56-6458534effb9] - authentication successful using: SNOWFLAKE_JWT"}
{"level":"INFO","message":"[4:56:30.839 PM]: Trying to initialize Easy Logging"}
{"level":"INFO","message":"[4:56:30.843 PM]: No client config detected."}
{"level":"INFO","message":"[4:56:30.844 PM]: No config file path found. Client config will not be used."}
{"level":"INFO","message":"[4:56:30.844 PM]: Easy Logging is disabled as no config has been found"}
{"level":"INFO","message":"[4:56:30.849 PM]: Connection[id: ce383690-426e-4c98-8e56-6458534effb9] - connected successfully after 16.674499999993714 milliseconds"}
{"level":"INFO","message":"[4:56:48.548 PM]: Creating new connection object"}
{"level":"INFO","message":"[4:56:48.549 PM]: Creating Connection[id: 7ba96d8d-8801-4e0a-b091-3d942172c918] with host: iqviaidporg-pandpreporting.snowflakecomputing.com, account: iqviaidporg-pandpreporting, accessUrl: https://iqviaidporg-pandpreporting.snowflakecomputing.com, user: maasreaduser, role: undefined, database: PNPREPORTING_LIB, schema: PNPREPORTING_DATAMART, warehouse: PNPLIBRARIES, proxy was not configured, password is not provided, region: undefined, authenticator: SNOWFLAKE_JWT, ocsp mode: FAIL_OPEN, os: win32, os version: 10"}
{"level":"INFO","message":"[4:56:48.550 PM]: Connection[id: 7ba96d8d-8801-4e0a-b091-3d942172c918] additional details: passcode in password is provided, passcode is not provided, private key is provided, application: undefined, client name: snowflake-sdk, client version: 2.2.0, retry timeout: 300, private key path: undefined, private key pass is not provided, client store temporary credential: false, browser response timeout: 120000"}
{"level":"INFO","message":"[4:56:48.550 PM]: Connection[id: 7ba96d8d-8801-4e0a-b091-3d942172c918] - connection object created successfully."}
{"level":"INFO","message":"[4:56:48.551 PM]: Connection[id: 7ba96d8d-8801-4e0a-b091-3d942172c918] - connecting. Associated Snowflake domain: GLOBAL"}
{"level":"INFO","message":"[4:56:48.553 PM]: Connection[id: 7ba96d8d-8801-4e0a-b091-3d942172c918] - authentication successful using: SNOWFLAKE_JWT"}
{"level":"INFO","message":"[4:56:48.555 PM]: Connection[id: 7ba96d8d-8801-4e0a-b091-3d942172c918] - connected successfully after 4.141500000027008 milliseconds"}
{"level":"INFO","message":"[5:18:20.525 PM]: Creating new connection object"}
{"level":"INFO","message":"[5:18:20.527 PM]: Creating Connection[id: c22220b2-b7ea-4c24-b174-bf3a9cb8d1ec] with host: iqviaidporg-pandpreporting.snowflakecomputing.com, account: iqviaidporg-pandpreporting, accessUrl: https://iqviaidporg-pandpreporting.snowflakecomputing.com, user: maasreaduser, role: undefined, database: PNPREPORTING_LIB, schema: PNPREPORTING_DATAMART, warehouse: PNPLIBRARIES, proxy was not configured, password is not provided, region: undefined, authenticator: SNOWFLAKE_JWT, ocsp mode: FAIL_OPEN, os: win32, os version: 10"}
{"level":"INFO","message":"[5:18:20.528 PM]: Connection[id: c22220b2-b7ea-4c24-b174-bf3a9cb8d1ec] additional details: passcode in password is provided, passcode is not provided, private key is provided, application: undefined, client name: snowflake-sdk, client version: 2.2.0, retry timeout: 300, private key path: undefined, private key pass is not provided, client store temporary credential: false, browser response timeout: 120000"}
{"level":"INFO","message":"[5:18:20.528 PM]: Connection[id: c22220b2-b7ea-4c24-b174-bf3a9cb8d1ec] - connection object created successfully."}
{"level":"INFO","message":"[5:18:20.529 PM]: Connection[id: c22220b2-b7ea-4c24-b174-bf3a9cb8d1ec] - connecting. Associated Snowflake domain: GLOBAL"}
{"level":"INFO","message":"[5:18:20.533 PM]: Connection[id: c22220b2-b7ea-4c24-b174-bf3a9cb8d1ec] - authentication successful using: SNOWFLAKE_JWT"}
{"level":"INFO","message":"[5:18:20.535 PM]: Connection[id: c22220b2-b7ea-4c24-b174-bf3a9cb8d1ec] - connected successfully after 6.31720000016503 milliseconds"}
{"level":"INFO","message":"[5:39:17.423 PM]: Creating new connection object"}
{"level":"INFO","message":"[5:39:17.448 PM]: Creating Connection[id: 2d82e8ac-5603-46a0-9860-91797452deb6] with host: iqviaidporg-pandpreporting.snowflakecomputing.com, account: iqviaidporg-pandpreporting, accessUrl: https://iqviaidporg-pandpreporting.snowflakecomputing.com, user: maasreaduser, role: undefined, database: PNPREPORTING_LIB, schema: PNPREPORTING_DATAMART, warehouse: PNPLIBRARIES, proxy was not configured, password is not provided, region: undefined, authenticator: SNOWFLAKE_JWT, ocsp mode: FAIL_OPEN, os: win32, os version: 10"}
{"level":"INFO","message":"[5:39:17.450 PM]: Connection[id: 2d82e8ac-5603-46a0-9860-91797452deb6] additional details: passcode in password is provided, passcode is not provided, private key is provided, application: undefined, client name: snowflake-sdk, client version: 2.2.0, retry timeout: 300, private key path: undefined, private key pass is not provided, client store temporary credential: false, browser response timeout: 120000"}
{"level":"INFO","message":"[5:39:17.451 PM]: Connection[id: 2d82e8ac-5603-46a0-9860-91797452deb6] - connection object created successfully."}
{"level":"INFO","message":"[5:39:17.452 PM]: Connection[id: 2d82e8ac-5603-46a0-9860-91797452deb6] - connecting. Associated Snowflake domain: GLOBAL"}
{"level":"INFO","message":"[5:39:17.459 PM]: Connection[id: 2d82e8ac-5603-46a0-9860-91797452deb6] - authentication successful using: SNOWFLAKE_JWT"}
{"level":"INFO","message":"[5:39:17.461 PM]: Trying to initialize Easy Logging"}
{"level":"INFO","message":"[5:39:17.465 PM]: No client config detected."}
{"level":"INFO","message":"[5:39:17.466 PM]: No config file path found. Client config will not be used."}
{"level":"INFO","message":"[5:39:17.467 PM]: Easy Logging is disabled as no config has been found"}
{"level":"INFO","message":"[5:39:17.473 PM]: Connection[id: 2d82e8ac-5603-46a0-9860-91797452deb6] - connected successfully after 21.34990000000107 milliseconds"}
{"level":"INFO","message":"[12:38:10.505 PM]: Creating new connection object"}
{"level":"INFO","message":"[12:38:10.544 PM]: Creating Connection[id: a31a7d8a-185c-46e3-a6b6-eba86db7d1ff] with host: iqviaidporg-pandpreporting.snowflakecomputing.com, account: iqviaidporg-pandpreporting, accessUrl: https://iqviaidporg-pandpreporting.snowflakecomputing.com, user: maasreaduser, role: undefined, database: PNPREPORTING_LIB, schema: PNPREPORTING_DATAMART, warehouse: PNPLIBRARIES, proxy was not configured, password is not provided, region: undefined, authenticator: SNOWFLAKE_JWT, ocsp mode: FAIL_OPEN, os: win32, os version: 10"}
{"level":"INFO","message":"[12:38:10.546 PM]: Connection[id: a31a7d8a-185c-46e3-a6b6-eba86db7d1ff] additional details: passcode in password is provided, passcode is not provided, private key is provided, application: undefined, client name: snowflake-sdk, client version: 2.2.0, retry timeout: 300, private key path: undefined, private key pass is not provided, client store temporary credential: false, browser response timeout: 120000"}
{"level":"INFO","message":"[12:38:10.548 PM]: Connection[id: a31a7d8a-185c-46e3-a6b6-eba86db7d1ff] - connection object created successfully."}
{"level":"INFO","message":"[12:38:10.549 PM]: Connection[id: a31a7d8a-185c-46e3-a6b6-eba86db7d1ff] - connecting. Associated Snowflake domain: GLOBAL"}
{"level":"INFO","message":"[12:38:10.564 PM]: Connection[id: a31a7d8a-185c-46e3-a6b6-eba86db7d1ff] - authentication successful using: SNOWFLAKE_JWT"}
{"level":"INFO","message":"[12:38:10.584 PM]: Connection[id: a31a7d8a-185c-46e3-a6b6-eba86db7d1ff] - connected successfully after 34.6199000030756 milliseconds"}
{"level":"INFO","message":"[12:43:37.721 PM]: Creating new connection object"}
{"level":"INFO","message":"[12:43:37.746 PM]: Creating Connection[id: e6434a5c-fac8-45c2-95fc-8f26a589152c] with host: iqviaidporg-pandpreporting.snowflakecomputing.com, account: iqviaidporg-pandpreporting, accessUrl: https://iqviaidporg-pandpreporting.snowflakecomputing.com, user: maasreaduser, role: undefined, database: PNPREPORTING_LIB, schema: PNPREPORTING_DATAMART, warehouse: PNPLIBRARIES, proxy was not configured, password is not provided, region: undefined, authenticator: SNOWFLAKE_JWT, ocsp mode: FAIL_OPEN, os: win32, os version: 10"}
{"level":"INFO","message":"[12:43:37.747 PM]: Connection[id: e6434a5c-fac8-45c2-95fc-8f26a589152c] additional details: passcode in password is provided, passcode is not provided, private key is provided, application: undefined, client name: snowflake-sdk, client version: 2.2.0, retry timeout: 300, private key path: undefined, private key pass is not provided, client store temporary credential: false, browser response timeout: 120000"}
{"level":"INFO","message":"[12:43:37.748 PM]: Connection[id: e6434a5c-fac8-45c2-95fc-8f26a589152c] - connection object created successfully."}
{"level":"INFO","message":"[12:43:37.749 PM]: Connection[id: e6434a5c-fac8-45c2-95fc-8f26a589152c] - connecting. Associated Snowflake domain: GLOBAL"}
{"level":"INFO","message":"[12:43:37.756 PM]: Connection[id: e6434a5c-fac8-45c2-95fc-8f26a589152c] - authentication successful using: SNOWFLAKE_JWT"}
{"level":"INFO","message":"[12:43:37.759 PM]: Trying to initialize Easy Logging"}
{"level":"INFO","message":"[12:43:37.764 PM]: No client config detected."}
{"level":"INFO","message":"[12:43:37.764 PM]: No config file path found. Client config will not be used."}
{"level":"INFO","message":"[12:43:37.766 PM]: Easy Logging is disabled as no config has been found"}
{"level":"INFO","message":"[12:43:37.771 PM]: Connection[id: e6434a5c-fac8-45c2-95fc-8f26a589152c] - connected successfully after 21.608100000000377 milliseconds"}
{"level":"INFO","message":"[1:09:50.797 PM]: Creating new connection object"}
{"level":"INFO","message":"[1:09:50.826 PM]: Creating Connection[id: 8e893f52-ffc3-40f3-9e8b-648ef5d0957f] with host: iqviaidporg-pandpreporting.snowflakecomputing.com, account: iqviaidporg-pandpreporting, accessUrl: https://iqviaidporg-pandpreporting.snowflakecomputing.com, user: maasreaduser, role: undefined, database: PNPREPORTING_LIB, schema: PNPREPORTING_DATAMART, warehouse: PNPLIBRARIES, proxy was not configured, password is not provided, region: undefined, authenticator: SNOWFLAKE_JWT, ocsp mode: FAIL_OPEN, os: win32, os version: 10"}
{"level":"INFO","message":"[1:09:50.828 PM]: Connection[id: 8e893f52-ffc3-40f3-9e8b-648ef5d0957f] additional details: passcode in password is provided, passcode is not provided, private key is provided, application: undefined, client name: snowflake-sdk, client version: 2.2.0, retry timeout: 300, private key path: undefined, private key pass is not provided, client store temporary credential: false, browser response timeout: 120000"}
{"level":"INFO","message":"[1:09:50.829 PM]: Connection[id: 8e893f52-ffc3-40f3-9e8b-648ef5d0957f] - connection object created successfully."}
{"level":"INFO","message":"[1:09:50.830 PM]: Connection[id: 8e893f52-ffc3-40f3-9e8b-648ef5d0957f] - connecting. Associated Snowflake domain: GLOBAL"}
{"level":"INFO","message":"[1:09:50.844 PM]: Connection[id: 8e893f52-ffc3-40f3-9e8b-648ef5d0957f] - authentication successful using: SNOWFLAKE_JWT"}
{"level":"INFO","message":"[1:09:50.846 PM]: Trying to initialize Easy Logging"}
{"level":"INFO","message":"[1:09:50.850 PM]: No client config detected."}
{"level":"INFO","message":"[1:09:50.851 PM]: No config file path found. Client config will not be used."}
{"level":"INFO","message":"[1:09:50.854 PM]: Easy Logging is disabled as no config has been found"}
{"level":"INFO","message":"[1:09:50.863 PM]: Connection[id: 8e893f52-ffc3-40f3-9e8b-648ef5d0957f] - connected successfully after 32.12719999999899 milliseconds"}
{"level":"INFO","message":"[1:14:51.301 PM]: Creating new connection object"}
{"level":"INFO","message":"[1:14:51.329 PM]: Creating Connection[id: 111d19e8-406d-475d-b89a-5031064dabbc] with host: iqviaidporg-pandpreporting.snowflakecomputing.com, account: iqviaidporg-pandpreporting, accessUrl: https://iqviaidporg-pandpreporting.snowflakecomputing.com, user: maasreaduser, role: undefined, database: PNPREPORTING_LIB, schema: PNPREPORTING_DATAMART, warehouse: PNPLIBRARIES, proxy was not configured, password is not provided, region: undefined, authenticator: SNOWFLAKE_JWT, ocsp mode: FAIL_OPEN, os: win32, os version: 10"}
{"level":"INFO","message":"[1:14:51.330 PM]: Connection[id: 111d19e8-406d-475d-b89a-5031064dabbc] additional details: passcode in password is provided, passcode is not provided, private key is provided, application: undefined, client name: snowflake-sdk, client version: 2.2.0, retry timeout: 300, private key path: undefined, private key pass is not provided, client store temporary credential: false, browser response timeout: 120000"}
{"level":"INFO","message":"[1:14:51.358 PM]: Connection[id: 111d19e8-406d-475d-b89a-5031064dabbc] - connection object created successfully."}
{"level":"INFO","message":"[1:14:51.359 PM]: Connection[id: 111d19e8-406d-475d-b89a-5031064dabbc] - connecting. Associated Snowflake domain: GLOBAL"}
{"level":"INFO","message":"[1:14:51.370 PM]: Connection[id: 111d19e8-406d-475d-b89a-5031064dabbc] - authentication successful using: SNOWFLAKE_JWT"}
{"level":"INFO","message":"[1:14:51.371 PM]: Trying to initialize Easy Logging"}
{"level":"INFO","message":"[1:14:51.375 PM]: No client config detected."}
{"level":"INFO","message":"[1:14:51.376 PM]: No config file path found. Client config will not be used."}
{"level":"INFO","message":"[1:14:51.377 PM]: Easy Logging is disabled as no config has been found"}
{"level":"INFO","message":"[1:14:51.388 PM]: Connection[id: 111d19e8-406d-475d-b89a-5031064dabbc] - connected successfully after 29.503099999999904 milliseconds"}
{"level":"INFO","message":"[1:28:32.989 PM]: Creating new connection object"}
{"level":"INFO","message":"[1:28:33.014 PM]: Creating Connection[id: 6747d27a-633a-47c2-b65c-a59bcea5d560] with host: iqviaidporg-pandpreporting.snowflakecomputing.com, account: iqviaidporg-pandpreporting, accessUrl: https://iqviaidporg-pandpreporting.snowflakecomputing.com, user: maasreaduser, role: undefined, database: PNPREPORTING_LIB, schema: PNPREPORTING_DATAMART, warehouse: PNPLIBRARIES, proxy was not configured, password is not provided, region: undefined, authenticator: SNOWFLAKE_JWT, ocsp mode: FAIL_OPEN, os: win32, os version: 10"}
{"level":"INFO","message":"[1:28:33.017 PM]: Connection[id: 6747d27a-633a-47c2-b65c-a59bcea5d560] additional details: passcode in password is provided, passcode is not provided, private key is provided, application: undefined, client name: snowflake-sdk, client version: 2.2.0, retry timeout: 300, private key path: undefined, private key pass is not provided, client store temporary credential: false, browser response timeout: 120000"}
{"level":"INFO","message":"[1:28:33.019 PM]: Connection[id: 6747d27a-633a-47c2-b65c-a59bcea5d560] - connection object created successfully."}
{"level":"INFO","message":"[1:28:33.021 PM]: Connection[id: 6747d27a-633a-47c2-b65c-a59bcea5d560] - connecting. Associated Snowflake domain: GLOBAL"}
{"level":"INFO","message":"[1:28:33.029 PM]: Connection[id: 6747d27a-633a-47c2-b65c-a59bcea5d560] - authentication successful using: SNOWFLAKE_JWT"}
{"level":"INFO","message":"[1:28:33.030 PM]: Trying to initialize Easy Logging"}
{"level":"INFO","message":"[1:28:33.037 PM]: No client config detected."}
{"level":"INFO","message":"[1:28:33.039 PM]: No config file path found. Client config will not be used."}
{"level":"INFO","message":"[1:28:33.041 PM]: Easy Logging is disabled as no config has been found"}
{"level":"INFO","message":"[1:28:33.047 PM]: Connection[id: 6747d27a-633a-47c2-b65c-a59bcea5d560] - connected successfully after 26.0666999999994 milliseconds"}
{"level":"INFO","message":"[1:30:00.224 PM]: Creating new connection object"}
{"level":"INFO","message":"[1:30:00.249 PM]: Creating Connection[id: 82f784e8-909a-42e1-9b7f-473d6cf43a00] with host: iqviaidporg-pandpreporting.snowflakecomputing.com, account: iqviaidporg-pandpreporting, accessUrl: https://iqviaidporg-pandpreporting.snowflakecomputing.com, user: maasreaduser, role: undefined, database: PNPREPORTING_LIB, schema: PNPREPORTING_DATAMART, warehouse: PNPLIBRARIES, proxy was not configured, password is not provided, region: undefined, authenticator: SNOWFLAKE_JWT, ocsp mode: FAIL_OPEN, os: win32, os version: 10"}
{"level":"INFO","message":"[1:30:00.251 PM]: Connection[id: 82f784e8-909a-42e1-9b7f-473d6cf43a00] additional details: passcode in password is provided, passcode is not provided, private key is provided, application: undefined, client name: snowflake-sdk, client version: 2.2.0, retry timeout: 300, private key path: undefined, private key pass is not provided, client store temporary credential: false, browser response timeout: 120000"}
{"level":"INFO","message":"[1:30:00.252 PM]: Connection[id: 82f784e8-909a-42e1-9b7f-473d6cf43a00] - connection object created successfully."}
{"level":"INFO","message":"[1:30:00.254 PM]: Connection[id: 82f784e8-909a-42e1-9b7f-473d6cf43a00] - connecting. Associated Snowflake domain: GLOBAL"}
{"level":"INFO","message":"[1:30:00.262 PM]: Connection[id: 82f784e8-909a-42e1-9b7f-473d6cf43a00] - authentication successful using: SNOWFLAKE_JWT"}
{"level":"INFO","message":"[1:30:00.264 PM]: Trying to initialize Easy Logging"}
{"level":"INFO","message":"[1:30:00.269 PM]: No client config detected."}
{"level":"INFO","message":"[1:30:00.270 PM]: No config file path found. Client config will not be used."}
{"level":"INFO","message":"[1:30:00.271 PM]: Easy Logging is disabled as no config has been found"}
{"level":"INFO","message":"[1:30:00.277 PM]: Connection[id: 82f784e8-909a-42e1-9b7f-473d6cf43a00] - connected successfully after 23.80040000000008 milliseconds"}
{"level":"INFO","message":"[1:33:25.885 PM]: Creating new connection object"}
{"level":"INFO","message":"[1:33:25.918 PM]: Creating Connection[id: f44dff92-eceb-4b04-8c14-6707d97b2c13] with host: iqviaidporg-pandpreporting.snowflakecomputing.com, account: iqviaidporg-pandpreporting, accessUrl: https://iqviaidporg-pandpreporting.snowflakecomputing.com, user: maasreaduser, role: undefined, database: PNPREPORTING_LIB, schema: PNPREPORTING_DATAMART, warehouse: PNPLIBRARIES, proxy was not configured, password is not provided, region: undefined, authenticator: SNOWFLAKE_JWT, ocsp mode: FAIL_OPEN, os: win32, os version: 10"}
{"level":"INFO","message":"[1:33:25.920 PM]: Connection[id: f44dff92-eceb-4b04-8c14-6707d97b2c13] additional details: passcode in password is provided, passcode is not provided, private key is provided, application: undefined, client name: snowflake-sdk, client version: 2.2.0, retry timeout: 300, private key path: undefined, private key pass is not provided, client store temporary credential: false, browser response timeout: 120000"}
{"level":"INFO","message":"[1:33:25.922 PM]: Connection[id: f44dff92-eceb-4b04-8c14-6707d97b2c13] - connection object created successfully."}
{"level":"INFO","message":"[1:33:25.924 PM]: Connection[id: f44dff92-eceb-4b04-8c14-6707d97b2c13] - connecting. Associated Snowflake domain: GLOBAL"}
{"level":"INFO","message":"[1:33:25.935 PM]: Connection[id: f44dff92-eceb-4b04-8c14-6707d97b2c13] - authentication successful using: SNOWFLAKE_JWT"}
{"level":"INFO","message":"[1:33:25.939 PM]: Trying to initialize Easy Logging"}
{"level":"INFO","message":"[1:33:25.945 PM]: No client config detected."}
{"level":"INFO","message":"[1:33:25.946 PM]: No config file path found. Client config will not be used."}
{"level":"INFO","message":"[1:33:25.947 PM]: Easy Logging is disabled as no config has been found"}
{"level":"INFO","message":"[1:33:25.956 PM]: Connection[id: f44dff92-eceb-4b04-8c14-6707d97b2c13] - connected successfully after 31.541599999999562 milliseconds"}
{"level":"INFO","message":"[1:35:08.926 PM]: Creating new connection object"}
{"level":"INFO","message":"[1:35:08.953 PM]: Creating Connection[id: 877597c7-cc5a-4e06-9315-dd015fec72e0] with host: iqviaidporg-pandpreporting.snowflakecomputing.com, account: iqviaidporg-pandpreporting, accessUrl: https://iqviaidporg-pandpreporting.snowflakecomputing.com, user: maasreaduser, role: undefined, database: PNPREPORTING_LIB, schema: PNPREPORTING_DATAMART, warehouse: PNPLIBRARIES, proxy was not configured, password is not provided, region: undefined, authenticator: SNOWFLAKE_JWT, ocsp mode: FAIL_OPEN, os: win32, os version: 10"}
{"level":"INFO","message":"[1:35:08.981 PM]: Connection[id: 877597c7-cc5a-4e06-9315-dd015fec72e0] additional details: passcode in password is provided, passcode is not provided, private key is provided, application: undefined, client name: snowflake-sdk, client version: 2.2.0, retry timeout: 300, private key path: undefined, private key pass is not provided, client store temporary credential: false, browser response timeout: 120000"}
{"level":"INFO","message":"[1:35:08.983 PM]: Connection[id: 877597c7-cc5a-4e06-9315-dd015fec72e0] - connection object created successfully."}
{"level":"INFO","message":"[1:35:08.984 PM]: Connection[id: 877597c7-cc5a-4e06-9315-dd015fec72e0] - connecting. Associated Snowflake domain: GLOBAL"}
{"level":"INFO","message":"[1:35:08.995 PM]: Connection[id: 877597c7-cc5a-4e06-9315-dd015fec72e0] - authentication successful using: SNOWFLAKE_JWT"}
{"level":"INFO","message":"[1:35:08.997 PM]: Trying to initialize Easy Logging"}
{"level":"INFO","message":"[1:35:09.001 PM]: No client config detected."}
{"level":"INFO","message":"[1:35:09.001 PM]: No config file path found. Client config will not be used."}
{"level":"INFO","message":"[1:35:09.002 PM]: Easy Logging is disabled as no config has been found"}
{"level":"INFO","message":"[1:35:09.012 PM]: Connection[id: 877597c7-cc5a-4e06-9315-dd015fec72e0] - connected successfully after 27.60019999999986 milliseconds"}
{"level":"INFO","message":"[1:35:42.943 PM]: Creating new connection object"}
{"level":"INFO","message":"[1:35:42.946 PM]: Creating Connection[id: 6abb6833-139d-48fd-8534-fc89d3546071] with host: iqviaidporg-pandpreporting.snowflakecomputing.com, account: iqviaidporg-pandpreporting, accessUrl: https://iqviaidporg-pandpreporting.snowflakecomputing.com, user: maasreaduser, role: undefined, database: PNPREPORTINGLIB, schema: PNPREPORTING_DATAMART, warehouse: PNPLIBRARIES, proxy was not configured, password is not provided, region: undefined, authenticator: SNOWFLAKE_JWT, ocsp mode: FAIL_OPEN, os: win32, os version: 10."}
{"level":"INFO","message":"[1:35:42.946 PM]: Connection[id: 6abb6833-139d-48fd-8534-fc89d3546071] additional details: passcode in password is provided, passcode is not provided, private key is provided, application: undefined, client name: snowflake-sdk, client version: 2.2.0, retry timeout: 300, private key path: undefined, private key pass is not provided, client store temporary credential: false, browser response timeout: 120000"}
{"level":"INFO","message":"[1:35:42.947 PM]: Connection[id: 6abb6833-139d-48fd-8534-fc89d3546071] - connection object created successfully."}
{"level":"INFO","message":"[1:35:42.947 PM]: Connection[id: 6abb6833-139d-48fd-8534-fc89d3546071] - connecting. Associated Snowflake domain: GLOBAL"}
{"level":"INFO","message":"[1:35:42.953 PM]: Connection[id: 6abb6833-139d-48fd-8534-fc89d3546071] - authentication successful using: SNOWFLAKE_JWT"}
{"level":"INFO","message":"[1:35:42.957 PM]: Connection[id: 6abb6833-139d-48fd-8534-fc89d3546071] - connected successfully after 9.96770000000106 milliseconds"}
{"level":"INFO","message":"[1:35:53.708 PM]: Creating new connection object"}
{"level":"INFO","message":"[1:35:53.710 PM]: Creating Connection[id: f7387ed5-6c0d-4c03-9ad7-fa5298f02aaa] with host: iqviaidporg-pandpreporting.snowflakecomputing.com, account: iqviaidporg-pandpreporting, accessUrl: https://iqviaidporg-pandpreporting.snowflakecomputing.com, user: maasreaduser, role: undefined, database: PNPREPORTING_LIB, schema: PNPREPORTING_DATAMART, warehouse: PNPLIBRARIES, proxy was not configured, password is not provided, region: undefined, authenticator: SNOWFLAKE_JWT, ocsp mode: FAIL_OPEN, os: win32, os version: 10"}
{"level":"INFO","message":"[1:35:53.711 PM]: Connection[id: f7387ed5-6c0d-4c03-9ad7-fa5298f02aaa] additional details: passcode in password is provided, passcode is not provided, private key is provided, application: undefined, client name: snowflake-sdk, client version: 2.2.0, retry timeout: 300, private key path: undefined, private key pass is not provided, client store temporary credential: false, browser response timeout: 120000"}
{"level":"INFO","message":"[1:35:53.711 PM]: Connection[id: f7387ed5-6c0d-4c03-9ad7-fa5298f02aaa] - connection object created successfully."}
{"level":"INFO","message":"[1:35:53.711 PM]: Connection[id: f7387ed5-6c0d-4c03-9ad7-fa5298f02aaa] - connecting. Associated Snowflake domain: GLOBAL"}
{"level":"INFO","message":"[1:35:53.715 PM]: Connection[id: f7387ed5-6c0d-4c03-9ad7-fa5298f02aaa] - authentication successful using: SNOWFLAKE_JWT"}
{"level":"INFO","message":"[1:35:53.717 PM]: Connection[id: f7387ed5-6c0d-4c03-9ad7-fa5298f02aaa] - connected successfully after 5.6097999999983585 milliseconds"}
{"level":"INFO","message":"[1:38:06.837 PM]: Creating new connection object"}
{"level":"INFO","message":"[1:38:06.868 PM]: Creating Connection[id: 79ff6d15-a098-42cd-b590-233e255f134f] with host: iqviaidporg-pandpreporting.snowflakecomputing.com, account: iqviaidporg-pandpreporting, accessUrl: https://iqviaidporg-pandpreporting.snowflakecomputing.com, user: maasreaduser, role: undefined, database: PNPREPORTINGLIB, schema: PNPREPORTING_DATAMART, warehouse: PNPLIBRARIES, proxy was not configured, password is not provided, region: undefined, authenticator: SNOWFLAKE_JWT, ocsp mode: FAIL_OPEN, os: win32, os version: 10."}
{"level":"INFO","message":"[1:38:06.870 PM]: Connection[id: 79ff6d15-a098-42cd-b590-233e255f134f] additional details: passcode in password is provided, passcode is not provided, private key is provided, application: undefined, client name: snowflake-sdk, client version: 2.2.0, retry timeout: 300, private key path: undefined, private key pass is not provided, client store temporary credential: false, browser response timeout: 120000"}
{"level":"INFO","message":"[1:38:06.871 PM]: Connection[id: 79ff6d15-a098-42cd-b590-233e255f134f] - connection object created successfully."}
{"level":"INFO","message":"[1:38:06.873 PM]: Connection[id: 79ff6d15-a098-42cd-b590-233e255f134f] - connecting. Associated Snowflake domain: GLOBAL"}
{"level":"INFO","message":"[1:38:06.882 PM]: Connection[id: 79ff6d15-a098-42cd-b590-233e255f134f] - authentication successful using: SNOWFLAKE_JWT"}
{"level":"INFO","message":"[1:38:06.885 PM]: Trying to initialize Easy Logging"}
{"level":"INFO","message":"[1:38:06.891 PM]: No client config detected."}
{"level":"INFO","message":"[1:38:06.892 PM]: No config file path found. Client config will not be used."}
{"level":"INFO","message":"[1:38:06.893 PM]: Easy Logging is disabled as no config has been found"}
{"level":"INFO","message":"[1:38:06.904 PM]: Connection[id: 79ff6d15-a098-42cd-b590-233e255f134f] - connected successfully after 31.07680000000073 milliseconds"}
{"level":"INFO","message":"[1:38:14.102 PM]: Creating new connection object"}
{"level":"INFO","message":"[1:38:14.105 PM]: Creating Connection[id: 290a4ab7-f470-4c03-8f72-f66158dee976] with host: iqviaidporg-pandpreporting.snowflakecomputing.com, account: iqviaidporg-pandpreporting, accessUrl: https://iqviaidporg-pandpreporting.snowflakecomputing.com, user: maasreaduser, role: undefined, database: PNPREPORTINGLIB, schema: PNPREPORTING_DATAMART, warehouse: PNPLIBRARIES, proxy was not configured, password is not provided, region: undefined, authenticator: SNOWFLAKE_JWT, ocsp mode: FAIL_OPEN, os: win32, os version: 10."}
{"level":"INFO","message":"[1:38:14.106 PM]: Connection[id: 290a4ab7-f470-4c03-8f72-f66158dee976] additional details: passcode in password is provided, passcode is not provided, private key is provided, application: undefined, client name: snowflake-sdk, client version: 2.2.0, retry timeout: 300, private key path: undefined, private key pass is not provided, client store temporary credential: false, browser response timeout: 120000"}
{"level":"INFO","message":"[1:38:14.106 PM]: Connection[id: 290a4ab7-f470-4c03-8f72-f66158dee976] - connection object created successfully."}
{"level":"INFO","message":"[1:38:14.108 PM]: Connection[id: 290a4ab7-f470-4c03-8f72-f66158dee976] - connecting. Associated Snowflake domain: GLOBAL"}
{"level":"INFO","message":"[1:38:14.114 PM]: Connection[id: 290a4ab7-f470-4c03-8f72-f66158dee976] - authentication successful using: SNOWFLAKE_JWT"}
{"level":"INFO","message":"[1:38:14.118 PM]: Connection[id: 290a4ab7-f470-4c03-8f72-f66158dee976] - connected successfully after 9.659100000000763 milliseconds"}
{"level":"INFO","message":"[1:39:19.888 PM]: Creating new connection object"}
{"level":"INFO","message":"[1:39:26.722 PM]: Creating new connection object"}
{"level":"INFO","message":"[1:39:33.290 PM]: Creating new connection object"}
{"level":"INFO","message":"[1:39:33.292 PM]: Creating Connection[id: f5b1aef8-2570-41f0-9cae-3a25d817155e] with host: iqviaidporg-pandpreporting.snowflakecomputing.com, account: iqviaidporg-pandpreporting, accessUrl: https://iqviaidporg-pandpreporting.snowflakecomputing.com, user: maasreaduser, role: undefined, database: PNPREPORTINGLIB, schema: PNPREPORTING_DATAMART, warehouse: PNPLIBRARIES, proxy was not configured, password is not provided, region: undefined, authenticator: SNOWFLAKE_JWT, ocsp mode: FAIL_OPEN, os: win32, os version: 10."}
{"level":"INFO","message":"[1:39:33.292 PM]: Connection[id: f5b1aef8-2570-41f0-9cae-3a25d817155e] additional details: passcode in password is provided, passcode is not provided, private key is provided, application: undefined, client name: snowflake-sdk, client version: 2.2.0, retry timeout: 300, private key path: undefined, private key pass is not provided, client store temporary credential: false, browser response timeout: 120000"}
{"level":"INFO","message":"[1:39:33.293 PM]: Connection[id: f5b1aef8-2570-41f0-9cae-3a25d817155e] - connection object created successfully."}
{"level":"INFO","message":"[1:39:33.293 PM]: Connection[id: f5b1aef8-2570-41f0-9cae-3a25d817155e] - connecting. Associated Snowflake domain: GLOBAL"}
{"level":"INFO","message":"[1:39:33.299 PM]: Connection[id: f5b1aef8-2570-41f0-9cae-3a25d817155e] - authentication successful using: SNOWFLAKE_JWT"}
{"level":"INFO","message":"[1:39:33.303 PM]: Connection[id: f5b1aef8-2570-41f0-9cae-3a25d817155e] - connected successfully after 9.422399999995832 milliseconds"}
{"level":"INFO","message":"[1:39:41.436 PM]: Creating new connection object"}
{"level":"INFO","message":"[1:39:41.438 PM]: Creating Connection[id: 520bb984-baeb-4138-8eb7-abed37d5e141] with host: iqviaidporg-pandpreporting.snowflakecomputing.com, account: iqviaidporg-pandpreporting, accessUrl: https://iqviaidporg-pandpreporting.snowflakecomputing.com, user: maasreaduser, role: undefined, database: PNPREPORTINGLIB, schema: PNPREPORTING_DATAMART, warehouse: PNPLIBRARIES, proxy was not configured, password is not provided, region: undefined, authenticator: SNOWFLAKE_JWT, ocsp mode: FAIL_OPEN, os: win32, os version: 10."}
{"level":"INFO","message":"[1:39:41.439 PM]: Connection[id: 520bb984-baeb-4138-8eb7-abed37d5e141] additional details: passcode in password is provided, passcode is not provided, private key is provided, application: undefined, client name: snowflake-sdk, client version: 2.2.0, retry timeout: 300, private key path: undefined, private key pass is not provided, client store temporary credential: false, browser response timeout: 120000"}
{"level":"INFO","message":"[1:39:41.439 PM]: Connection[id: 520bb984-baeb-4138-8eb7-abed37d5e141] - connection object created successfully."}
{"level":"INFO","message":"[1:39:41.440 PM]: Connection[id: 520bb984-baeb-4138-8eb7-abed37d5e141] - connecting. Associated Snowflake domain: GLOBAL"}
{"level":"INFO","message":"[1:39:41.444 PM]: Connection[id: 520bb984-baeb-4138-8eb7-abed37d5e141] - authentication successful using: SNOWFLAKE_JWT"}
{"level":"INFO","message":"[1:39:41.447 PM]: Connection[id: 520bb984-baeb-4138-8eb7-abed37d5e141] - connected successfully after 6.939100000003236 milliseconds"}
{"level":"INFO","message":"[1:39:50.622 PM]: Creating new connection object"}
{"level":"INFO","message":"[1:39:50.624 PM]: Creating Connection[id: a5353b8e-d1b4-4018-b798-6e8f5c8e0114] with host: iqviaidporg-pandpreporting.snowflakecomputing.com, account: iqviaidporg-pandpreporting, accessUrl: https://iqviaidporg-pandpreporting.snowflakecomputing.com, user: maasreaduser, role: undefined, database: PNPREPORTINGLIB, schema: PNPREPORTING_DATAMART, warehouse: PNPLIBRARIES, proxy was not configured, password is not provided, region: undefined, authenticator: SNOWFLAKE_JWT, ocsp mode: FAIL_OPEN, os: win32, os version: 10."}
{"level":"INFO","message":"[1:39:50.624 PM]: Connection[id: a5353b8e-d1b4-4018-b798-6e8f5c8e0114] additional details: passcode in password is provided, passcode is not provided, private key is provided, application: undefined, client name: snowflake-sdk, client version: 2.2.0, retry timeout: 300, private key path: undefined, private key pass is not provided, client store temporary credential: false, browser response timeout: 120000"}
{"level":"INFO","message":"[1:39:50.625 PM]: Connection[id: a5353b8e-d1b4-4018-b798-6e8f5c8e0114] - connection object created successfully."}
{"level":"INFO","message":"[1:39:50.625 PM]: Connection[id: a5353b8e-d1b4-4018-b798-6e8f5c8e0114] - connecting. Associated Snowflake domain: GLOBAL"}
{"level":"INFO","message":"[1:39:50.631 PM]: Connection[id: a5353b8e-d1b4-4018-b798-6e8f5c8e0114] - authentication successful using: SNOWFLAKE_JWT"}
{"level":"INFO","message":"[1:39:50.632 PM]: Connection[id: a5353b8e-d1b4-4018-b798-6e8f5c8e0114] - connected successfully after 7.264200000005076 milliseconds"}
{"level":"INFO","message":"[1:39:59.330 PM]: Creating new connection object"}
{"level":"INFO","message":"[1:39:59.332 PM]: Creating Connection[id: c2f1243c-5c69-4bef-850d-0ae6ef61b4c6] with host: iqviaidporg-pandpreporting.snowflakecomputing.com, account: iqviaidporg-pandpreporting, accessUrl: https://iqviaidporg-pandpreporting.snowflakecomputing.com, user: maasreaduser, role: undefined, database: PNPREPORTINGLIB, schema: PNPREPORTING_DATAMART, warehouse: PNPLIBRARIES, proxy was not configured, password is not provided, region: undefined, authenticator: SNOWFLAKE_JWT, ocsp mode: FAIL_OPEN, os: win32, os version: 10."}
{"level":"INFO","message":"[1:39:59.332 PM]: Connection[id: c2f1243c-5c69-4bef-850d-0ae6ef61b4c6] additional details: passcode in password is provided, passcode is not provided, private key is provided, application: undefined, client name: snowflake-sdk, client version: 2.2.0, retry timeout: 300, private key path: undefined, private key pass is not provided, client store temporary credential: false, browser response timeout: 120000"}
{"level":"INFO","message":"[1:39:59.333 PM]: Connection[id: c2f1243c-5c69-4bef-850d-0ae6ef61b4c6] - connection object created successfully."}
{"level":"INFO","message":"[1:39:59.333 PM]: Connection[id: c2f1243c-5c69-4bef-850d-0ae6ef61b4c6] - connecting. Associated Snowflake domain: GLOBAL"}
{"level":"INFO","message":"[1:39:59.338 PM]: Connection[id: c2f1243c-5c69-4bef-850d-0ae6ef61b4c6] - authentication successful using: SNOWFLAKE_JWT"}
{"level":"INFO","message":"[1:39:59.340 PM]: Connection[id: c2f1243c-5c69-4bef-850d-0ae6ef61b4c6] - connected successfully after 7.242400000002817 milliseconds"}
{"level":"INFO","message":"[1:40:13.173 PM]: Creating new connection object"}
{"level":"INFO","message":"[1:40:13.174 PM]: Creating Connection[id: 046ffc17-f776-43b0-a4e1-5289a8e200bd] with host: iqviaidporg-pandpreporting.snowflakecomputing.com, account: iqviaidporg-pandpreporting, accessUrl: https://iqviaidporg-pandpreporting.snowflakecomputing.com, user: maasreaduser, role: undefined, database: PNPREPORTINGLIB, schema: PNPREPORTING_DATAMART, warehouse: PNPLIBRARIES, proxy was not configured, password is not provided, region: undefined, authenticator: SNOWFLAKE_JWT, ocsp mode: FAIL_OPEN, os: win32, os version: 10."}
{"level":"INFO","message":"[1:40:13.174 PM]: Connection[id: 046ffc17-f776-43b0-a4e1-5289a8e200bd] additional details: passcode in password is provided, passcode is not provided, private key is provided, application: undefined, client name: snowflake-sdk, client version: 2.2.0, retry timeout: 300, private key path: undefined, private key pass is not provided, client store temporary credential: false, browser response timeout: 120000"}
{"level":"INFO","message":"[1:40:13.175 PM]: Connection[id: 046ffc17-f776-43b0-a4e1-5289a8e200bd] - connection object created successfully."}
{"level":"INFO","message":"[1:40:13.175 PM]: Connection[id: 046ffc17-f776-43b0-a4e1-5289a8e200bd] - connecting. Associated Snowflake domain: GLOBAL"}
{"level":"INFO","message":"[1:40:13.179 PM]: Connection[id: 046ffc17-f776-43b0-a4e1-5289a8e200bd] - authentication successful using: SNOWFLAKE_JWT"}
{"level":"INFO","message":"[1:40:13.180 PM]: Connection[id: 046ffc17-f776-43b0-a4e1-5289a8e200bd] - connected successfully after 5.4584000000031665 milliseconds"}
{"level":"INFO","message":"[1:40:50.626 PM]: Creating new connection object"}
{"level":"INFO","message":"[1:40:50.626 PM]: Creating Connection[id: f982f1b7-4a03-4d86-be32-d07f39e64f6b] with host: iqviaidporg-pandpreporting.snowflakecomputing.com, account: iqviaidporg-pandpreporting, accessUrl: https://iqviaidporg-pandpreporting.snowflakecomputing.com, user: maasreaduser, role: undefined, database: PNPREPORTINGLIB, schema: PNPREPORTING_DATAMART, warehouse: PNPLIBRARIES, proxy was not configured, password is not provided, region: undefined, authenticator: SNOWFLAKE_JWT, ocsp mode: FAIL_OPEN, os: win32, os version: 10."}
{"level":"INFO","message":"[1:40:50.627 PM]: Connection[id: f982f1b7-4a03-4d86-be32-d07f39e64f6b] additional details: passcode in password is provided, passcode is not provided, private key is provided, application: undefined, client name: snowflake-sdk, client version: 2.2.0, retry timeout: 300, private key path: undefined, private key pass is not provided, client store temporary credential: false, browser response timeout: 120000"}
{"level":"INFO","message":"[1:40:50.627 PM]: Connection[id: f982f1b7-4a03-4d86-be32-d07f39e64f6b] - connection object created successfully."}
{"level":"INFO","message":"[1:40:50.628 PM]: Connection[id: f982f1b7-4a03-4d86-be32-d07f39e64f6b] - connecting. Associated Snowflake domain: GLOBAL"}
{"level":"INFO","message":"[1:40:50.632 PM]: Connection[id: f982f1b7-4a03-4d86-be32-d07f39e64f6b] - authentication successful using: SNOWFLAKE_JWT"}
{"level":"INFO","message":"[1:40:50.634 PM]: Connection[id: f982f1b7-4a03-4d86-be32-d07f39e64f6b] - connected successfully after 5.911400000011781 milliseconds"}
{"level":"INFO","message":"[1:41:27.924 PM]: Creating new connection object"}
{"level":"INFO","message":"[1:41:27.926 PM]: Creating Connection[id: 51fbf22a-7953-4b84-9c64-a69085a99aa5] with host: iqviaidporg-pandpreporting.snowflakecomputing.com, account: iqviaidporg-pandpreporting, accessUrl: https://iqviaidporg-pandpreporting.snowflakecomputing.com, user: maasreaduser, role: undefined, database: PNPREPORTINGLIB, schema: PNPREPORTING_DATAMART, warehouse: PNPLIBRARIES, proxy was not configured, password is not provided, region: undefined, authenticator: SNOWFLAKE_JWT, ocsp mode: FAIL_OPEN, os: win32, os version: 10."}
{"level":"INFO","message":"[1:41:27.926 PM]: Connection[id: 51fbf22a-7953-4b84-9c64-a69085a99aa5] additional details: passcode in password is provided, passcode is not provided, private key is provided, application: undefined, client name: snowflake-sdk, client version: 2.2.0, retry timeout: 300, private key path: undefined, private key pass is not provided, client store temporary credential: false, browser response timeout: 120000"}
{"level":"INFO","message":"[1:41:27.927 PM]: Connection[id: 51fbf22a-7953-4b84-9c64-a69085a99aa5] - connection object created successfully."}
{"level":"INFO","message":"[1:41:27.927 PM]: Connection[id: 51fbf22a-7953-4b84-9c64-a69085a99aa5] - connecting. Associated Snowflake domain: GLOBAL"}
{"level":"INFO","message":"[1:41:27.931 PM]: Connection[id: 51fbf22a-7953-4b84-9c64-a69085a99aa5] - authentication successful using: SNOWFLAKE_JWT"}
{"level":"INFO","message":"[1:41:27.933 PM]: Connection[id: 51fbf22a-7953-4b84-9c64-a69085a99aa5] - connected successfully after 5.658499999990454 milliseconds"}
{"level":"INFO","message":"[1:41:37.744 PM]: Creating new connection object"}
{"level":"INFO","message":"[1:41:37.746 PM]: Creating Connection[id: 00f933de-665d-4821-a51f-bfee1b15950d] with host: iqviaidporg-pandpreporting.snowflakecomputing.com, account: iqviaidporg-pandpreporting, accessUrl: https://iqviaidporg-pandpreporting.snowflakecomputing.com, user: maasreaduser, role: undefined, database: PNPREPORTINGLIB, schema: PNPREPORTING_DATAMART, warehouse: PNPLIBRARIES, proxy was not configured, password is not provided, region: undefined, authenticator: SNOWFLAKE_JWT, ocsp mode: FAIL_OPEN, os: win32, os version: 10."}
{"level":"INFO","message":"[1:41:37.746 PM]: Connection[id: 00f933de-665d-4821-a51f-bfee1b15950d] additional details: passcode in password is provided, passcode is not provided, private key is provided, application: undefined, client name: snowflake-sdk, client version: 2.2.0, retry timeout: 300, private key path: undefined, private key pass is not provided, client store temporary credential: false, browser response timeout: 120000"}
{"level":"INFO","message":"[1:41:37.774 PM]: Connection[id: 00f933de-665d-4821-a51f-bfee1b15950d] - connection object created successfully."}
{"level":"INFO","message":"[1:41:37.774 PM]: Connection[id: 00f933de-665d-4821-a51f-bfee1b15950d] - connecting. Associated Snowflake domain: GLOBAL"}
{"level":"INFO","message":"[1:41:37.779 PM]: Connection[id: 00f933de-665d-4821-a51f-bfee1b15950d] - authentication successful using: SNOWFLAKE_JWT"}
{"level":"INFO","message":"[1:41:37.780 PM]: Connection[id: 00f933de-665d-4821-a51f-bfee1b15950d] - connected successfully after 5.838900000002468 milliseconds"}
{"level":"INFO","message":"[1:41:40.939 PM]: Creating new connection object"}
{"level":"INFO","message":"[1:41:40.941 PM]: Creating Connection[id: ed9bc191-fc16-4791-8789-a3fd7a70f292] with host: iqviaidporg-pandpreporting.snowflakecomputing.com, account: iqviaidporg-pandpreporting, accessUrl: https://iqviaidporg-pandpreporting.snowflakecomputing.com, user: maasreaduser, role: undefined, database: PNPREPORTINGLIB, schema: PNPREPORTING_DATAMART, warehouse: PNPLIBRARIES, proxy was not configured, password is not provided, region: undefined, authenticator: SNOWFLAKE_JWT, ocsp mode: FAIL_OPEN, os: win32, os version: 10."}
{"level":"INFO","message":"[1:41:40.941 PM]: Connection[id: ed9bc191-fc16-4791-8789-a3fd7a70f292] additional details: passcode in password is provided, passcode is not provided, private key is provided, application: undefined, client name: snowflake-sdk, client version: 2.2.0, retry timeout: 300, private key path: undefined, private key pass is not provided, client store temporary credential: false, browser response timeout: 120000"}
{"level":"INFO","message":"[1:41:40.942 PM]: Connection[id: ed9bc191-fc16-4791-8789-a3fd7a70f292] - connection object created successfully."}
{"level":"INFO","message":"[1:41:40.942 PM]: Connection[id: ed9bc191-fc16-4791-8789-a3fd7a70f292] - connecting. Associated Snowflake domain: GLOBAL"}
{"level":"INFO","message":"[1:41:40.947 PM]: Connection[id: ed9bc191-fc16-4791-8789-a3fd7a70f292] - authentication successful using: SNOWFLAKE_JWT"}
{"level":"INFO","message":"[1:41:40.949 PM]: Connection[id: ed9bc191-fc16-4791-8789-a3fd7a70f292] - connected successfully after 6.402699999976903 milliseconds"}
{"level":"INFO","message":"[1:47:20.083 PM]: Creating new connection object"}
{"level":"INFO","message":"[1:47:20.084 PM]: Creating Connection[id: bb123dbc-b656-446c-b2ec-fb2b512589d2] with host: iqviaidporg-pandpreporting.snowflakecomputing.com, account: iqviaidporg-pandpreporting, accessUrl: https://iqviaidporg-pandpreporting.snowflakecomputing.com, user: maasreaduser, role: undefined, database: PNPREPORTINGLIB, schema: PNPREPORTING_DATAMART, warehouse: PNPLIBRARIES, proxy was not configured, password is not provided, region: undefined, authenticator: SNOWFLAKE_JWT, ocsp mode: FAIL_OPEN, os: win32, os version: 10."}
{"level":"INFO","message":"[1:47:20.085 PM]: Connection[id: bb123dbc-b656-446c-b2ec-fb2b512589d2] additional details: passcode in password is provided, passcode is not provided, private key is provided, application: undefined, client name: snowflake-sdk, client version: 2.2.0, retry timeout: 300, private key path: undefined, private key pass is not provided, client store temporary credential: false, browser response timeout: 120000"}
{"level":"INFO","message":"[1:47:20.085 PM]: Connection[id: bb123dbc-b656-446c-b2ec-fb2b512589d2] - connection object created successfully."}
{"level":"INFO","message":"[1:47:20.086 PM]: Connection[id: bb123dbc-b656-446c-b2ec-fb2b512589d2] - connecting. Associated Snowflake domain: GLOBAL"}
{"level":"INFO","message":"[1:47:20.089 PM]: Connection[id: bb123dbc-b656-446c-b2ec-fb2b512589d2] - authentication successful using: SNOWFLAKE_JWT"}
{"level":"INFO","message":"[1:47:20.091 PM]: Connection[id: bb123dbc-b656-446c-b2ec-fb2b512589d2] - connected successfully after 4.963699999963865 milliseconds"}
{"level":"INFO","message":"[2:03:22.784 PM]: Creating new connection object"}
{"level":"INFO","message":"[2:03:22.786 PM]: Creating Connection[id: 42e2a61f-46b8-44b6-8568-16ae8e5fea5a] with host: iqviaidporg-pandpreporting.snowflakecomputing.com, account: iqviaidporg-pandpreporting, accessUrl: https://iqviaidporg-pandpreporting.snowflakecomputing.com, user: maasreaduser, role: undefined, database: PNPREPORTINGLIB, schema: PNPREPORTING_DATAMART, warehouse: PNPLIBRARIES, proxy was not configured, password is not provided, region: undefined, authenticator: SNOWFLAKE_JWT, ocsp mode: FAIL_OPEN, os: win32, os version: 10."}
{"level":"INFO","message":"[2:03:22.787 PM]: Connection[id: 42e2a61f-46b8-44b6-8568-16ae8e5fea5a] additional details: passcode in password is provided, passcode is not provided, private key is provided, application: undefined, client name: snowflake-sdk, client version: 2.2.0, retry timeout: 300, private key path: undefined, private key pass is not provided, client store temporary credential: false, browser response timeout: 120000"}
{"level":"INFO","message":"[2:03:22.787 PM]: Connection[id: 42e2a61f-46b8-44b6-8568-16ae8e5fea5a] - connection object created successfully."}
{"level":"INFO","message":"[2:03:22.787 PM]: Connection[id: 42e2a61f-46b8-44b6-8568-16ae8e5fea5a] - connecting. Associated Snowflake domain: GLOBAL"}
{"level":"INFO","message":"[2:03:22.791 PM]: Connection[id: 42e2a61f-46b8-44b6-8568-16ae8e5fea5a] - authentication successful using: SNOWFLAKE_JWT"}
{"level":"INFO","message":"[2:03:22.792 PM]: Connection[id: 42e2a61f-46b8-44b6-8568-16ae8e5fea5a] - connected successfully after 4.818699999945238 milliseconds"}
{"level":"INFO","message":"[2:25:39.598 PM]: Creating new connection object"}
{"level":"INFO","message":"[2:25:39.599 PM]: Creating Connection[id: 3103c7ec-4eb3-4e0c-83c6-c1e149468c7b] with host: iqviaidporg-pandpreporting.snowflakecomputing.com, account: iqviaidporg-pandpreporting, accessUrl: https://iqviaidporg-pandpreporting.snowflakecomputing.com, user: maasreaduser, role: undefined, database: PNPREPORTINGLIB, schema: PNPREPORTING_DATAMART, warehouse: PNPLIBRARIES, proxy was not configured, password is not provided, region: undefined, authenticator: SNOWFLAKE_JWT, ocsp mode: FAIL_OPEN, os: win32, os version: 10."}
{"level":"INFO","message":"[2:25:39.600 PM]: Connection[id: 3103c7ec-4eb3-4e0c-83c6-c1e149468c7b] additional details: passcode in password is provided, passcode is not provided, private key is provided, application: undefined, client name: snowflake-sdk, client version: 2.2.0, retry timeout: 300, private key path: undefined, private key pass is not provided, client store temporary credential: false, browser response timeout: 120000"}
{"level":"INFO","message":"[2:25:39.600 PM]: Connection[id: 3103c7ec-4eb3-4e0c-83c6-c1e149468c7b] - connection object created successfully."}
{"level":"INFO","message":"[2:25:39.600 PM]: Connection[id: 3103c7ec-4eb3-4e0c-83c6-c1e149468c7b] - connecting. Associated Snowflake domain: GLOBAL"}
{"level":"INFO","message":"[2:25:39.603 PM]: Connection[id: 3103c7ec-4eb3-4e0c-83c6-c1e149468c7b] - authentication successful using: SNOWFLAKE_JWT"}
{"level":"INFO","message":"[2:25:39.604 PM]: Connection[id: 3103c7ec-4eb3-4e0c-83c6-c1e149468c7b] - connected successfully after 4.220000000204891 milliseconds"}
{"level":"INFO","message":"[2:30:41.193 PM]: Creating new connection object"}
{"level":"INFO","message":"[2:30:41.216 PM]: Creating Connection[id: 9980b2ab-97dc-40ca-8894-e1522c495442] with host: iqviaidporg-pandpreporting.snowflakecomputing.com, account: iqviaidporg-pandpreporting, accessUrl: https://iqviaidporg-pandpreporting.snowflakecomputing.com, user: maasreaduser, role: undefined, database: PNPREPORTINGLIB, schema: PNPREPORTING_DATAMART, warehouse: PNPLIBRARIES, proxy was not configured, password is not provided, region: undefined, authenticator: SNOWFLAKE_JWT, ocsp mode: FAIL_OPEN, os: win32, os version: 10."}
{"level":"INFO","message":"[2:30:41.217 PM]: Connection[id: 9980b2ab-97dc-40ca-8894-e1522c495442] additional details: passcode in password is provided, passcode is not provided, private key is provided, application: undefined, client name: snowflake-sdk, client version: 2.2.0, retry timeout: 300, private key path: undefined, private key pass is not provided, client store temporary credential: false, browser response timeout: 120000"}
{"level":"INFO","message":"[2:30:41.218 PM]: Connection[id: 9980b2ab-97dc-40ca-8894-e1522c495442] - connection object created successfully."}
{"level":"INFO","message":"[2:30:41.219 PM]: Connection[id: 9980b2ab-97dc-40ca-8894-e1522c495442] - connecting. Associated Snowflake domain: GLOBAL"}
{"level":"INFO","message":"[2:30:41.228 PM]: Connection[id: 9980b2ab-97dc-40ca-8894-e1522c495442] - authentication successful using: SNOWFLAKE_JWT"}
{"level":"INFO","message":"[2:30:41.229 PM]: Trying to initialize Easy Logging"}
{"level":"INFO","message":"[2:30:41.231 PM]: No client config detected."}
{"level":"INFO","message":"[2:30:41.232 PM]: No config file path found. Client config will not be used."}
{"level":"INFO","message":"[2:30:41.232 PM]: Easy Logging is disabled as no config has been found"}
{"level":"INFO","message":"[2:30:41.238 PM]: Connection[id: 9980b2ab-97dc-40ca-8894-e1522c495442] - connected successfully after 18.52509999999984 milliseconds"}
{"level":"INFO","message":"[2:31:11.417 PM]: Creating new connection object"}
{"level":"INFO","message":"[2:31:11.434 PM]: Creating Connection[id: e4865d26-488e-4e38-83a8-e0237e48197b] with host: iqviaidporg-pandpreporting.snowflakecomputing.com, account: iqviaidporg-pandpreporting, accessUrl: https://iqviaidporg-pandpreporting.snowflakecomputing.com, user: maasreaduser, role: undefined, database: PNPREPORTINGLIB, schema: PNPREPORTING_DATAMART, warehouse: PNPLIBRARIES, proxy was not configured, password is not provided, region: undefined, authenticator: SNOWFLAKE_JWT, ocsp mode: FAIL_OPEN, os: win32, os version: 10."}
{"level":"INFO","message":"[2:31:11.435 PM]: Connection[id: e4865d26-488e-4e38-83a8-e0237e48197b] additional details: passcode in password is provided, passcode is not provided, private key is provided, application: undefined, client name: snowflake-sdk, client version: 2.2.0, retry timeout: 300, private key path: undefined, private key pass is not provided, client store temporary credential: false, browser response timeout: 120000"}
{"level":"INFO","message":"[2:31:11.436 PM]: Connection[id: e4865d26-488e-4e38-83a8-e0237e48197b] - connection object created successfully."}
{"level":"INFO","message":"[2:31:11.437 PM]: Connection[id: e4865d26-488e-4e38-83a8-e0237e48197b] - connecting. Associated Snowflake domain: GLOBAL"}
{"level":"INFO","message":"[2:31:11.447 PM]: Connection[id: e4865d26-488e-4e38-83a8-e0237e48197b] - authentication successful using: SNOWFLAKE_JWT"}
{"level":"INFO","message":"[2:31:11.448 PM]: Trying to initialize Easy Logging"}
{"level":"INFO","message":"[2:31:11.451 PM]: No client config detected."}
{"level":"INFO","message":"[2:31:11.452 PM]: No config file path found. Client config will not be used."}
{"level":"INFO","message":"[2:31:11.453 PM]: Easy Logging is disabled as no config has been found"}
{"level":"INFO","message":"[2:31:11.457 PM]: Connection[id: e4865d26-488e-4e38-83a8-e0237e48197b] - connected successfully after 19.89579999999978 milliseconds"}
{"level":"INFO","message":"[2:31:58.837 PM]: Creating new connection object"}
{"level":"INFO","message":"[2:31:58.854 PM]: Creating Connection[id: a819b9cd-0892-4666-b965-215c8137dbd9] with host: iqviaidporg-pandpreporting.snowflakecomputing.com, account: iqviaidporg-pandpreporting, accessUrl: https://iqviaidporg-pandpreporting.snowflakecomputing.com, user: maasreaduser, role: undefined, database: PNPREPORTINGLIB, schema: PNPREPORTING_DATAMART, warehouse: PNPLIBRARIES, proxy was not configured, password is not provided, region: undefined, authenticator: SNOWFLAKE_JWT, ocsp mode: FAIL_OPEN, os: win32, os version: 10."}
{"level":"INFO","message":"[2:31:58.855 PM]: Connection[id: a819b9cd-0892-4666-b965-215c8137dbd9] additional details: passcode in password is provided, passcode is not provided, private key is provided, application: undefined, client name: snowflake-sdk, client version: 2.2.0, retry timeout: 300, private key path: undefined, private key pass is not provided, client store temporary credential: false, browser response timeout: 120000"}
{"level":"INFO","message":"[2:31:58.856 PM]: Connection[id: a819b9cd-0892-4666-b965-215c8137dbd9] - connection object created successfully."}
{"level":"INFO","message":"[2:31:58.857 PM]: Connection[id: a819b9cd-0892-4666-b965-215c8137dbd9] - connecting. Associated Snowflake domain: GLOBAL"}
{"level":"INFO","message":"[2:31:58.868 PM]: Connection[id: a819b9cd-0892-4666-b965-215c8137dbd9] - authentication successful using: SNOWFLAKE_JWT"}
{"level":"INFO","message":"[2:31:58.869 PM]: Trying to initialize Easy Logging"}
{"level":"INFO","message":"[2:31:58.871 PM]: No client config detected."}
{"level":"INFO","message":"[2:31:58.872 PM]: No config file path found. Client config will not be used."}
{"level":"INFO","message":"[2:31:58.873 PM]: Easy Logging is disabled as no config has been found"}
{"level":"INFO","message":"[2:31:58.877 PM]: Connection[id: a819b9cd-0892-4666-b965-215c8137dbd9] - connected successfully after 20.069499999999607 milliseconds"}
{"level":"INFO","message":"[2:34:36.290 PM]: Creating new connection object"}
{"level":"INFO","message":"[2:34:36.306 PM]: Creating Connection[id: e81c3fb4-d135-4114-b316-a8fa68589e68] with host: iqviaidporg-pandpreporting.snowflakecomputing.com, account: iqviaidporg-pandpreporting, accessUrl: https://iqviaidporg-pandpreporting.snowflakecomputing.com, user: maasreaduser, role: undefined, database: PNPREPORTINGLIB, schema: PNPREPORTING_DATAMART, warehouse: PNPLIBRARIES, proxy was not configured, password is not provided, region: undefined, authenticator: SNOWFLAKE_JWT, ocsp mode: FAIL_OPEN, os: win32, os version: 10."}
{"level":"INFO","message":"[2:34:36.307 PM]: Connection[id: e81c3fb4-d135-4114-b316-a8fa68589e68] additional details: passcode in password is provided, passcode is not provided, private key is provided, application: undefined, client name: snowflake-sdk, client version: 2.2.0, retry timeout: 300, private key path: undefined, private key pass is not provided, client store temporary credential: false, browser response timeout: 120000"}
{"level":"INFO","message":"[2:34:36.310 PM]: Connection[id: e81c3fb4-d135-4114-b316-a8fa68589e68] - connection object created successfully."}
{"level":"INFO","message":"[2:34:36.311 PM]: Connection[id: e81c3fb4-d135-4114-b316-a8fa68589e68] - connecting. Associated Snowflake domain: GLOBAL"}
{"level":"INFO","message":"[2:34:36.318 PM]: Connection[id: e81c3fb4-d135-4114-b316-a8fa68589e68] - authentication successful using: SNOWFLAKE_JWT"}
{"level":"INFO","message":"[2:34:36.319 PM]: Trying to initialize Easy Logging"}
{"level":"INFO","message":"[2:34:36.322 PM]: No client config detected."}
{"level":"INFO","message":"[2:34:36.323 PM]: No config file path found. Client config will not be used."}
{"level":"INFO","message":"[2:34:36.324 PM]: Easy Logging is disabled as no config has been found"}
{"level":"INFO","message":"[2:34:36.330 PM]: Connection[id: e81c3fb4-d135-4114-b316-a8fa68589e68] - connected successfully after 19.29649999999947 milliseconds"}
{"level":"INFO","message":"[2:35:51.433 PM]: Creating new connection object"}
{"level":"INFO","message":"[2:35:51.449 PM]: Creating Connection[id: b9f96094-fce6-4f94-8fb1-ae0c073db429] with host: iqviaidporg-pandpreporting.snowflakecomputing.com, account: iqviaidporg-pandpreporting, accessUrl: https://iqviaidporg-pandpreporting.snowflakecomputing.com, user: maasreaduser, role: undefined, database: undefined, schema: undefined, warehouse: PNPLIBRARIES, proxy was not configured, password is not provided, region: undefined, authenticator: SNOWFLAKE_JWT, ocsp mode: FAIL_OPEN, os: win32, os version: 10.0.26100"}
{"level":"INFO","message":"[2:35:51.450 PM]: Connection[id: b9f96094-fce6-4f94-8fb1-ae0c073db429] additional details: passcode in password is provided, passcode is not provided, private key is provided, application: undefined, client name: snowflake-sdk, client version: 2.2.0, retry timeout: 300, private key path: undefined, private key pass is not provided, client store temporary credential: false, browser response timeout: 120000"}
{"level":"INFO","message":"[2:35:51.451 PM]: Connection[id: b9f96094-fce6-4f94-8fb1-ae0c073db429] - connection object created successfully."}
{"level":"INFO","message":"[2:35:51.452 PM]: Connection[id: b9f96094-fce6-4f94-8fb1-ae0c073db429] - connecting. Associated Snowflake domain: GLOBAL"}
{"level":"INFO","message":"[2:35:51.457 PM]: Connection[id: b9f96094-fce6-4f94-8fb1-ae0c073db429] - authentication successful using: SNOWFLAKE_JWT"}
{"level":"INFO","message":"[2:35:51.459 PM]: Trying to initialize Easy Logging"}
{"level":"INFO","message":"[2:35:51.462 PM]: No client config detected."}
{"level":"INFO","message":"[2:35:51.463 PM]: No config file path found. Client config will not be used."}
{"level":"INFO","message":"[2:35:51.464 PM]: Easy Logging is disabled as no config has been found"}
{"level":"INFO","message":"[2:35:51.469 PM]: Connection[id: b9f96094-fce6-4f94-8fb1-ae0c073db429] - connected successfully after 16.946600000000217 milliseconds"}
{"level":"INFO","message":"[2:38:56.015 PM]: Creating new connection object"}
{"level":"INFO","message":"[2:38:56.031 PM]: Creating Connection[id: 7a5852cf-7ce1-4262-a829-c7f144a5107b] with host: iqviaidporg-pandpreporting.snowflakecomputing.com, account: iqviaidporg-pandpreporting, accessUrl: https://iqviaidporg-pandpreporting.snowflakecomputing.com, user: maasreaduser, role: undefined, database: PNPREPORTINGLIB, schema: PNPREPORTING_DATAMART, warehouse: PNPLIBRARIES, proxy was not configured, password is not provided, region: undefined, authenticator: SNOWFLAKE_JWT, ocsp mode: FAIL_OPEN, os: win32, os version: 10."}
{"level":"INFO","message":"[2:38:56.032 PM]: Connection[id: 7a5852cf-7ce1-4262-a829-c7f144a5107b] additional details: passcode in password is provided, passcode is not provided, private key is provided, application: undefined, client name: snowflake-sdk, client version: 2.2.0, retry timeout: 300, private key path: undefined, private key pass is not provided, client store temporary credential: false, browser response timeout: 120000"}
{"level":"INFO","message":"[2:38:56.033 PM]: Connection[id: 7a5852cf-7ce1-4262-a829-c7f144a5107b] - connection object created successfully."}
{"level":"INFO","message":"[2:38:56.034 PM]: Connection[id: 7a5852cf-7ce1-4262-a829-c7f144a5107b] - connecting. Associated Snowflake domain: GLOBAL"}
{"level":"INFO","message":"[2:38:56.040 PM]: Connection[id: 7a5852cf-7ce1-4262-a829-c7f144a5107b] - authentication successful using: SNOWFLAKE_JWT"}
{"level":"INFO","message":"[2:38:56.042 PM]: Trying to initialize Easy Logging"}
{"level":"INFO","message":"[2:38:56.045 PM]: No client config detected."}
{"level":"INFO","message":"[2:38:56.046 PM]: No config file path found. Client config will not be used."}
{"level":"INFO","message":"[2:38:56.047 PM]: Easy Logging is disabled as no config has been found"}
{"level":"INFO","message":"[2:38:56.052 PM]: Connection[id: 7a5852cf-7ce1-4262-a829-c7f144a5107b] - connected successfully after 17.666199999999662 milliseconds"}
{"level":"INFO","message":"[2:39:04.567 PM]: Creating new connection object"}
{"level":"INFO","message":"[2:39:04.568 PM]: Creating Connection[id: 82af7adb-515a-49fb-a8e0-83ff382e7228] with host: iqviaidporg-pandpreporting.snowflakecomputing.com, account: iqviaidporg-pandpreporting, accessUrl: https://iqviaidporg-pandpreporting.snowflakecomputing.com, user: maasreaduser, role: undefined, database: PNPREPORTINGLIB, schema: PNPREPORTING_DATAMART, warehouse: PNPLIBRARIES, proxy was not configured, password is not provided, region: undefined, authenticator: SNOWFLAKE_JWT, ocsp mode: FAIL_OPEN, os: win32, os version: 10."}
{"level":"INFO","message":"[2:39:04.569 PM]: Connection[id: 82af7adb-515a-49fb-a8e0-83ff382e7228] additional details: passcode in password is provided, passcode is not provided, private key is provided, application: undefined, client name: snowflake-sdk, client version: 2.2.0, retry timeout: 300, private key path: undefined, private key pass is not provided, client store temporary credential: false, browser response timeout: 120000"}
{"level":"INFO","message":"[2:39:04.569 PM]: Connection[id: 82af7adb-515a-49fb-a8e0-83ff382e7228] - connection object created successfully."}
{"level":"INFO","message":"[2:39:04.570 PM]: Connection[id: 82af7adb-515a-49fb-a8e0-83ff382e7228] - connecting. Associated Snowflake domain: GLOBAL"}
{"level":"INFO","message":"[2:39:04.574 PM]: Connection[id: 82af7adb-515a-49fb-a8e0-83ff382e7228] - authentication successful using: SNOWFLAKE_JWT"}
{"level":"INFO","message":"[2:39:04.576 PM]: Connection[id: 82af7adb-515a-49fb-a8e0-83ff382e7228] - connected successfully after 6.4364000000023225 milliseconds"}
{"level":"INFO","message":"[2:40:29.553 PM]: Creating new connection object"}
{"level":"INFO","message":"[2:40:29.554 PM]: Creating Connection[id: 630c11ca-8199-436e-9b7d-f6ce285a30c0] with host: iqviaidporg-pandpreporting.snowflakecomputing.com, account: iqviaidporg-pandpreporting, accessUrl: https://iqviaidporg-pandpreporting.snowflakecomputing.com, user: maasreaduser, role: undefined, database: PNPREPORTINGLIB, schema: PNPREPORTING_DATAMART, warehouse: PNPLIBRARIES, proxy was not configured, password is not provided, region: undefined, authenticator: SNOWFLAKE_JWT, ocsp mode: FAIL_OPEN, os: win32, os version: 10."}
{"level":"INFO","message":"[2:40:29.555 PM]: Connection[id: 630c11ca-8199-436e-9b7d-f6ce285a30c0] additional details: passcode in password is provided, passcode is not provided, private key is provided, application: undefined, client name: snowflake-sdk, client version: 2.2.0, retry timeout: 300, private key path: undefined, private key pass is not provided, client store temporary credential: false, browser response timeout: 120000"}
{"level":"INFO","message":"[2:40:29.555 PM]: Connection[id: 630c11ca-8199-436e-9b7d-f6ce285a30c0] - connection object created successfully."}
{"level":"INFO","message":"[2:40:29.555 PM]: Connection[id: 630c11ca-8199-436e-9b7d-f6ce285a30c0] - connecting. Associated Snowflake domain: GLOBAL"}
{"level":"INFO","message":"[2:40:29.558 PM]: Connection[id: 630c11ca-8199-436e-9b7d-f6ce285a30c0] - authentication successful using: SNOWFLAKE_JWT"}
{"level":"INFO","message":"[2:40:29.559 PM]: Connection[id: 630c11ca-8199-436e-9b7d-f6ce285a30c0] - connected successfully after 3.9814000000042142 milliseconds"}
{"level":"INFO","message":"[2:46:56.667 PM]: Creating new connection object"}
{"level":"INFO","message":"[2:46:56.695 PM]: Creating Connection[id: 2b8b9614-a6a2-44b5-a863-5fbdd7fb6ba8] with host: iqviaidporg-pandpreporting.snowflakecomputing.com, account: iqviaidporg-pandpreporting, accessUrl: https://iqviaidporg-pandpreporting.snowflakecomputing.com, user: maasreaduser, role: undefined, database: PNPREPORTINGLIB, schema: PNPREPORTING_DATAMART, warehouse: PNPLIBRARIES, proxy was not configured, password is not provided, region: undefined, authenticator: SNOWFLAKE_JWT, ocsp mode: FAIL_OPEN, os: win32, os version: 10."}
{"level":"INFO","message":"[2:46:56.697 PM]: Connection[id: 2b8b9614-a6a2-44b5-a863-5fbdd7fb6ba8] additional details: passcode in password is provided, passcode is not provided, private key is provided, application: undefined, client name: snowflake-sdk, client version: 2.2.0, retry timeout: 300, private key path: undefined, private key pass is not provided, client store temporary credential: false, browser response timeout: 120000"}
{"level":"INFO","message":"[2:46:56.699 PM]: Connection[id: 2b8b9614-a6a2-44b5-a863-5fbdd7fb6ba8] - connection object created successfully."}
{"level":"INFO","message":"[2:46:56.701 PM]: Connection[id: 2b8b9614-a6a2-44b5-a863-5fbdd7fb6ba8] - connecting. Associated Snowflake domain: GLOBAL"}
{"level":"INFO","message":"[2:46:56.711 PM]: Connection[id: 2b8b9614-a6a2-44b5-a863-5fbdd7fb6ba8] - authentication successful using: SNOWFLAKE_JWT"}
{"level":"INFO","message":"[2:46:56.711 PM]: Trying to initialize Easy Logging"}
{"level":"INFO","message":"[2:46:56.714 PM]: No client config detected."}
{"level":"INFO","message":"[2:46:56.715 PM]: No config file path found. Client config will not be used."}
{"level":"INFO","message":"[2:46:56.716 PM]: Easy Logging is disabled as no config has been found"}
{"level":"INFO","message":"[2:46:56.723 PM]: Connection[id: 2b8b9614-a6a2-44b5-a863-5fbdd7fb6ba8] - connected successfully after 21.517299999999523 milliseconds"}
{"level":"INFO","message":"[2:48:33.113 PM]: Creating new connection object"}
{"level":"INFO","message":"[2:48:33.130 PM]: Creating Connection[id: abb8ba3c-1c00-4b4e-9e95-fae15be4a238] with host: iqviaidporg-pandpreporting.snowflakecomputing.com, account: iqviaidporg-pandpreporting, accessUrl: https://iqviaidporg-pandpreporting.snowflakecomputing.com, user: maasreaduser, role: undefined, database: PNPREPORTINGLIB, schema: PNPREPORTING_DATAMART, warehouse: PNPLIBRARIES, proxy was not configured, password is not provided, region: undefined, authenticator: SNOWFLAKE_JWT, ocsp mode: FAIL_OPEN, os: win32, os version: 10."}
{"level":"INFO","message":"[2:48:33.131 PM]: Connection[id: abb8ba3c-1c00-4b4e-9e95-fae15be4a238] additional details: passcode in password is provided, passcode is not provided, private key is provided, application: undefined, client name: snowflake-sdk, client version: 2.2.0, retry timeout: 300, private key path: undefined, private key pass is not provided, client store temporary credential: false, browser response timeout: 120000"}
{"level":"INFO","message":"[2:48:33.132 PM]: Connection[id: abb8ba3c-1c00-4b4e-9e95-fae15be4a238] - connection object created successfully."}
{"level":"INFO","message":"[2:48:33.133 PM]: Connection[id: abb8ba3c-1c00-4b4e-9e95-fae15be4a238] - connecting. Associated Snowflake domain: GLOBAL"}
{"level":"INFO","message":"[2:48:33.139 PM]: Connection[id: abb8ba3c-1c00-4b4e-9e95-fae15be4a238] - authentication successful using: SNOWFLAKE_JWT"}
{"level":"INFO","message":"[2:48:33.140 PM]: Trying to initialize Easy Logging"}
{"level":"INFO","message":"[2:48:33.143 PM]: No client config detected."}
{"level":"INFO","message":"[2:48:33.145 PM]: No config file path found. Client config will not be used."}
{"level":"INFO","message":"[2:48:33.146 PM]: Easy Logging is disabled as no config has been found"}
{"level":"INFO","message":"[2:48:33.151 PM]: Connection[id: abb8ba3c-1c00-4b4e-9e95-fae15be4a238] - connected successfully after 17.852100000000064 milliseconds"}
{"level":"INFO","message":"[2:49:12.925 PM]: Creating new connection object"}
{"level":"INFO","message":"[2:49:12.951 PM]: Creating Connection[id: 01f7645d-72ce-4512-8d28-4a39fc92b69a] with host: iqviaidporg-pandpreporting.snowflakecomputing.com, account: iqviaidporg-pandpreporting, accessUrl: https://iqviaidporg-pandpreporting.snowflakecomputing.com, user: maasreaduser, role: undefined, database: PNPREPORTINGLIB, schema: PNPREPORTING_DATAMART, warehouse: PNPLIBRARIES, proxy was not configured, password is not provided, region: undefined, authenticator: SNOWFLAKE_JWT, ocsp mode: FAIL_OPEN, os: win32, os version: 10."}
{"level":"INFO","message":"[2:49:12.952 PM]: Connection[id: 01f7645d-72ce-4512-8d28-4a39fc92b69a] additional details: passcode in password is provided, passcode is not provided, private key is provided, application: undefined, client name: snowflake-sdk, client version: 2.2.0, retry timeout: 300, private key path: undefined, private key pass is not provided, client store temporary credential: false, browser response timeout: 120000"}
{"level":"INFO","message":"[2:49:12.953 PM]: Connection[id: 01f7645d-72ce-4512-8d28-4a39fc92b69a] - connection object created successfully."}
{"level":"INFO","message":"[2:49:12.954 PM]: Connection[id: 01f7645d-72ce-4512-8d28-4a39fc92b69a] - connecting. Associated Snowflake domain: GLOBAL"}
{"level":"INFO","message":"[2:49:12.964 PM]: Connection[id: 01f7645d-72ce-4512-8d28-4a39fc92b69a] - authentication successful using: SNOWFLAKE_JWT"}
{"level":"INFO","message":"[2:49:12.966 PM]: Trying to initialize Easy Logging"}
{"level":"INFO","message":"[2:49:12.970 PM]: No client config detected."}
{"level":"INFO","message":"[2:49:12.971 PM]: No config file path found. Client config will not be used."}
{"level":"INFO","message":"[2:49:12.973 PM]: Easy Logging is disabled as no config has been found"}
{"level":"INFO","message":"[2:49:12.979 PM]: Connection[id: 01f7645d-72ce-4512-8d28-4a39fc92b69a] - connected successfully after 25.18459999999959 milliseconds"}
{"level":"INFO","message":"[2:53:04.874 PM]: Creating new connection object"}
{"level":"INFO","message":"[2:53:04.876 PM]: Creating Connection[id: e846fc1c-4a32-4946-9a2d-7473d2e778be] with host: iqviaidporg-pandpreporting.snowflakecomputing.com, account: iqviaidporg-pandpreporting, accessUrl: https://iqviaidporg-pandpreporting.snowflakecomputing.com, user: maasreaduser, role: undefined, database: PNPREPORTING_LIB, schema: PNPREPORTING_DATAMART, warehouse: PNPLIBRARIES, proxy was not configured, password is not provided, region: undefined, authenticator: SNOWFLAKE_JWT, ocsp mode: FAIL_OPEN, os: win32, os version: 10"}
{"level":"INFO","message":"[2:53:04.876 PM]: Connection[id: e846fc1c-4a32-4946-9a2d-7473d2e778be] additional details: passcode in password is provided, passcode is not provided, private key is provided, application: undefined, client name: snowflake-sdk, client version: 2.2.0, retry timeout: 300, private key path: undefined, private key pass is not provided, client store temporary credential: false, browser response timeout: 120000"}
{"level":"INFO","message":"[2:53:04.877 PM]: Connection[id: e846fc1c-4a32-4946-9a2d-7473d2e778be] - connection object created successfully."}
{"level":"INFO","message":"[2:53:04.877 PM]: Connection[id: e846fc1c-4a32-4946-9a2d-7473d2e778be] - connecting. Associated Snowflake domain: GLOBAL"}
{"level":"INFO","message":"[2:53:04.881 PM]: Connection[id: e846fc1c-4a32-4946-9a2d-7473d2e778be] - authentication successful using: SNOWFLAKE_JWT"}
{"level":"INFO","message":"[2:53:04.883 PM]: Connection[id: e846fc1c-4a32-4946-9a2d-7473d2e778be] - connected successfully after 5.8818000000028405 milliseconds"}
{"level":"INFO","message":"[2:53:21.821 PM]: Creating new connection object"}
{"level":"INFO","message":"[2:53:21.823 PM]: Creating Connection[id: 56c83e9a-f838-40fc-8ce3-d5270f7961e1] with host: iqviaidporg-pandpreporting.snowflakecomputing.com, account: iqviaidporg-pandpreporting, accessUrl: https://iqviaidporg-pandpreporting.snowflakecomputing.com, user: maasreaduser, role: undefined, database: PNPREPORTING_LIB, schema: PNPREPORTING_DATAMART, warehouse: PNPLIBRARIES, proxy was not configured, password is not provided, region: undefined, authenticator: SNOWFLAKE_JWT, ocsp mode: FAIL_OPEN, os: win32, os version: 10"}
{"level":"INFO","message":"[2:53:21.823 PM]: Connection[id: 56c83e9a-f838-40fc-8ce3-d5270f7961e1] additional details: passcode in password is provided, passcode is not provided, private key is provided, application: undefined, client name: snowflake-sdk, client version: 2.2.0, retry timeout: 300, private key path: undefined, private key pass is not provided, client store temporary credential: false, browser response timeout: 120000"}
{"level":"INFO","message":"[2:53:21.824 PM]: Connection[id: 56c83e9a-f838-40fc-8ce3-d5270f7961e1] - connection object created successfully."}
{"level":"INFO","message":"[2:53:21.824 PM]: Connection[id: 56c83e9a-f838-40fc-8ce3-d5270f7961e1] - connecting. Associated Snowflake domain: GLOBAL"}
{"level":"INFO","message":"[2:53:21.828 PM]: Connection[id: 56c83e9a-f838-40fc-8ce3-d5270f7961e1] - authentication successful using: SNOWFLAKE_JWT"}
{"level":"INFO","message":"[2:53:21.830 PM]: Connection[id: 56c83e9a-f838-40fc-8ce3-d5270f7961e1] - connected successfully after 5.897100000001956 milliseconds"}
{"level":"INFO","message":"[2:55:44.349 PM]: Creating new connection object"}
{"level":"INFO","message":"[2:55:44.377 PM]: Creating Connection[id: 917fc14e-b2f4-48ae-adba-661bf8f593dd] with host: iqviaidporg-pandpreporting.snowflakecomputing.com, account: iqviaidporg-pandpreporting, accessUrl: https://iqviaidporg-pandpreporting.snowflakecomputing.com, user: maasreaduser, role: undefined, database: PNPREPORTING_LIB, schema: PNPREPORTING_DATAMART, warehouse: PNPLIBRARIES, proxy was not configured, password is not provided, region: undefined, authenticator: SNOWFLAKE_JWT, ocsp mode: FAIL_OPEN, os: win32, os version: 10"}
{"level":"INFO","message":"[2:55:44.379 PM]: Connection[id: 917fc14e-b2f4-48ae-adba-661bf8f593dd] additional details: passcode in password is provided, passcode is not provided, private key is provided, application: undefined, client name: snowflake-sdk, client version: 2.2.0, retry timeout: 300, private key path: undefined, private key pass is not provided, client store temporary credential: false, browser response timeout: 120000"}
{"level":"INFO","message":"[2:55:44.380 PM]: Connection[id: 917fc14e-b2f4-48ae-adba-661bf8f593dd] - connection object created successfully."}
{"level":"INFO","message":"[2:55:44.381 PM]: Connection[id: 917fc14e-b2f4-48ae-adba-661bf8f593dd] - connecting. Associated Snowflake domain: GLOBAL"}
{"level":"INFO","message":"[2:55:44.391 PM]: Connection[id: 917fc14e-b2f4-48ae-adba-661bf8f593dd] - authentication successful using: SNOWFLAKE_JWT"}
{"level":"INFO","message":"[2:55:44.392 PM]: Trying to initialize Easy Logging"}
{"level":"INFO","message":"[2:55:44.396 PM]: No client config detected."}
{"level":"INFO","message":"[2:55:44.397 PM]: No config file path found. Client config will not be used."}
{"level":"INFO","message":"[2:55:44.398 PM]: Easy Logging is disabled as no config has been found"}
{"level":"INFO","message":"[2:55:44.404 PM]: Connection[id: 917fc14e-b2f4-48ae-adba-661bf8f593dd] - connected successfully after 22.356400000004214 milliseconds"}
{"level":"INFO","message":"[2:55:50.656 PM]: Creating new connection object"}
{"level":"INFO","message":"[2:55:50.657 PM]: Creating Connection[id: c39e68b4-b469-402e-8c12-3f1f70f658cf] with host: iqviaidporg-pandpreporting.snowflakecomputing.com, account: iqviaidporg-pandpreporting, accessUrl: https://iqviaidporg-pandpreporting.snowflakecomputing.com, user: maasreaduser, role: undefined, database: PNPREPORTING_LIB, schema: PNPREPORTING_DATAMART, warehouse: PNPLIBRARIES, proxy was not configured, password is not provided, region: undefined, authenticator: SNOWFLAKE_JWT, ocsp mode: FAIL_OPEN, os: win32, os version: 10"}
{"level":"INFO","message":"[2:55:50.658 PM]: Connection[id: c39e68b4-b469-402e-8c12-3f1f70f658cf] additional details: passcode in password is provided, passcode is not provided, private key is provided, application: undefined, client name: snowflake-sdk, client version: 2.2.0, retry timeout: 300, private key path: undefined, private key pass is not provided, client store temporary credential: false, browser response timeout: 120000"}
{"level":"INFO","message":"[2:55:50.658 PM]: Connection[id: c39e68b4-b469-402e-8c12-3f1f70f658cf] - connection object created successfully."}
{"level":"INFO","message":"[2:55:50.659 PM]: Connection[id: c39e68b4-b469-402e-8c12-3f1f70f658cf] - connecting. Associated Snowflake domain: GLOBAL"}
{"level":"INFO","message":"[2:55:50.663 PM]: Connection[id: c39e68b4-b469-402e-8c12-3f1f70f658cf] - authentication successful using: SNOWFLAKE_JWT"}
{"level":"INFO","message":"[2:55:50.665 PM]: Connection[id: c39e68b4-b469-402e-8c12-3f1f70f658cf] - connected successfully after 5.998800000001211 milliseconds"}
{"level":"INFO","message":"[2:56:39.670 PM]: Creating new connection object"}
{"level":"INFO","message":"[2:56:39.690 PM]: Creating Connection[id: 7ab240c3-7dc8-4cc7-8231-eb288c329b9e] with host: iqviaidporg-pandpreporting.snowflakecomputing.com, account: iqviaidporg-pandpreporting, accessUrl: https://iqviaidporg-pandpreporting.snowflakecomputing.com, user: maasreaduser, role: undefined, database: PNPREPORTING_LIB, schema: PNPREPORTING_DATAMART, warehouse: PNPLIBRARIES, proxy was not configured, password is not provided, region: undefined, authenticator: SNOWFLAKE_JWT, ocsp mode: FAIL_OPEN, os: win32, os version: 10"}
{"level":"INFO","message":"[2:56:39.691 PM]: Connection[id: 7ab240c3-7dc8-4cc7-8231-eb288c329b9e] additional details: passcode in password is provided, passcode is not provided, private key is provided, application: undefined, client name: snowflake-sdk, client version: 2.2.0, retry timeout: 300, private key path: undefined, private key pass is not provided, client store temporary credential: false, browser response timeout: 120000"}
{"level":"INFO","message":"[2:56:39.692 PM]: Connection[id: 7ab240c3-7dc8-4cc7-8231-eb288c329b9e] - connection object created successfully."}
{"level":"INFO","message":"[2:56:39.694 PM]: Connection[id: 7ab240c3-7dc8-4cc7-8231-eb288c329b9e] - connecting. Associated Snowflake domain: GLOBAL"}
{"level":"INFO","message":"[2:56:39.701 PM]: Connection[id: 7ab240c3-7dc8-4cc7-8231-eb288c329b9e] - authentication successful using: SNOWFLAKE_JWT"}
{"level":"INFO","message":"[2:56:39.702 PM]: Trying to initialize Easy Logging"}
{"level":"INFO","message":"[2:56:39.705 PM]: No client config detected."}
{"level":"INFO","message":"[2:56:39.705 PM]: No config file path found. Client config will not be used."}
{"level":"INFO","message":"[2:56:39.706 PM]: Easy Logging is disabled as no config has been found"}
{"level":"INFO","message":"[2:56:39.712 PM]: Connection[id: 7ab240c3-7dc8-4cc7-8231-eb288c329b9e] - connected successfully after 17.833000000002357 milliseconds"}
{"level":"INFO","message":"[2:57:13.499 PM]: Creating new connection object"}
{"level":"INFO","message":"[2:57:13.503 PM]: Creating Connection[id: 594de51a-c6f2-401f-b7b6-84b524962366] with host: iqviaidporg-pandpreporting.snowflakecomputing.com, account: iqviaidporg-pandpreporting, accessUrl: https://iqviaidporg-pandpreporting.snowflakecomputing.com, user: maasreaduser, role: undefined, database: PNPREPORTING_LIB, schema: PNPREPORTING_DATAMART, warehouse: PNPLIBRARIES, proxy was not configured, password is not provided, region: undefined, authenticator: SNOWFLAKE_JWT, ocsp mode: FAIL_OPEN, os: win32, os version: 10"}
{"level":"INFO","message":"[2:57:13.504 PM]: Connection[id: 594de51a-c6f2-401f-b7b6-84b524962366] additional details: passcode in password is provided, passcode is not provided, private key is provided, application: undefined, client name: snowflake-sdk, client version: 2.2.0, retry timeout: 300, private key path: undefined, private key pass is not provided, client store temporary credential: false, browser response timeout: 120000"}
{"level":"INFO","message":"[2:57:13.504 PM]: Connection[id: 594de51a-c6f2-401f-b7b6-84b524962366] - connection object created successfully."}
{"level":"INFO","message":"[2:57:13.505 PM]: Connection[id: 594de51a-c6f2-401f-b7b6-84b524962366] - connecting. Associated Snowflake domain: GLOBAL"}
{"level":"INFO","message":"[2:57:13.510 PM]: Connection[id: 594de51a-c6f2-401f-b7b6-84b524962366] - authentication successful using: SNOWFLAKE_JWT"}
{"level":"INFO","message":"[2:57:13.514 PM]: Connection[id: 594de51a-c6f2-401f-b7b6-84b524962366] - connected successfully after 9.03870000000461 milliseconds"}
{"level":"INFO","message":"[3:02:13.395 PM]: Creating new connection object"}
{"level":"INFO","message":"[3:02:13.419 PM]: Creating Connection[id: 2ac612a4-71f9-4fe7-80b5-7a04fcc47586] with host: iqviaidporg-pandpreporting.snowflakecomputing.com, account: iqviaidporg-pandpreporting, accessUrl: https://iqviaidporg-pandpreporting.snowflakecomputing.com, user: maasreaduser, role: undefined, database: PNPREPORTINGLIB, schema: PNPREPORTING_DATAMART, warehouse: PNPLIBRARIES, proxy was not configured, password is not provided, region: undefined, authenticator: SNOWFLAKE_JWT, ocsp mode: FAIL_OPEN, os: win32, os version: 10."}
{"level":"INFO","message":"[3:02:13.422 PM]: Connection[id: 2ac612a4-71f9-4fe7-80b5-7a04fcc47586] additional details: passcode in password is provided, passcode is not provided, private key is provided, application: undefined, client name: snowflake-sdk, client version: 2.2.0, retry timeout: 300, private key path: undefined, private key pass is not provided, client store temporary credential: false, browser response timeout: 120000"}
{"level":"INFO","message":"[3:02:13.422 PM]: Connection[id: 2ac612a4-71f9-4fe7-80b5-7a04fcc47586] - connection object created successfully."}
{"level":"INFO","message":"[3:02:13.424 PM]: Connection[id: 2ac612a4-71f9-4fe7-80b5-7a04fcc47586] - connecting. Associated Snowflake domain: GLOBAL"}
{"level":"INFO","message":"[3:02:13.431 PM]: Connection[id: 2ac612a4-71f9-4fe7-80b5-7a04fcc47586] - authentication successful using: SNOWFLAKE_JWT"}
{"level":"INFO","message":"[3:02:13.431 PM]: Trying to initialize Easy Logging"}
{"level":"INFO","message":"[3:02:13.433 PM]: No client config detected."}
{"level":"INFO","message":"[3:02:13.434 PM]: No config file path found. Client config will not be used."}
{"level":"INFO","message":"[3:02:13.434 PM]: Easy Logging is disabled as no config has been found"}
{"level":"INFO","message":"[3:02:13.439 PM]: Connection[id: 2ac612a4-71f9-4fe7-80b5-7a04fcc47586] - connected successfully after 15.053599999999278 milliseconds"}
{"level":"INFO","message":"[3:02:25.181 PM]: Creating new connection object"}
{"level":"INFO","message":"[3:02:25.183 PM]: Creating Connection[id: d2e8fbf2-5414-460b-9d3d-207d553bcfbc] with host: iqviaidporg-pandpreporting.snowflakecomputing.com, account: iqviaidporg-pandpreporting, accessUrl: https://iqviaidporg-pandpreporting.snowflakecomputing.com, user: maasreaduser, role: undefined, database: PNPREPORTINGLIB, schema: PNPREPORTING_DATAMART, warehouse: PNPLIBRARIES, proxy was not configured, password is not provided, region: undefined, authenticator: SNOWFLAKE_JWT, ocsp mode: FAIL_OPEN, os: win32, os version: 10."}
{"level":"INFO","message":"[3:02:25.183 PM]: Connection[id: d2e8fbf2-5414-460b-9d3d-207d553bcfbc] additional details: passcode in password is provided, passcode is not provided, private key is provided, application: undefined, client name: snowflake-sdk, client version: 2.2.0, retry timeout: 300, private key path: undefined, private key pass is not provided, client store temporary credential: false, browser response timeout: 120000"}
{"level":"INFO","message":"[3:02:25.184 PM]: Connection[id: d2e8fbf2-5414-460b-9d3d-207d553bcfbc] - connection object created successfully."}
{"level":"INFO","message":"[3:02:25.184 PM]: Connection[id: d2e8fbf2-5414-460b-9d3d-207d553bcfbc] - connecting. Associated Snowflake domain: GLOBAL"}
{"level":"INFO","message":"[3:02:25.187 PM]: Connection[id: d2e8fbf2-5414-460b-9d3d-207d553bcfbc] - authentication successful using: SNOWFLAKE_JWT"}
{"level":"INFO","message":"[3:02:25.188 PM]: Connection[id: d2e8fbf2-5414-460b-9d3d-207d553bcfbc] - connected successfully after 4.181900000003225 milliseconds"}
{"level":"INFO","message":"[3:02:45.179 PM]: Creating new connection object"}
{"level":"INFO","message":"[3:02:45.180 PM]: Creating Connection[id: 26ea2083-79a1-4575-89a6-54db192e612a] with host: iqviaidporg-pandpreporting.snowflakecomputing.com, account: iqviaidporg-pandpreporting, accessUrl: https://iqviaidporg-pandpreporting.snowflakecomputing.com, user: maasreaduser, role: undefined, database: PNPREPORTING_LIB, schema: PNPREPORTING_DATAMART, warehouse: PNPLIBRARIES, proxy was not configured, password is not provided, region: undefined, authenticator: SNOWFLAKE_JWT, ocsp mode: FAIL_OPEN, os: win32, os version: 10"}
{"level":"INFO","message":"[3:02:45.180 PM]: Connection[id: 26ea2083-79a1-4575-89a6-54db192e612a] additional details: passcode in password is provided, passcode is not provided, private key is provided, application: undefined, client name: snowflake-sdk, client version: 2.2.0, retry timeout: 300, private key path: undefined, private key pass is not provided, client store temporary credential: false, browser response timeout: 120000"}
{"level":"INFO","message":"[3:02:45.181 PM]: Connection[id: 26ea2083-79a1-4575-89a6-54db192e612a] - connection object created successfully."}
{"level":"INFO","message":"[3:02:45.181 PM]: Connection[id: 26ea2083-79a1-4575-89a6-54db192e612a] - connecting. Associated Snowflake domain: GLOBAL"}
{"level":"INFO","message":"[3:02:45.185 PM]: Connection[id: 26ea2083-79a1-4575-89a6-54db192e612a] - authentication successful using: SNOWFLAKE_JWT"}
{"level":"INFO","message":"[3:02:45.186 PM]: Connection[id: 26ea2083-79a1-4575-89a6-54db192e612a] - connected successfully after 4.894799999994575 milliseconds"}
{"level":"INFO","message":"[3:04:21.702 PM]: Creating new connection object"}
{"level":"INFO","message":"[3:04:21.719 PM]: Creating Connection[id: 1b05fda6-bde3-425c-9ec8-696bcf5bc03b] with host: iqviaidporg-pandpreporting.snowflakecomputing.com, account: iqviaidporg-pandpreporting, accessUrl: https://iqviaidporg-pandpreporting.snowflakecomputing.com, user: maasreaduser, role: undefined, database: PNPREPORTING_LIB, schema: PNPREPORTING_DATAMART, warehouse: PNPLIBRARIES, proxy was not configured, password is not provided, region: undefined, authenticator: SNOWFLAKE_JWT, ocsp mode: FAIL_OPEN, os: win32, os version: 10"}
{"level":"INFO","message":"[3:04:21.720 PM]: Connection[id: 1b05fda6-bde3-425c-9ec8-696bcf5bc03b] additional details: passcode in password is provided, passcode is not provided, private key is provided, application: undefined, client name: snowflake-sdk, client version: 2.2.0, retry timeout: 300, private key path: undefined, private key pass is not provided, client store temporary credential: false, browser response timeout: 120000"}
{"level":"INFO","message":"[3:04:21.721 PM]: Connection[id: 1b05fda6-bde3-425c-9ec8-696bcf5bc03b] - connection object created successfully."}
{"level":"INFO","message":"[3:04:21.721 PM]: Connection[id: 1b05fda6-bde3-425c-9ec8-696bcf5bc03b] - connecting. Associated Snowflake domain: GLOBAL"}
{"level":"INFO","message":"[3:04:21.730 PM]: Connection[id: 1b05fda6-bde3-425c-9ec8-696bcf5bc03b] - authentication successful using: SNOWFLAKE_JWT"}
{"level":"INFO","message":"[3:04:21.731 PM]: Trying to initialize Easy Logging"}
{"level":"INFO","message":"[3:04:21.735 PM]: No client config detected."}
{"level":"INFO","message":"[3:04:21.735 PM]: No config file path found. Client config will not be used."}
{"level":"INFO","message":"[3:04:21.736 PM]: Easy Logging is disabled as no config has been found"}
{"level":"INFO","message":"[3:04:21.739 PM]: Connection[id: 1b05fda6-bde3-425c-9ec8-696bcf5bc03b] - connected successfully after 17.84309999999823 milliseconds"}
{"level":"INFO","message":"[3:04:34.388 PM]: Creating new connection object"}
{"level":"INFO","message":"[3:04:34.390 PM]: Creating Connection[id: 0cf4e385-5660-4d44-9e6d-32af6fc0db2e] with host: iqviaidporg-pandpreporting.snowflakecomputing.com, account: iqviaidporg-pandpreporting, accessUrl: https://iqviaidporg-pandpreporting.snowflakecomputing.com, user: maasreaduser, role: undefined, database: PNPREPORTINGLIB, schema: PNPREPORTING_DATAMART, warehouse: PNPLIBRARIES, proxy was not configured, password is not provided, region: undefined, authenticator: SNOWFLAKE_JWT, ocsp mode: FAIL_OPEN, os: win32, os version: 10."}
{"level":"INFO","message":"[3:04:34.390 PM]: Connection[id: 0cf4e385-5660-4d44-9e6d-32af6fc0db2e] additional details: passcode in password is provided, passcode is not provided, private key is provided, application: undefined, client name: snowflake-sdk, client version: 2.2.0, retry timeout: 300, private key path: undefined, private key pass is not provided, client store temporary credential: false, browser response timeout: 120000"}
{"level":"INFO","message":"[3:04:34.390 PM]: Connection[id: 0cf4e385-5660-4d44-9e6d-32af6fc0db2e] - connection object created successfully."}
{"level":"INFO","message":"[3:04:34.391 PM]: Connection[id: 0cf4e385-5660-4d44-9e6d-32af6fc0db2e] - connecting. Associated Snowflake domain: GLOBAL"}
{"level":"INFO","message":"[3:04:34.393 PM]: Connection[id: 0cf4e385-5660-4d44-9e6d-32af6fc0db2e] - authentication successful using: SNOWFLAKE_JWT"}
{"level":"INFO","message":"[3:04:34.394 PM]: Connection[id: 0cf4e385-5660-4d44-9e6d-32af6fc0db2e] - connected successfully after 3.6203000000023167 milliseconds"}
{"level":"INFO","message":"[3:04:39.166 PM]: Creating new connection object"}
{"level":"INFO","message":"[3:04:39.168 PM]: Creating Connection[id: fe1c4de3-4435-4a98-950b-b1c4f788446b] with host: iqviaidporg-pandpreporting.snowflakecomputing.com, account: iqviaidporg-pandpreporting, accessUrl: https://iqviaidporg-pandpreporting.snowflakecomputing.com, user: maasreaduser, role: undefined, database: PNPREPORTING_LIB, schema: PNPREPORTING_DATAMART, warehouse: PNPLIBRARIES, proxy was not configured, password is not provided, region: undefined, authenticator: SNOWFLAKE_JWT, ocsp mode: FAIL_OPEN, os: win32, os version: 10"}
{"level":"INFO","message":"[3:04:39.168 PM]: Connection[id: fe1c4de3-4435-4a98-950b-b1c4f788446b] additional details: passcode in password is provided, passcode is not provided, private key is provided, application: undefined, client name: snowflake-sdk, client version: 2.2.0, retry timeout: 300, private key path: undefined, private key pass is not provided, client store temporary credential: false, browser response timeout: 120000"}
{"level":"INFO","message":"[3:04:39.168 PM]: Connection[id: fe1c4de3-4435-4a98-950b-b1c4f788446b] - connection object created successfully."}
{"level":"INFO","message":"[3:04:39.168 PM]: Connection[id: fe1c4de3-4435-4a98-950b-b1c4f788446b] - connecting. Associated Snowflake domain: GLOBAL"}
{"level":"INFO","message":"[3:04:39.172 PM]: Connection[id: fe1c4de3-4435-4a98-950b-b1c4f788446b] - authentication successful using: SNOWFLAKE_JWT"}
{"level":"INFO","message":"[3:04:39.174 PM]: Connection[id: fe1c4de3-4435-4a98-950b-b1c4f788446b] - connected successfully after 5.2784000000028755 milliseconds"}
{"level":"INFO","message":"[3:05:06.283 PM]: Creating new connection object"}
{"level":"INFO","message":"[3:05:06.285 PM]: Creating Connection[id: c3004b52-6fe6-4f91-8b98-0bf2d2a7a662] with host: iqviaidporg-pandpreporting.snowflakecomputing.com, account: iqviaidporg-pandpreporting, accessUrl: https://iqviaidporg-pandpreporting.snowflakecomputing.com, user: maasreaduser, role: undefined, database: PNPREPORTING_LIB, schema: PNPREPORTING_DATAMART, warehouse: PNPLIBRARIES, proxy was not configured, password is not provided, region: undefined, authenticator: SNOWFLAKE_JWT, ocsp mode: FAIL_OPEN, os: win32, os version: 10"}
{"level":"INFO","message":"[3:05:06.286 PM]: Connection[id: c3004b52-6fe6-4f91-8b98-0bf2d2a7a662] additional details: passcode in password is provided, passcode is not provided, private key is provided, application: undefined, client name: snowflake-sdk, client version: 2.2.0, retry timeout: 300, private key path: undefined, private key pass is not provided, client store temporary credential: false, browser response timeout: 120000"}
{"level":"INFO","message":"[3:05:06.286 PM]: Connection[id: c3004b52-6fe6-4f91-8b98-0bf2d2a7a662] - connection object created successfully."}
{"level":"INFO","message":"[3:05:06.286 PM]: Connection[id: c3004b52-6fe6-4f91-8b98-0bf2d2a7a662] - connecting. Associated Snowflake domain: GLOBAL"}
{"level":"INFO","message":"[3:05:06.291 PM]: Connection[id: c3004b52-6fe6-4f91-8b98-0bf2d2a7a662] - authentication successful using: SNOWFLAKE_JWT"}
{"level":"INFO","message":"[3:05:06.293 PM]: Connection[id: c3004b52-6fe6-4f91-8b98-0bf2d2a7a662] - connected successfully after 6.749200000005658 milliseconds"}
{"level":"INFO","message":"[3:05:13.714 PM]: Creating new connection object"}
{"level":"INFO","message":"[3:05:13.715 PM]: Creating Connection[id: 9893edec-2fa7-4340-9c8f-876660a3db9d] with host: iqviaidporg-pandpreporting.snowflakecomputing.com, account: iqviaidporg-pandpreporting, accessUrl: https://iqviaidporg-pandpreporting.snowflakecomputing.com, user: maasreaduser, role: undefined, database: PNPREPORTING_LIB, schema: PNPREPORTING_DATAMART, warehouse: PNPLIBRARIES, proxy was not configured, password is not provided, region: undefined, authenticator: SNOWFLAKE_JWT, ocsp mode: FAIL_OPEN, os: win32, os version: 10"}
{"level":"INFO","message":"[3:05:13.716 PM]: Connection[id: 9893edec-2fa7-4340-9c8f-876660a3db9d] additional details: passcode in password is provided, passcode is not provided, private key is provided, application: undefined, client name: snowflake-sdk, client version: 2.2.0, retry timeout: 300, private key path: undefined, private key pass is not provided, client store temporary credential: false, browser response timeout: 120000"}
{"level":"INFO","message":"[3:05:13.716 PM]: Connection[id: 9893edec-2fa7-4340-9c8f-876660a3db9d] - connection object created successfully."}
{"level":"INFO","message":"[3:05:13.716 PM]: Connection[id: 9893edec-2fa7-4340-9c8f-876660a3db9d] - connecting. Associated Snowflake domain: GLOBAL"}
{"level":"INFO","message":"[3:05:13.720 PM]: Connection[id: 9893edec-2fa7-4340-9c8f-876660a3db9d] - authentication successful using: SNOWFLAKE_JWT"}
{"level":"INFO","message":"[3:05:13.722 PM]: Connection[id: 9893edec-2fa7-4340-9c8f-876660a3db9d] - connected successfully after 5.803800000008778 milliseconds"}
{"level":"INFO","message":"[3:36:04.871 PM]: Creating new connection object"}
{"level":"INFO","message":"[3:36:04.875 PM]: Creating Connection[id: bbd471ed-f7c2-4951-afb3-cf3f11b19d2d] with host: iqviaidporg-pandpreporting.snowflakecomputing.com, account: iqviaidporg-pandpreporting, accessUrl: https://iqviaidporg-pandpreporting.snowflakecomputing.com, user: maasreaduser, role: undefined, database: PNPREPORTING_LIB, schema: PNPREPORTING_DATAMART, warehouse: PNPLIBRARIES, proxy was not configured, password is not provided, region: undefined, authenticator: SNOWFLAKE_JWT, ocsp mode: FAIL_OPEN, os: win32, os version: 10"}
{"level":"INFO","message":"[3:36:04.876 PM]: Connection[id: bbd471ed-f7c2-4951-afb3-cf3f11b19d2d] additional details: passcode in password is provided, passcode is not provided, private key is provided, application: undefined, client name: snowflake-sdk, client version: 2.2.0, retry timeout: 300, private key path: undefined, private key pass is not provided, client store temporary credential: false, browser response timeout: 120000"}
{"level":"INFO","message":"[3:36:04.876 PM]: Connection[id: bbd471ed-f7c2-4951-afb3-cf3f11b19d2d] - connection object created successfully."}
{"level":"INFO","message":"[3:36:04.877 PM]: Connection[id: bbd471ed-f7c2-4951-afb3-cf3f11b19d2d] - connecting. Associated Snowflake domain: GLOBAL"}
{"level":"INFO","message":"[3:36:04.881 PM]: Connection[id: bbd471ed-f7c2-4951-afb3-cf3f11b19d2d] - authentication successful using: SNOWFLAKE_JWT"}
{"level":"INFO","message":"[3:36:04.884 PM]: Connection[id: bbd471ed-f7c2-4951-afb3-cf3f11b19d2d] - connected successfully after 7.444600000046194 milliseconds"}
{"level":"INFO","message":"[3:39:34.833 PM]: Creating new connection object"}
{"level":"INFO","message":"[3:39:34.836 PM]: Creating Connection[id: 11fcf5b8-88fc-4b71-bed0-2aee4a05d2dd] with host: iqviaidporg-pandpreporting.snowflakecomputing.com, account: iqviaidporg-pandpreporting, accessUrl: https://iqviaidporg-pandpreporting.snowflakecomputing.com, user: maasreaduser, role: undefined, database: PNPREPORTING_LIB, schema: PNPREPORTING_DATAMART, warehouse: PNPLIBRARIES, proxy was not configured, password is not provided, region: undefined, authenticator: SNOWFLAKE_JWT, ocsp mode: FAIL_OPEN, os: win32, os version: 10"}
{"level":"INFO","message":"[3:39:34.837 PM]: Connection[id: 11fcf5b8-88fc-4b71-bed0-2aee4a05d2dd] additional details: passcode in password is provided, passcode is not provided, private key is provided, application: undefined, client name: snowflake-sdk, client version: 2.2.0, retry timeout: 300, private key path: undefined, private key pass is not provided, client store temporary credential: false, browser response timeout: 120000"}
{"level":"INFO","message":"[3:39:34.838 PM]: Connection[id: 11fcf5b8-88fc-4b71-bed0-2aee4a05d2dd] - connection object created successfully."}
{"level":"INFO","message":"[3:39:34.838 PM]: Connection[id: 11fcf5b8-88fc-4b71-bed0-2aee4a05d2dd] - connecting. Associated Snowflake domain: GLOBAL"}
{"level":"INFO","message":"[3:39:34.842 PM]: Connection[id: 11fcf5b8-88fc-4b71-bed0-2aee4a05d2dd] - authentication successful using: SNOWFLAKE_JWT"}
{"level":"INFO","message":"[3:39:34.844 PM]: Connection[id: 11fcf5b8-88fc-4b71-bed0-2aee4a05d2dd] - connected successfully after 6.3171999999322 milliseconds"}
{"level":"INFO","message":"[3:42:38.085 PM]: Creating new connection object"}
{"level":"INFO","message":"[3:42:38.119 PM]: Creating Connection[id: dc99a983-47e3-448c-be13-d127a3db36c1] with host: iqviaidporg-pandpreporting.snowflakecomputing.com, account: iqviaidporg-pandpreporting, accessUrl: https://iqviaidporg-pandpreporting.snowflakecomputing.com, user: maasreaduser, role: undefined, database: PNPREPORTING_LIB, schema: PNPREPORTING_DATAMART, warehouse: PNPLIBRARIES, proxy was not configured, password is not provided, region: undefined, authenticator: SNOWFLAKE_JWT, ocsp mode: FAIL_OPEN, os: win32, os version: 10"}
{"level":"INFO","message":"[3:42:38.121 PM]: Connection[id: dc99a983-47e3-448c-be13-d127a3db36c1] additional details: passcode in password is provided, passcode is not provided, private key is provided, application: undefined, client name: snowflake-sdk, client version: 2.2.0, retry timeout: 300, private key path: undefined, private key pass is not provided, client store temporary credential: false, browser response timeout: 120000"}
{"level":"INFO","message":"[3:42:38.122 PM]: Connection[id: dc99a983-47e3-448c-be13-d127a3db36c1] - connection object created successfully."}
{"level":"INFO","message":"[3:42:38.123 PM]: Connection[id: dc99a983-47e3-448c-be13-d127a3db36c1] - connecting. Associated Snowflake domain: GLOBAL"}
{"level":"INFO","message":"[3:42:38.133 PM]: Connection[id: dc99a983-47e3-448c-be13-d127a3db36c1] - authentication successful using: SNOWFLAKE_JWT"}
{"level":"INFO","message":"[3:42:38.135 PM]: Trying to initialize Easy Logging"}
{"level":"INFO","message":"[3:42:38.139 PM]: No client config detected."}
{"level":"INFO","message":"[3:42:38.140 PM]: No config file path found. Client config will not be used."}
{"level":"INFO","message":"[3:42:38.142 PM]: Easy Logging is disabled as no config has been found"}
{"level":"INFO","message":"[3:42:38.150 PM]: Connection[id: dc99a983-47e3-448c-be13-d127a3db36c1] - connected successfully after 26.731400000004214 milliseconds"}
{"level":"INFO","message":"[3:50:43.394 PM]: Creating new connection object"}
{"level":"INFO","message":"[3:50:43.421 PM]: Creating Connection[id: 7f70c355-fdb2-49e2-b750-947c59cbe782] with host: iqviaidporg-pandpreporting.snowflakecomputing.com, account: iqviaidporg-pandpreporting, accessUrl: https://iqviaidporg-pandpreporting.snowflakecomputing.com, user: maasreaduser, role: undefined, database: PNPREPORTING_LIB, schema: PNPREPORTING_DATAMART, warehouse: PNPLIBRARIES, proxy was not configured, password is not provided, region: undefined, authenticator: SNOWFLAKE_JWT, ocsp mode: FAIL_OPEN, os: win32, os version: 10"}
{"level":"INFO","message":"[3:50:43.423 PM]: Connection[id: 7f70c355-fdb2-49e2-b750-947c59cbe782] additional details: passcode in password is provided, passcode is not provided, private key is provided, application: undefined, client name: snowflake-sdk, client version: 2.2.0, retry timeout: 300, private key path: undefined, private key pass is not provided, client store temporary credential: false, browser response timeout: 120000"}
{"level":"INFO","message":"[3:50:43.435 PM]: Connection[id: 7f70c355-fdb2-49e2-b750-947c59cbe782] - connection object created successfully."}
{"level":"INFO","message":"[3:50:43.436 PM]: Connection[id: 7f70c355-fdb2-49e2-b750-947c59cbe782] - connecting. Associated Snowflake domain: GLOBAL"}
{"level":"INFO","message":"[3:50:43.443 PM]: Connection[id: 7f70c355-fdb2-49e2-b750-947c59cbe782] - authentication successful using: SNOWFLAKE_JWT"}
{"level":"INFO","message":"[3:50:43.445 PM]: Trying to initialize Easy Logging"}
{"level":"INFO","message":"[3:50:43.448 PM]: No client config detected."}
{"level":"INFO","message":"[3:50:43.449 PM]: No config file path found. Client config will not be used."}
{"level":"INFO","message":"[3:50:43.452 PM]: Easy Logging is disabled as no config has been found"}
{"level":"INFO","message":"[3:50:43.459 PM]: Connection[id: 7f70c355-fdb2-49e2-b750-947c59cbe782] - connected successfully after 23.29229999999916 milliseconds"}
{"level":"INFO","message":"[4:04:33.846 PM]: Creating new connection object"}
{"level":"INFO","message":"[4:04:33.872 PM]: Creating Connection[id: 8c76bcbe-299a-4efc-a99b-92bb86b52580] with host: iqviaidporg-pandpreporting.snowflakecomputing.com, account: iqviaidporg-pandpreporting, accessUrl: https://iqviaidporg-pandpreporting.snowflakecomputing.com, user: maasreaduser, role: undefined, database: PNPREPORTING_LIB, schema: PNPREPORTING_DATAMART, warehouse: PNPLIBRARIES, proxy was not configured, password is not provided, region: undefined, authenticator: SNOWFLAKE_JWT, ocsp mode: FAIL_OPEN, os: win32, os version: 10"}
{"level":"INFO","message":"[4:04:33.873 PM]: Connection[id: 8c76bcbe-299a-4efc-a99b-92bb86b52580] additional details: passcode in password is provided, passcode is not provided, private key is provided, application: undefined, client name: snowflake-sdk, client version: 2.2.0, retry timeout: 300, private key path: undefined, private key pass is not provided, client store temporary credential: false, browser response timeout: 120000"}
{"level":"INFO","message":"[4:04:33.875 PM]: Connection[id: 8c76bcbe-299a-4efc-a99b-92bb86b52580] - connection object created successfully."}
{"level":"INFO","message":"[4:04:33.876 PM]: Connection[id: 8c76bcbe-299a-4efc-a99b-92bb86b52580] - connecting. Associated Snowflake domain: GLOBAL"}
{"level":"INFO","message":"[4:04:33.883 PM]: Connection[id: 8c76bcbe-299a-4efc-a99b-92bb86b52580] - authentication successful using: SNOWFLAKE_JWT"}
{"level":"INFO","message":"[4:04:33.884 PM]: Trying to initialize Easy Logging"}
{"level":"INFO","message":"[4:04:33.888 PM]: No client config detected."}
{"level":"INFO","message":"[4:04:33.889 PM]: No config file path found. Client config will not be used."}
{"level":"INFO","message":"[4:04:33.891 PM]: Easy Logging is disabled as no config has been found"}
{"level":"INFO","message":"[4:04:33.897 PM]: Connection[id: 8c76bcbe-299a-4efc-a99b-92bb86b52580] - connected successfully after 21.54910000000018 milliseconds"}
{"level":"INFO","message":"[4:05:00.075 PM]: Creating new connection object"}
{"level":"INFO","message":"[4:05:00.082 PM]: Creating Connection[id: f2d4acda-d67d-4c7c-8e40-6acba0a27144] with host: iqviaidporg-pandpreporting.snowflakecomputing.com, account: iqviaidporg-pandpreporting, accessUrl: https://iqviaidporg-pandpreporting.snowflakecomputing.com, user: maasreaduser, role: undefined, database: PNPREPORTING_LIB, schema: PNPREPORTING_DATAMART, warehouse: PNPLIBRARIES, proxy was not configured, password is not provided, region: undefined, authenticator: SNOWFLAKE_JWT, ocsp mode: FAIL_OPEN, os: win32, os version: 10"}
{"level":"INFO","message":"[4:05:00.083 PM]: Connection[id: f2d4acda-d67d-4c7c-8e40-6acba0a27144] additional details: passcode in password is provided, passcode is not provided, private key is provided, application: undefined, client name: snowflake-sdk, client version: 2.2.0, retry timeout: 300, private key path: undefined, private key pass is not provided, client store temporary credential: false, browser response timeout: 120000"}
{"level":"INFO","message":"[4:05:00.109 PM]: Connection[id: f2d4acda-d67d-4c7c-8e40-6acba0a27144] - connection object created successfully."}
{"level":"INFO","message":"[4:05:00.111 PM]: Connection[id: f2d4acda-d67d-4c7c-8e40-6acba0a27144] - connecting. Associated Snowflake domain: GLOBAL"}
{"level":"INFO","message":"[4:05:00.118 PM]: Connection[id: f2d4acda-d67d-4c7c-8e40-6acba0a27144] - authentication successful using: SNOWFLAKE_JWT"}
{"level":"INFO","message":"[4:05:00.125 PM]: Connection[id: f2d4acda-d67d-4c7c-8e40-6acba0a27144] - connected successfully after 14.228100000000268 milliseconds"}
{"level":"INFO","message":"[4:06:52.280 PM]: Creating new connection object"}
{"level":"INFO","message":"[4:06:52.308 PM]: Creating Connection[id: 99456924-e785-4632-99d8-971e8cf13397] with host: iqviaidporg-pandpreporting.snowflakecomputing.com, account: iqviaidporg-pandpreporting, accessUrl: https://iqviaidporg-pandpreporting.snowflakecomputing.com, user: maasreaduser, role: undefined, database: PNPREPORTING_LIB, schema: PNPREPORTING_DATAMART, warehouse: PNPLIBRARIES, proxy was not configured, password is not provided, region: undefined, authenticator: SNOWFLAKE_JWT, ocsp mode: FAIL_OPEN, os: win32, os version: 10"}
{"level":"INFO","message":"[4:06:52.309 PM]: Connection[id: 99456924-e785-4632-99d8-971e8cf13397] additional details: passcode in password is provided, passcode is not provided, private key is provided, application: undefined, client name: snowflake-sdk, client version: 2.2.0, retry timeout: 300, private key path: undefined, private key pass is not provided, client store temporary credential: false, browser response timeout: 120000"}
{"level":"INFO","message":"[4:06:52.311 PM]: Connection[id: 99456924-e785-4632-99d8-971e8cf13397] - connection object created successfully."}
{"level":"INFO","message":"[4:06:52.312 PM]: Connection[id: 99456924-e785-4632-99d8-971e8cf13397] - connecting. Associated Snowflake domain: GLOBAL"}
{"level":"INFO","message":"[4:06:52.321 PM]: Connection[id: 99456924-e785-4632-99d8-971e8cf13397] - authentication successful using: SNOWFLAKE_JWT"}
{"level":"INFO","message":"[4:06:52.323 PM]: Trying to initialize Easy Logging"}
{"level":"INFO","message":"[4:06:52.329 PM]: No client config detected."}
{"level":"INFO","message":"[4:06:52.331 PM]: No config file path found. Client config will not be used."}
{"level":"INFO","message":"[4:06:52.334 PM]: Easy Logging is disabled as no config has been found"}
{"level":"INFO","message":"[4:06:52.340 PM]: Connection[id: 99456924-e785-4632-99d8-971e8cf13397] - connected successfully after 28.581599999999526 milliseconds"}
{"level":"INFO","message":"[4:11:58.954 PM]: Creating new connection object"}
{"level":"INFO","message":"[4:11:58.988 PM]: Creating Connection[id: 42f2e92e-91f4-47d4-a697-e22246bc81e4] with host: iqviaidporg-pandpreporting.snowflakecomputing.com, account: iqviaidporg-pandpreporting, accessUrl: https://iqviaidporg-pandpreporting.snowflakecomputing.com, user: maasreaduser, role: undefined, database: PNPREPORTING_LIB, schema: PNPREPORTING_DATAMART, warehouse: PNPLIBRARIES, proxy was not configured, password is not provided, region: undefined, authenticator: SNOWFLAKE_JWT, ocsp mode: FAIL_OPEN, os: win32, os version: 10"}
{"level":"INFO","message":"[4:11:58.990 PM]: Connection[id: 42f2e92e-91f4-47d4-a697-e22246bc81e4] additional details: passcode in password is provided, passcode is not provided, private key is provided, application: undefined, client name: snowflake-sdk, client version: 2.2.0, retry timeout: 300, private key path: undefined, private key pass is not provided, client store temporary credential: false, browser response timeout: 120000"}
{"level":"INFO","message":"[4:11:58.991 PM]: Connection[id: 42f2e92e-91f4-47d4-a697-e22246bc81e4] - connection object created successfully."}
{"level":"INFO","message":"[4:11:58.993 PM]: Connection[id: 42f2e92e-91f4-47d4-a697-e22246bc81e4] - connecting. Associated Snowflake domain: GLOBAL"}
{"level":"INFO","message":"[4:11:59.004 PM]: Connection[id: 42f2e92e-91f4-47d4-a697-e22246bc81e4] - authentication successful using: SNOWFLAKE_JWT"}
{"level":"INFO","message":"[4:11:59.006 PM]: Trying to initialize Easy Logging"}
{"level":"INFO","message":"[4:11:59.010 PM]: No client config detected."}
{"level":"INFO","message":"[4:11:59.011 PM]: No config file path found. Client config will not be used."}
{"level":"INFO","message":"[4:11:59.013 PM]: Easy Logging is disabled as no config has been found"}
{"level":"INFO","message":"[4:11:59.022 PM]: Connection[id: 42f2e92e-91f4-47d4-a697-e22246bc81e4] - connected successfully after 28.882900000000518 milliseconds"}
{"level":"INFO","message":"[4:12:13.343 PM]: Creating new connection object"}
{"level":"INFO","message":"[4:12:13.346 PM]: Creating Connection[id: 6bf7cc6b-af8b-4adb-a0de-35bf0aabc355] with host: iqviaidporg-pandpreporting.snowflakecomputing.com, account: iqviaidporg-pandpreporting, accessUrl: https://iqviaidporg-pandpreporting.snowflakecomputing.com, user: maasreaduser, role: undefined, database: PNPREPORTING_LIB, schema: PNPREPORTING_DATAMART, warehouse: PNPLIBRARIES, proxy was not configured, password is not provided, region: undefined, authenticator: SNOWFLAKE_JWT, ocsp mode: FAIL_OPEN, os: win32, os version: 10"}
{"level":"INFO","message":"[4:12:13.346 PM]: Connection[id: 6bf7cc6b-af8b-4adb-a0de-35bf0aabc355] additional details: passcode in password is provided, passcode is not provided, private key is provided, application: undefined, client name: snowflake-sdk, client version: 2.2.0, retry timeout: 300, private key path: undefined, private key pass is not provided, client store temporary credential: false, browser response timeout: 120000"}
{"level":"INFO","message":"[4:12:13.347 PM]: Connection[id: 6bf7cc6b-af8b-4adb-a0de-35bf0aabc355] - connection object created successfully."}
{"level":"INFO","message":"[4:12:13.347 PM]: Connection[id: 6bf7cc6b-af8b-4adb-a0de-35bf0aabc355] - connecting. Associated Snowflake domain: GLOBAL"}
{"level":"INFO","message":"[4:12:13.354 PM]: Connection[id: 6bf7cc6b-af8b-4adb-a0de-35bf0aabc355] - authentication successful using: SNOWFLAKE_JWT"}
{"level":"INFO","message":"[4:12:13.357 PM]: Connection[id: 6bf7cc6b-af8b-4adb-a0de-35bf0aabc355] - connected successfully after 9.85399999999936 milliseconds"}
{"level":"INFO","message":"[4:12:25.043 PM]: Creating new connection object"}
{"level":"INFO","message":"[4:12:25.045 PM]: Creating Connection[id: c35bc644-a66c-45f7-acf1-c4128b558b51] with host: iqviaidporg-pandpreporting.snowflakecomputing.com, account: iqviaidporg-pandpreporting, accessUrl: https://iqviaidporg-pandpreporting.snowflakecomputing.com, user: maasreaduser, role: undefined, database: PNPREPORTING_LIB, schema: PNPREPORTING_DATAMART, warehouse: PNPLIBRARIES, proxy was not configured, password is not provided, region: undefined, authenticator: SNOWFLAKE_JWT, ocsp mode: FAIL_OPEN, os: win32, os version: 10"}
{"level":"INFO","message":"[4:12:25.046 PM]: Connection[id: c35bc644-a66c-45f7-acf1-c4128b558b51] additional details: passcode in password is provided, passcode is not provided, private key is provided, application: undefined, client name: snowflake-sdk, client version: 2.2.0, retry timeout: 300, private key path: undefined, private key pass is not provided, client store temporary credential: false, browser response timeout: 120000"}
{"level":"INFO","message":"[4:12:25.047 PM]: Connection[id: c35bc644-a66c-45f7-acf1-c4128b558b51] - connection object created successfully."}
{"level":"INFO","message":"[4:12:25.047 PM]: Connection[id: c35bc644-a66c-45f7-acf1-c4128b558b51] - connecting. Associated Snowflake domain: GLOBAL"}
{"level":"INFO","message":"[4:12:25.052 PM]: Connection[id: c35bc644-a66c-45f7-acf1-c4128b558b51] - authentication successful using: SNOWFLAKE_JWT"}
{"level":"INFO","message":"[4:12:25.055 PM]: Connection[id: c35bc644-a66c-45f7-acf1-c4128b558b51] - connected successfully after 7.358600000006845 milliseconds"}
{"level":"INFO","message":"[4:12:42.845 PM]: Creating new connection object"}
{"level":"INFO","message":"[4:12:42.847 PM]: Creating Connection[id: aac9c67d-a345-41ff-bca3-3692a2c3ba3a] with host: iqviaidporg-pandpreporting.snowflakecomputing.com, account: iqviaidporg-pandpreporting, accessUrl: https://iqviaidporg-pandpreporting.snowflakecomputing.com, user: maasreaduser, role: undefined, database: PNPREPORTING_LIB, schema: PNPREPORTING_DATAMART, warehouse: PNPLIBRARIES, proxy was not configured, password is not provided, region: undefined, authenticator: SNOWFLAKE_JWT, ocsp mode: FAIL_OPEN, os: win32, os version: 10"}
{"level":"INFO","message":"[4:12:42.848 PM]: Connection[id: aac9c67d-a345-41ff-bca3-3692a2c3ba3a] additional details: passcode in password is provided, passcode is not provided, private key is provided, application: undefined, client name: snowflake-sdk, client version: 2.2.0, retry timeout: 300, private key path: undefined, private key pass is not provided, client store temporary credential: false, browser response timeout: 120000"}
{"level":"INFO","message":"[4:12:42.849 PM]: Connection[id: aac9c67d-a345-41ff-bca3-3692a2c3ba3a] - connection object created successfully."}
{"level":"INFO","message":"[4:12:42.849 PM]: Connection[id: aac9c67d-a345-41ff-bca3-3692a2c3ba3a] - connecting. Associated Snowflake domain: GLOBAL"}
{"level":"INFO","message":"[4:12:42.854 PM]: Connection[id: aac9c67d-a345-41ff-bca3-3692a2c3ba3a] - authentication successful using: SNOWFLAKE_JWT"}
{"level":"INFO","message":"[4:12:42.857 PM]: Connection[id: aac9c67d-a345-41ff-bca3-3692a2c3ba3a] - connected successfully after 7.368300000001909 milliseconds"}
{"level":"INFO","message":"[4:18:24.699 PM]: Creating new connection object"}
{"level":"INFO","message":"[4:18:24.729 PM]: Creating Connection[id: 45586d30-89d5-4cef-bce7-d6232e18be0e] with host: iqviaidporg-pandpreporting.snowflakecomputing.com, account: iqviaidporg-pandpreporting, accessUrl: https://iqviaidporg-pandpreporting.snowflakecomputing.com, user: maasreaduser, role: undefined, database: PNPREPORTING_LIB, schema: PNPREPORTING_DATAMART, warehouse: PNPLIBRARIES, proxy was not configured, password is not provided, region: undefined, authenticator: SNOWFLAKE_JWT, ocsp mode: FAIL_OPEN, os: win32, os version: 10"}
{"level":"INFO","message":"[4:18:24.731 PM]: Connection[id: 45586d30-89d5-4cef-bce7-d6232e18be0e] additional details: passcode in password is provided, passcode is not provided, private key is provided, application: undefined, client name: snowflake-sdk, client version: 2.2.0, retry timeout: 300, private key path: undefined, private key pass is not provided, client store temporary credential: false, browser response timeout: 120000"}
{"level":"INFO","message":"[4:18:24.732 PM]: Connection[id: 45586d30-89d5-4cef-bce7-d6232e18be0e] - connection object created successfully."}
{"level":"INFO","message":"[4:18:24.733 PM]: Connection[id: 45586d30-89d5-4cef-bce7-d6232e18be0e] - connecting. Associated Snowflake domain: GLOBAL"}
{"level":"INFO","message":"[4:18:24.741 PM]: Connection[id: 45586d30-89d5-4cef-bce7-d6232e18be0e] - authentication successful using: SNOWFLAKE_JWT"}
{"level":"INFO","message":"[4:18:24.744 PM]: Trying to initialize Easy Logging"}
{"level":"INFO","message":"[4:18:24.748 PM]: No client config detected."}
{"level":"INFO","message":"[4:18:24.749 PM]: No config file path found. Client config will not be used."}
{"level":"INFO","message":"[4:18:24.750 PM]: Easy Logging is disabled as no config has been found"}
{"level":"INFO","message":"[4:18:24.756 PM]: Connection[id: 45586d30-89d5-4cef-bce7-d6232e18be0e] - connected successfully after 22.94549999999981 milliseconds"}
{"level":"INFO","message":"[4:19:58.436 PM]: Creating new connection object"}
{"level":"INFO","message":"[4:19:58.464 PM]: Creating Connection[id: c7b47e8b-1030-4085-b423-d5f8fc0c5d32] with host: iqviaidporg-pandpreporting.snowflakecomputing.com, account: iqviaidporg-pandpreporting, accessUrl: https://iqviaidporg-pandpreporting.snowflakecomputing.com, user: maasreaduser, role: undefined, database: PNPREPORTING_LIB, schema: PNPREPORTING_DATAMART, warehouse: PNPLIBRARIES, proxy was not configured, password is not provided, region: undefined, authenticator: SNOWFLAKE_JWT, ocsp mode: FAIL_OPEN, os: win32, os version: 10"}
{"level":"INFO","message":"[4:19:58.466 PM]: Connection[id: c7b47e8b-1030-4085-b423-d5f8fc0c5d32] additional details: passcode in password is provided, passcode is not provided, private key is provided, application: undefined, client name: snowflake-sdk, client version: 2.2.0, retry timeout: 300, private key path: undefined, private key pass is not provided, client store temporary credential: false, browser response timeout: 120000"}
{"level":"INFO","message":"[4:19:58.467 PM]: Connection[id: c7b47e8b-1030-4085-b423-d5f8fc0c5d32] - connection object created successfully."}
{"level":"INFO","message":"[4:19:58.468 PM]: Connection[id: c7b47e8b-1030-4085-b423-d5f8fc0c5d32] - connecting. Associated Snowflake domain: GLOBAL"}
{"level":"INFO","message":"[4:19:58.477 PM]: Connection[id: c7b47e8b-1030-4085-b423-d5f8fc0c5d32] - authentication successful using: SNOWFLAKE_JWT"}
{"level":"INFO","message":"[4:19:58.478 PM]: Trying to initialize Easy Logging"}
{"level":"INFO","message":"[4:19:58.483 PM]: No client config detected."}
{"level":"INFO","message":"[4:19:58.484 PM]: No config file path found. Client config will not be used."}
{"level":"INFO","message":"[4:19:58.486 PM]: Easy Logging is disabled as no config has been found"}
{"level":"INFO","message":"[4:19:58.495 PM]: Connection[id: c7b47e8b-1030-4085-b423-d5f8fc0c5d32] - connected successfully after 26.962499999999636 milliseconds"}
{"level":"INFO","message":"[4:23:28.497 PM]: Creating new connection object"}
{"level":"INFO","message":"[4:23:28.525 PM]: Creating Connection[id: 4934c1b5-3065-4f26-bb11-0e221aa24042] with host: iqviaidporg-pandpreporting.snowflakecomputing.com, account: iqviaidporg-pandpreporting, accessUrl: https://iqviaidporg-pandpreporting.snowflakecomputing.com, user: maasreaduser, role: undefined, database: PNPREPORTING_LIB, schema: PNPREPORTING_DATAMART, warehouse: PNPLIBRARIES, proxy was not configured, password is not provided, region: undefined, authenticator: SNOWFLAKE_JWT, ocsp mode: FAIL_OPEN, os: win32, os version: 10"}
{"level":"INFO","message":"[4:23:28.526 PM]: Connection[id: 4934c1b5-3065-4f26-bb11-0e221aa24042] additional details: passcode in password is provided, passcode is not provided, private key is provided, application: undefined, client name: snowflake-sdk, client version: 2.2.0, retry timeout: 300, private key path: undefined, private key pass is not provided, client store temporary credential: false, browser response timeout: 120000"}
{"level":"INFO","message":"[4:23:28.528 PM]: Connection[id: 4934c1b5-3065-4f26-bb11-0e221aa24042] - connection object created successfully."}
{"level":"INFO","message":"[4:23:28.530 PM]: Connection[id: 4934c1b5-3065-4f26-bb11-0e221aa24042] - connecting. Associated Snowflake domain: GLOBAL"}
{"level":"INFO","message":"[4:23:28.540 PM]: Connection[id: 4934c1b5-3065-4f26-bb11-0e221aa24042] - authentication successful using: SNOWFLAKE_JWT"}
{"level":"INFO","message":"[4:23:28.542 PM]: Trying to initialize Easy Logging"}
{"level":"INFO","message":"[4:23:28.547 PM]: No client config detected."}
{"level":"INFO","message":"[4:23:28.549 PM]: No config file path found. Client config will not be used."}
{"level":"INFO","message":"[4:23:28.551 PM]: Easy Logging is disabled as no config has been found"}
{"level":"INFO","message":"[4:23:28.557 PM]: Connection[id: 4934c1b5-3065-4f26-bb11-0e221aa24042] - connected successfully after 27.012399999999616 milliseconds"}
{"level":"INFO","message":"[4:24:43.894 PM]: Creating new connection object"}
{"level":"INFO","message":"[4:24:43.916 PM]: Creating Connection[id: 0703b583-e39d-404c-a7c6-a51b7e3bbbae] with host: iqviaidporg-pandpreporting.snowflakecomputing.com, account: iqviaidporg-pandpreporting, accessUrl: https://iqviaidporg-pandpreporting.snowflakecomputing.com, user: maasreaduser, role: undefined, database: PNPREPORTING_LIB, schema: PNPREPORTING_DATAMART, warehouse: PNPLIBRARIES, proxy was not configured, password is not provided, region: undefined, authenticator: SNOWFLAKE_JWT, ocsp mode: FAIL_OPEN, os: win32, os version: 10"}
{"level":"INFO","message":"[4:24:43.917 PM]: Connection[id: 0703b583-e39d-404c-a7c6-a51b7e3bbbae] additional details: passcode in password is provided, passcode is not provided, private key is provided, application: undefined, client name: snowflake-sdk, client version: 2.2.0, retry timeout: 300, private key path: undefined, private key pass is not provided, client store temporary credential: false, browser response timeout: 120000"}
{"level":"INFO","message":"[4:24:43.918 PM]: Connection[id: 0703b583-e39d-404c-a7c6-a51b7e3bbbae] - connection object created successfully."}
{"level":"INFO","message":"[4:24:43.919 PM]: Connection[id: 0703b583-e39d-404c-a7c6-a51b7e3bbbae] - connecting. Associated Snowflake domain: GLOBAL"}
{"level":"INFO","message":"[4:24:43.926 PM]: Connection[id: 0703b583-e39d-404c-a7c6-a51b7e3bbbae] - authentication successful using: SNOWFLAKE_JWT"}
{"level":"INFO","message":"[4:24:43.927 PM]: Trying to initialize Easy Logging"}
{"level":"INFO","message":"[4:24:43.931 PM]: No client config detected."}
{"level":"INFO","message":"[4:24:43.931 PM]: No config file path found. Client config will not be used."}
{"level":"INFO","message":"[4:24:43.932 PM]: Easy Logging is disabled as no config has been found"}
{"level":"INFO","message":"[4:24:43.937 PM]: Connection[id: 0703b583-e39d-404c-a7c6-a51b7e3bbbae] - connected successfully after 17.39409999999998 milliseconds"}
{"level":"INFO","message":"[4:27:33.379 PM]: Creating new connection object"}
{"level":"INFO","message":"[4:27:33.411 PM]: Creating Connection[id: 3a022494-4364-4a64-922d-624d52c6a7f1] with host: iqviaidporg-pandpreporting.snowflakecomputing.com, account: iqviaidporg-pandpreporting, accessUrl: https://iqviaidporg-pandpreporting.snowflakecomputing.com, user: maasreaduser, role: undefined, database: PNPREPORTING_LIB, schema: PNPREPORTING_DATAMART, warehouse: PNPLIBRARIES, proxy was not configured, password is not provided, region: undefined, authenticator: SNOWFLAKE_JWT, ocsp mode: FAIL_OPEN, os: win32, os version: 10"}
{"level":"INFO","message":"[4:27:33.413 PM]: Connection[id: 3a022494-4364-4a64-922d-624d52c6a7f1] additional details: passcode in password is provided, passcode is not provided, private key is provided, application: undefined, client name: snowflake-sdk, client version: 2.2.0, retry timeout: 300, private key path: undefined, private key pass is not provided, client store temporary credential: false, browser response timeout: 120000"}
{"level":"INFO","message":"[4:27:33.414 PM]: Connection[id: 3a022494-4364-4a64-922d-624d52c6a7f1] - connection object created successfully."}
{"level":"INFO","message":"[4:27:33.415 PM]: Connection[id: 3a022494-4364-4a64-922d-624d52c6a7f1] - connecting. Associated Snowflake domain: GLOBAL"}
{"level":"INFO","message":"[4:27:33.425 PM]: Connection[id: 3a022494-4364-4a64-922d-624d52c6a7f1] - authentication successful using: SNOWFLAKE_JWT"}
{"level":"INFO","message":"[4:27:33.427 PM]: Trying to initialize Easy Logging"}
{"level":"INFO","message":"[4:27:33.431 PM]: No client config detected."}
{"level":"INFO","message":"[4:27:33.432 PM]: No config file path found. Client config will not be used."}
{"level":"INFO","message":"[4:27:33.434 PM]: Easy Logging is disabled as no config has been found"}
{"level":"INFO","message":"[4:27:33.441 PM]: Connection[id: 3a022494-4364-4a64-922d-624d52c6a7f1] - connected successfully after 26.253499999998894 milliseconds"}
{"level":"INFO","message":"[4:28:00.543 PM]: Creating new connection object"}
{"level":"INFO","message":"[4:28:00.552 PM]: Creating Connection[id: 1bbeb1c5-94fc-4c68-97cf-bcf354b4ca05] with host: iqviaidporg-pandpreporting.snowflakecomputing.com, account: iqviaidporg-pandpreporting, accessUrl: https://iqviaidporg-pandpreporting.snowflakecomputing.com, user: maasreaduser, role: undefined, database: PNPREPORTING_LIB, schema: PNPREPORTING_DATAMART, warehouse: PNPLIBRARIES, proxy was not configured, password is not provided, region: undefined, authenticator: SNOWFLAKE_JWT, ocsp mode: FAIL_OPEN, os: win32, os version: 10"}
{"level":"INFO","message":"[4:28:00.553 PM]: Connection[id: 1bbeb1c5-94fc-4c68-97cf-bcf354b4ca05] additional details: passcode in password is provided, passcode is not provided, private key is provided, application: undefined, client name: snowflake-sdk, client version: 2.2.0, retry timeout: 300, private key path: undefined, private key pass is not provided, client store temporary credential: false, browser response timeout: 120000"}
{"level":"INFO","message":"[4:28:00.554 PM]: Connection[id: 1bbeb1c5-94fc-4c68-97cf-bcf354b4ca05] - connection object created successfully."}
{"level":"INFO","message":"[4:28:00.555 PM]: Connection[id: 1bbeb1c5-94fc-4c68-97cf-bcf354b4ca05] - connecting. Associated Snowflake domain: GLOBAL"}
{"level":"INFO","message":"[4:28:00.563 PM]: Connection[id: 1bbeb1c5-94fc-4c68-97cf-bcf354b4ca05] - authentication successful using: SNOWFLAKE_JWT"}
{"level":"INFO","message":"[4:28:00.569 PM]: Connection[id: 1bbeb1c5-94fc-4c68-97cf-bcf354b4ca05] - connected successfully after 14.343300000000454 milliseconds"}
{"level":"INFO","message":"[10:33:07.260 AM]: Creating new connection object"}
{"level":"INFO","message":"[10:33:07.306 AM]: Creating Connection[id: ddeda061-307b-4260-b931-5fb68070f701] with host: iqviaidporg-pandpreporting.snowflakecomputing.com, account: iqviaidporg-pandpreporting, accessUrl: https://iqviaidporg-pandpreporting.snowflakecomputing.com, user: maasreaduser, role: undefined, database: PNPREPORTING_LIB, schema: PNPREPORTING_DATAMART, warehouse: PNPLIBRARIES, proxy was not configured, password is not provided, region: undefined, authenticator: SNOWFLAKE_JWT, ocsp mode: FAIL_OPEN, os: win32, os version: 10"}
{"level":"INFO","message":"[10:33:07.308 AM]: Connection[id: ddeda061-307b-4260-b931-5fb68070f701] additional details: passcode in password is provided, passcode is not provided, private key is provided, application: undefined, client name: snowflake-sdk, client version: 2.2.0, retry timeout: 300, private key path: undefined, private key pass is not provided, client store temporary credential: false, browser response timeout: 120000"}
{"level":"INFO","message":"[10:33:07.310 AM]: Connection[id: ddeda061-307b-4260-b931-5fb68070f701] - connection object created successfully."}
{"level":"INFO","message":"[10:33:07.311 AM]: Connection[id: ddeda061-307b-4260-b931-5fb68070f701] - connecting. Associated Snowflake domain: GLOBAL"}
{"level":"INFO","message":"[10:33:07.323 AM]: Connection[id: ddeda061-307b-4260-b931-5fb68070f701] - authentication successful using: SNOWFLAKE_JWT"}
{"level":"INFO","message":"[10:33:07.325 AM]: Trying to initialize Easy Logging"}
{"level":"INFO","message":"[10:33:07.333 AM]: No client config detected."}
{"level":"INFO","message":"[10:33:07.335 AM]: No config file path found. Client config will not be used."}
{"level":"INFO","message":"[10:33:07.337 AM]: Easy Logging is disabled as no config has been found"}
{"level":"INFO","message":"[10:33:07.346 AM]: Connection[id: ddeda061-307b-4260-b931-5fb68070f701] - connected successfully after 34.82189999999537 milliseconds"}
{"level":"INFO","message":"[10:36:13.603 AM]: Creating new connection object"}
{"level":"INFO","message":"[10:36:13.606 AM]: Creating Connection[id: 65f726c3-0bc6-4d04-9256-a61345da9b0f] with host: iqviaidporg-pandpreporting.snowflakecomputing.com, account: iqviaidporg-pandpreporting, accessUrl: https://iqviaidporg-pandpreporting.snowflakecomputing.com, user: maasreaduser, role: undefined, database: PNPREPORTING_LIB, schema: PNPREPORTING_DATAMART, warehouse: PNPLIBRARIES, proxy was not configured, password is not provided, region: undefined, authenticator: SNOWFLAKE_JWT, ocsp mode: FAIL_OPEN, os: win32, os version: 10"}
{"level":"INFO","message":"[10:36:13.611 AM]: Connection[id: 65f726c3-0bc6-4d04-9256-a61345da9b0f] additional details: passcode in password is provided, passcode is not provided, private key is provided, application: undefined, client name: snowflake-sdk, client version: 2.2.0, retry timeout: 300, private key path: undefined, private key pass is not provided, client store temporary credential: false, browser response timeout: 120000"}
{"level":"INFO","message":"[10:36:13.612 AM]: Connection[id: 65f726c3-0bc6-4d04-9256-a61345da9b0f] - connection object created successfully."}
{"level":"INFO","message":"[10:36:13.613 AM]: Connection[id: 65f726c3-0bc6-4d04-9256-a61345da9b0f] - connecting. Associated Snowflake domain: GLOBAL"}
{"level":"INFO","message":"[10:36:13.618 AM]: Connection[id: 65f726c3-0bc6-4d04-9256-a61345da9b0f] - authentication successful using: SNOWFLAKE_JWT"}
{"level":"INFO","message":"[10:36:13.622 AM]: Connection[id: 65f726c3-0bc6-4d04-9256-a61345da9b0f] - connected successfully after 8.98619999998482 milliseconds"}
{"level":"INFO","message":"[10:36:30.877 AM]: Creating new connection object"}
{"level":"INFO","message":"[10:36:30.879 AM]: Creating Connection[id: 10a6fee5-1642-458d-8aec-4208643e84fb] with host: iqviaidporg-pandpreporting.snowflakecomputing.com, account: iqviaidporg-pandpreporting, accessUrl: https://iqviaidporg-pandpreporting.snowflakecomputing.com, user: maasreaduser, role: undefined, database: PNPREPORTING_LIB, schema: PNPREPORTING_DATAMART, warehouse: PNPLIBRARIES, proxy was not configured, password is not provided, region: undefined, authenticator: SNOWFLAKE_JWT, ocsp mode: FAIL_OPEN, os: win32, os version: 10"}
{"level":"INFO","message":"[10:36:30.880 AM]: Connection[id: 10a6fee5-1642-458d-8aec-4208643e84fb] additional details: passcode in password is provided, passcode is not provided, private key is provided, application: undefined, client name: snowflake-sdk, client version: 2.2.0, retry timeout: 300, private key path: undefined, private key pass is not provided, client store temporary credential: false, browser response timeout: 120000"}
{"level":"INFO","message":"[10:36:30.881 AM]: Connection[id: 10a6fee5-1642-458d-8aec-4208643e84fb] - connection object created successfully."}
{"level":"INFO","message":"[10:36:30.881 AM]: Connection[id: 10a6fee5-1642-458d-8aec-4208643e84fb] - connecting. Associated Snowflake domain: GLOBAL"}
{"level":"INFO","message":"[10:36:30.887 AM]: Connection[id: 10a6fee5-1642-458d-8aec-4208643e84fb] - authentication successful using: SNOWFLAKE_JWT"}
{"level":"INFO","message":"[10:36:30.890 AM]: Connection[id: 10a6fee5-1642-458d-8aec-4208643e84fb] - connected successfully after 8.40659999998752 milliseconds"}
{"level":"INFO","message":"[10:38:53.744 AM]: Creating new connection object"}
{"level":"INFO","message":"[10:38:53.747 AM]: Creating Connection[id: 663469d3-4f96-4760-b8ab-6c286d1973c7] with host: iqviaidporg-pandpreporting.snowflakecomputing.com, account: iqviaidporg-pandpreporting, accessUrl: https://iqviaidporg-pandpreporting.snowflakecomputing.com, user: maasreaduser, role: undefined, database: PNPREPORTING_LIB, schema: PNPREPORTING_DATAMART, warehouse: PNPLIBRARIES, proxy was not configured, password is not provided, region: undefined, authenticator: SNOWFLAKE_JWT, ocsp mode: FAIL_OPEN, os: win32, os version: 10"}
{"level":"INFO","message":"[10:38:53.748 AM]: Connection[id: 663469d3-4f96-4760-b8ab-6c286d1973c7] additional details: passcode in password is provided, passcode is not provided, private key is provided, application: undefined, client name: snowflake-sdk, client version: 2.2.0, retry timeout: 300, private key path: undefined, private key pass is not provided, client store temporary credential: false, browser response timeout: 120000"}
{"level":"INFO","message":"[10:38:53.748 AM]: Connection[id: 663469d3-4f96-4760-b8ab-6c286d1973c7] - connection object created successfully."}
{"level":"INFO","message":"[10:38:53.749 AM]: Connection[id: 663469d3-4f96-4760-b8ab-6c286d1973c7] - connecting. Associated Snowflake domain: GLOBAL"}
{"level":"INFO","message":"[10:38:53.754 AM]: Connection[id: 663469d3-4f96-4760-b8ab-6c286d1973c7] - authentication successful using: SNOWFLAKE_JWT"}
{"level":"INFO","message":"[10:38:53.757 AM]: Connection[id: 663469d3-4f96-4760-b8ab-6c286d1973c7] - connected successfully after 8.525599999993574 milliseconds"}
{"level":"INFO","message":"[10:42:08.314 AM]: Creating new connection object"}
{"level":"INFO","message":"[10:42:08.316 AM]: Creating Connection[id: 149d6c35-8836-47bb-8e6b-3689e1cfe0c5] with host: iqviaidporg-pandpreporting.snowflakecomputing.com, account: iqviaidporg-pandpreporting, accessUrl: https://iqviaidporg-pandpreporting.snowflakecomputing.com, user: maasreaduser, role: undefined, database: PNPREPORTING_LIB, schema: PNPREPORTING_DATAMART, warehouse: PNPLIBRARIES, proxy was not configured, password is not provided, region: undefined, authenticator: SNOWFLAKE_JWT, ocsp mode: FAIL_OPEN, os: win32, os version: 10"}
{"level":"INFO","message":"[10:42:08.317 AM]: Connection[id: 149d6c35-8836-47bb-8e6b-3689e1cfe0c5] additional details: passcode in password is provided, passcode is not provided, private key is provided, application: undefined, client name: snowflake-sdk, client version: 2.2.0, retry timeout: 300, private key path: undefined, private key pass is not provided, client store temporary credential: false, browser response timeout: 120000"}
{"level":"INFO","message":"[10:42:08.318 AM]: Connection[id: 149d6c35-8836-47bb-8e6b-3689e1cfe0c5] - connection object created successfully."}
{"level":"INFO","message":"[10:42:08.319 AM]: Connection[id: 149d6c35-8836-47bb-8e6b-3689e1cfe0c5] - connecting. Associated Snowflake domain: GLOBAL"}
{"level":"INFO","message":"[10:42:08.323 AM]: Connection[id: 149d6c35-8836-47bb-8e6b-3689e1cfe0c5] - authentication successful using: SNOWFLAKE_JWT"}
{"level":"INFO","message":"[10:42:08.326 AM]: Connection[id: 149d6c35-8836-47bb-8e6b-3689e1cfe0c5] - connected successfully after 7.0825999999651685 milliseconds"}
{"level":"INFO","message":"[10:42:13.054 AM]: Creating new connection object"}
{"level":"INFO","message":"[10:42:13.056 AM]: Creating Connection[id: 2956b085-37f7-41cc-80d7-d829ea91696c] with host: iqviaidporg-pandpreporting.snowflakecomputing.com, account: iqviaidporg-pandpreporting, accessUrl: https://iqviaidporg-pandpreporting.snowflakecomputing.com, user: maasreaduser, role: undefined, database: PNPREPORTING_LIB, schema: PNPREPORTING_DATAMART, warehouse: PNPLIBRARIES, proxy was not configured, password is not provided, region: undefined, authenticator: SNOWFLAKE_JWT, ocsp mode: FAIL_OPEN, os: win32, os version: 10"}
{"level":"INFO","message":"[10:42:13.057 AM]: Connection[id: 2956b085-37f7-41cc-80d7-d829ea91696c] additional details: passcode in password is provided, passcode is not provided, private key is provided, application: undefined, client name: snowflake-sdk, client version: 2.2.0, retry timeout: 300, private key path: undefined, private key pass is not provided, client store temporary credential: false, browser response timeout: 120000"}
{"level":"INFO","message":"[10:42:13.057 AM]: Connection[id: 2956b085-37f7-41cc-80d7-d829ea91696c] - connection object created successfully."}
{"level":"INFO","message":"[10:42:13.058 AM]: Connection[id: 2956b085-37f7-41cc-80d7-d829ea91696c] - connecting. Associated Snowflake domain: GLOBAL"}
{"level":"INFO","message":"[10:42:13.062 AM]: Connection[id: 2956b085-37f7-41cc-80d7-d829ea91696c] - authentication successful using: SNOWFLAKE_JWT"}
{"level":"INFO","message":"[10:42:13.063 AM]: Connection[id: 2956b085-37f7-41cc-80d7-d829ea91696c] - connected successfully after 5.658900000038557 milliseconds"}
{"level":"INFO","message":"[10:45:26.158 AM]: Creating new connection object"}
{"level":"INFO","message":"[10:45:26.185 AM]: Creating Connection[id: 1eb896cd-8bce-4902-9e55-026a95d982fd] with host: iqviaidporg-pandpreporting.snowflakecomputing.com, account: iqviaidporg-pandpreporting, accessUrl: https://iqviaidporg-pandpreporting.snowflakecomputing.com, user: maasreaduser, role: undefined, database: PNPREPORTING_LIB, schema: PNPREPORTING_DATAMART, warehouse: PNPLIBRARIES, proxy was not configured, password is not provided, region: undefined, authenticator: SNOWFLAKE_JWT, ocsp mode: FAIL_OPEN, os: win32, os version: 10"}
{"level":"INFO","message":"[10:45:26.187 AM]: Connection[id: 1eb896cd-8bce-4902-9e55-026a95d982fd] additional details: passcode in password is provided, passcode is not provided, private key is provided, application: undefined, client name: snowflake-sdk, client version: 2.2.0, retry timeout: 300, private key path: undefined, private key pass is not provided, client store temporary credential: false, browser response timeout: 120000"}
{"level":"INFO","message":"[10:45:26.188 AM]: Connection[id: 1eb896cd-8bce-4902-9e55-026a95d982fd] - connection object created successfully."}
{"level":"INFO","message":"[10:45:26.189 AM]: Connection[id: 1eb896cd-8bce-4902-9e55-026a95d982fd] - connecting. Associated Snowflake domain: GLOBAL"}
{"level":"INFO","message":"[10:45:26.196 AM]: Connection[id: 1eb896cd-8bce-4902-9e55-026a95d982fd] - authentication successful using: SNOWFLAKE_JWT"}
{"level":"INFO","message":"[10:45:26.198 AM]: Trying to initialize Easy Logging"}
{"level":"INFO","message":"[10:45:26.202 AM]: No client config detected."}
{"level":"INFO","message":"[10:45:26.203 AM]: No config file path found. Client config will not be used."}
{"level":"INFO","message":"[10:45:26.205 AM]: Easy Logging is disabled as no config has been found"}
{"level":"INFO","message":"[10:45:26.210 AM]: Connection[id: 1eb896cd-8bce-4902-9e55-026a95d982fd] - connected successfully after 20.575400000001537 milliseconds"}
{"level":"INFO","message":"[10:45:31.353 AM]: Creating new connection object"}
{"level":"INFO","message":"[10:45:31.356 AM]: Creating Connection[id: 8dee8fa4-0010-48c6-be27-c4b00798cf35] with host: iqviaidporg-pandpreporting.snowflakecomputing.com, account: iqviaidporg-pandpreporting, accessUrl: https://iqviaidporg-pandpreporting.snowflakecomputing.com, user: maasreaduser, role: undefined, database: PNPREPORTING_LIB, schema: PNPREPORTING_DATAMART, warehouse: PNPLIBRARIES, proxy was not configured, password is not provided, region: undefined, authenticator: SNOWFLAKE_JWT, ocsp mode: FAIL_OPEN, os: win32, os version: 10"}
{"level":"INFO","message":"[10:45:31.357 AM]: Connection[id: 8dee8fa4-0010-48c6-be27-c4b00798cf35] additional details: passcode in password is provided, passcode is not provided, private key is provided, application: undefined, client name: snowflake-sdk, client version: 2.2.0, retry timeout: 300, private key path: undefined, private key pass is not provided, client store temporary credential: false, browser response timeout: 120000"}
{"level":"INFO","message":"[10:45:31.357 AM]: Connection[id: 8dee8fa4-0010-48c6-be27-c4b00798cf35] - connection object created successfully."}
{"level":"INFO","message":"[10:45:31.358 AM]: Connection[id: 8dee8fa4-0010-48c6-be27-c4b00798cf35] - connecting. Associated Snowflake domain: GLOBAL"}
{"level":"INFO","message":"[10:45:31.362 AM]: Connection[id: 8dee8fa4-0010-48c6-be27-c4b00798cf35] - authentication successful using: SNOWFLAKE_JWT"}
{"level":"INFO","message":"[10:45:31.364 AM]: Connection[id: 8dee8fa4-0010-48c6-be27-c4b00798cf35] - connected successfully after 6.638500000000931 milliseconds"}
{"level":"INFO","message":"[10:47:49.903 AM]: Creating new connection object"}
{"level":"INFO","message":"[10:47:49.936 AM]: Creating Connection[id: 8cd49cad-b681-4b62-8bf4-3989593c64dc] with host: iqviaidporg-pandpreporting.snowflakecomputing.com, account: iqviaidporg-pandpreporting, accessUrl: https://iqviaidporg-pandpreporting.snowflakecomputing.com, user: maasreaduser, role: undefined, database: PNPREPORTING_LIB, schema: PNPREPORTING_DATAMART, warehouse: PNPLIBRARIES, proxy was not configured, password is not provided, region: undefined, authenticator: SNOWFLAKE_JWT, ocsp mode: FAIL_OPEN, os: win32, os version: 10"}
{"level":"INFO","message":"[10:47:49.938 AM]: Connection[id: 8cd49cad-b681-4b62-8bf4-3989593c64dc] additional details: passcode in password is provided, passcode is not provided, private key is provided, application: undefined, client name: snowflake-sdk, client version: 2.2.0, retry timeout: 300, private key path: undefined, private key pass is not provided, client store temporary credential: false, browser response timeout: 120000"}
{"level":"INFO","message":"[10:47:49.940 AM]: Connection[id: 8cd49cad-b681-4b62-8bf4-3989593c64dc] - connection object created successfully."}
{"level":"INFO","message":"[10:47:49.943 AM]: Connection[id: 8cd49cad-b681-4b62-8bf4-3989593c64dc] - connecting. Associated Snowflake domain: GLOBAL"}
{"level":"INFO","message":"[10:47:49.953 AM]: Connection[id: 8cd49cad-b681-4b62-8bf4-3989593c64dc] - authentication successful using: SNOWFLAKE_JWT"}
{"level":"INFO","message":"[10:47:49.955 AM]: Trying to initialize Easy Logging"}
{"level":"INFO","message":"[10:47:49.962 AM]: No client config detected."}
{"level":"INFO","message":"[10:47:49.964 AM]: No config file path found. Client config will not be used."}
{"level":"INFO","message":"[10:47:49.966 AM]: Easy Logging is disabled as no config has been found"}
{"level":"INFO","message":"[10:47:49.972 AM]: Connection[id: 8cd49cad-b681-4b62-8bf4-3989593c64dc] - connected successfully after 29.512000000002445 milliseconds"}
{"level":"INFO","message":"[10:47:56.329 AM]: Creating new connection object"}
{"level":"INFO","message":"[10:47:56.331 AM]: Creating Connection[id: 4b19c0e2-19c8-45f3-b598-b851ca2b1888] with host: iqviaidporg-pandpreporting.snowflakecomputing.com, account: iqviaidporg-pandpreporting, accessUrl: https://iqviaidporg-pandpreporting.snowflakecomputing.com, user: maasreaduser, role: undefined, database: PNPREPORTING_LIB, schema: PNPREPORTING_DATAMART, warehouse: PNPLIBRARIES, proxy was not configured, password is not provided, region: undefined, authenticator: SNOWFLAKE_JWT, ocsp mode: FAIL_OPEN, os: win32, os version: 10"}
{"level":"INFO","message":"[10:47:56.332 AM]: Connection[id: 4b19c0e2-19c8-45f3-b598-b851ca2b1888] additional details: passcode in password is provided, passcode is not provided, private key is provided, application: undefined, client name: snowflake-sdk, client version: 2.2.0, retry timeout: 300, private key path: undefined, private key pass is not provided, client store temporary credential: false, browser response timeout: 120000"}
{"level":"INFO","message":"[10:47:56.359 AM]: Connection[id: 4b19c0e2-19c8-45f3-b598-b851ca2b1888] - connection object created successfully."}
{"level":"INFO","message":"[10:47:56.360 AM]: Connection[id: 4b19c0e2-19c8-45f3-b598-b851ca2b1888] - connecting. Associated Snowflake domain: GLOBAL"}
{"level":"INFO","message":"[10:47:56.366 AM]: Connection[id: 4b19c0e2-19c8-45f3-b598-b851ca2b1888] - authentication successful using: SNOWFLAKE_JWT"}
{"level":"INFO","message":"[10:47:56.369 AM]: Connection[id: 4b19c0e2-19c8-45f3-b598-b851ca2b1888] - connected successfully after 8.927100000000792 milliseconds"}
{"level":"INFO","message":"[10:47:59.932 AM]: Creating new connection object"}
{"level":"INFO","message":"[10:47:59.935 AM]: Creating Connection[id: 9ecf749e-0d98-47e0-8b53-084a859d19c4] with host: iqviaidporg-pandpreporting.snowflakecomputing.com, account: iqviaidporg-pandpreporting, accessUrl: https://iqviaidporg-pandpreporting.snowflakecomputing.com, user: maasreaduser, role: undefined, database: PNPREPORTING_LIB, schema: PNPREPORTING_DATAMART, warehouse: PNPLIBRARIES, proxy was not configured, password is not provided, region: undefined, authenticator: SNOWFLAKE_JWT, ocsp mode: FAIL_OPEN, os: win32, os version: 10"}
{"level":"INFO","message":"[10:47:59.935 AM]: Connection[id: 9ecf749e-0d98-47e0-8b53-084a859d19c4] additional details: passcode in password is provided, passcode is not provided, private key is provided, application: undefined, client name: snowflake-sdk, client version: 2.2.0, retry timeout: 300, private key path: undefined, private key pass is not provided, client store temporary credential: false, browser response timeout: 120000"}
{"level":"INFO","message":"[10:47:59.936 AM]: Connection[id: 9ecf749e-0d98-47e0-8b53-084a859d19c4] - connection object created successfully."}
{"level":"INFO","message":"[10:47:59.936 AM]: Connection[id: 9ecf749e-0d98-47e0-8b53-084a859d19c4] - connecting. Associated Snowflake domain: GLOBAL"}
{"level":"INFO","message":"[10:47:59.942 AM]: Connection[id: 9ecf749e-0d98-47e0-8b53-084a859d19c4] - authentication successful using: SNOWFLAKE_JWT"}
{"level":"INFO","message":"[10:47:59.944 AM]: Connection[id: 9ecf749e-0d98-47e0-8b53-084a859d19c4] - connected successfully after 7.704200000000128 milliseconds"}
{"level":"INFO","message":"[2:11:35.341 PM]: Creating new connection object"}
{"level":"INFO","message":"[2:11:35.373 PM]: Creating Connection[id: e5949f01-1d9a-4f50-b285-36ea14c9f7a9] with host: iqviaidporg-pandpreporting.snowflakecomputing.com, account: iqviaidporg-pandpreporting, accessUrl: https://iqviaidporg-pandpreporting.snowflakecomputing.com, user: maasreaduser, role: undefined, database: PNPREPORTING_LIB, schema: PNPREPORTING_DATAMART, warehouse: PNPLIBRARIES, proxy was not configured, password is not provided, region: undefined, authenticator: SNOWFLAKE_JWT, ocsp mode: FAIL_OPEN, os: win32, os version: 10"}
{"level":"INFO","message":"[2:11:35.375 PM]: Connection[id: e5949f01-1d9a-4f50-b285-36ea14c9f7a9] additional details: passcode in password is provided, passcode is not provided, private key is provided, application: undefined, client name: snowflake-sdk, client version: 2.2.0, retry timeout: 300, private key path: undefined, private key pass is not provided, client store temporary credential: false, browser response timeout: 120000"}
{"level":"INFO","message":"[2:11:35.376 PM]: Connection[id: e5949f01-1d9a-4f50-b285-36ea14c9f7a9] - connection object created successfully."}
{"level":"INFO","message":"[2:11:35.377 PM]: Connection[id: e5949f01-1d9a-4f50-b285-36ea14c9f7a9] - connecting. Associated Snowflake domain: GLOBAL"}
{"level":"INFO","message":"[2:11:35.385 PM]: Connection[id: e5949f01-1d9a-4f50-b285-36ea14c9f7a9] - authentication successful using: SNOWFLAKE_JWT"}
{"level":"INFO","message":"[2:11:35.386 PM]: Trying to initialize Easy Logging"}
{"level":"INFO","message":"[2:11:35.391 PM]: No client config detected."}
{"level":"INFO","message":"[2:11:35.392 PM]: No config file path found. Client config will not be used."}
{"level":"INFO","message":"[2:11:35.394 PM]: Easy Logging is disabled as no config has been found"}
{"level":"INFO","message":"[2:11:35.404 PM]: Connection[id: e5949f01-1d9a-4f50-b285-36ea14c9f7a9] - connected successfully after 27.025399999998626 milliseconds"}
{"level":"INFO","message":"[3:11:31.536 PM]: Creating new connection object"}
{"level":"INFO","message":"[3:11:31.548 PM]: Creating Connection[id: 96d21183-d89f-4d69-b890-dcabc9264d8b] with host: iqviaidporg-pandpreporting.snowflakecomputing.com, account: iqviaidporg-pandpreporting, accessUrl: https://iqviaidporg-pandpreporting.snowflakecomputing.com, user: maasreaduser, role: undefined, database: PNPREPORTING_LIB, schema: PNPREPORTING_DATAMART, warehouse: PNPLIBRARIES, proxy was not configured, password is not provided, region: undefined, authenticator: SNOWFLAKE_JWT, ocsp mode: FAIL_OPEN, os: win32, os version: 10"}
{"level":"INFO","message":"[3:11:31.549 PM]: Connection[id: 96d21183-d89f-4d69-b890-dcabc9264d8b] additional details: passcode in password is provided, passcode is not provided, private key is provided, application: undefined, client name: snowflake-sdk, client version: 2.2.0, retry timeout: 300, private key path: undefined, private key pass is not provided, client store temporary credential: false, browser response timeout: 120000"}
{"level":"INFO","message":"[3:11:31.550 PM]: Connection[id: 96d21183-d89f-4d69-b890-dcabc9264d8b] - connection object created successfully."}
{"level":"INFO","message":"[3:11:31.552 PM]: Connection[id: 96d21183-d89f-4d69-b890-dcabc9264d8b] - connecting. Associated Snowflake domain: GLOBAL"}
{"level":"INFO","message":"[3:11:31.564 PM]: Connection[id: 96d21183-d89f-4d69-b890-dcabc9264d8b] - authentication successful using: SNOWFLAKE_JWT"}
{"level":"INFO","message":"[3:11:31.573 PM]: Connection[id: 96d21183-d89f-4d69-b890-dcabc9264d8b] - connected successfully after 21.85939999995753 milliseconds"}
{"level":"INFO","message":"[2:25:43.459 PM]: Creating new connection object"}
{"level":"INFO","message":"[2:25:43.481 PM]: Creating Connection[id: 1d086183-8279-4ba5-b7a5-52934acd893f] with host: iqviaidporg-pandpreporting.snowflakecomputing.com, account: iqviaidporg-pandpreporting, accessUrl: https://iqviaidporg-pandpreporting.snowflakecomputing.com, user: maasreaduser, role: undefined, database: PNPREPORTING_LIB, schema: PNPREPORTING_DATAMART, warehouse: PNPLIBRARIES, proxy was not configured, password is not provided, region: undefined, authenticator: SNOWFLAKE_JWT, ocsp mode: FAIL_OPEN, os: win32, os version: 10"}
{"level":"INFO","message":"[2:25:43.482 PM]: Connection[id: 1d086183-8279-4ba5-b7a5-52934acd893f] additional details: passcode in password is provided, passcode is not provided, private key is provided, application: undefined, client name: snowflake-sdk, client version: 2.2.0, retry timeout: 300, private key path: undefined, private key pass is not provided, client store temporary credential: false, browser response timeout: 120000"}
{"level":"INFO","message":"[2:25:43.484 PM]: Connection[id: 1d086183-8279-4ba5-b7a5-52934acd893f] - connection object created successfully."}
{"level":"INFO","message":"[2:25:43.484 PM]: Connection[id: 1d086183-8279-4ba5-b7a5-52934acd893f] - connecting. Associated Snowflake domain: GLOBAL"}
{"level":"INFO","message":"[2:25:43.502 PM]: Connection[id: 1d086183-8279-4ba5-b7a5-52934acd893f] - authentication successful using: SNOWFLAKE_JWT"}
{"level":"INFO","message":"[2:25:43.514 PM]: Connection[id: 1d086183-8279-4ba5-b7a5-52934acd893f] - connected successfully after 29.22970001399517 milliseconds"}
{"level":"INFO","message":"[2:41:14.770 PM]: Creating new connection object"}
{"level":"INFO","message":"[2:41:14.774 PM]: Creating Connection[id: 411c9c26-df1d-4a19-bcf9-d5caa0745365] with host: iqviaidporg-pandpreporting.snowflakecomputing.com, account: iqviaidporg-pandpreporting, accessUrl: https://iqviaidporg-pandpreporting.snowflakecomputing.com, user: maasreaduser, role: undefined, database: PNPREPORTING_LIB, schema: PNPREPORTING_DATAMART, warehouse: PNPLIBRARIES, proxy was not configured, password is not provided, region: undefined, authenticator: SNOWFLAKE_JWT, ocsp mode: FAIL_OPEN, os: win32, os version: 10"}
{"level":"INFO","message":"[2:41:14.783 PM]: Connection[id: 411c9c26-df1d-4a19-bcf9-d5caa0745365] additional details: passcode in password is provided, passcode is not provided, private key is provided, application: undefined, client name: snowflake-sdk, client version: 2.2.0, retry timeout: 300, private key path: undefined, private key pass is not provided, client store temporary credential: false, browser response timeout: 120000"}
{"level":"INFO","message":"[2:41:14.785 PM]: Connection[id: 411c9c26-df1d-4a19-bcf9-d5caa0745365] - connection object created successfully."}
{"level":"INFO","message":"[2:41:14.787 PM]: Connection[id: 411c9c26-df1d-4a19-bcf9-d5caa0745365] - connecting. Associated Snowflake domain: GLOBAL"}
{"level":"INFO","message":"[2:41:14.802 PM]: Connection[id: 411c9c26-df1d-4a19-bcf9-d5caa0745365] - authentication successful using: SNOWFLAKE_JWT"}
{"level":"INFO","message":"[2:41:14.804 PM]: Connection[id: 411c9c26-df1d-4a19-bcf9-d5caa0745365] - connected successfully after 17.329699993133545 milliseconds"}
{"level":"INFO","message":"[2:42:03.586 PM]: Creating new connection object"}
{"level":"INFO","message":"[2:42:03.615 PM]: Creating Connection[id: 0a8f29dd-afb4-4873-ab7e-29a222cd50fb] with host: iqviaidporg-pandpreporting.snowflakecomputing.com, account: iqviaidporg-pandpreporting, accessUrl: https://iqviaidporg-pandpreporting.snowflakecomputing.com, user: maasreaduser, role: undefined, database: PNPREPORTING_LIB, schema: PNPREPORTING_DATAMART, warehouse: PNPLIBRARIES, proxy was not configured, password is not provided, region: undefined, authenticator: SNOWFLAKE_JWT, ocsp mode: FAIL_OPEN, os: win32, os version: 10"}
{"level":"INFO","message":"[2:42:03.616 PM]: Connection[id: 0a8f29dd-afb4-4873-ab7e-29a222cd50fb] additional details: passcode in password is provided, passcode is not provided, private key is provided, application: undefined, client name: snowflake-sdk, client version: 2.2.0, retry timeout: 300, private key path: undefined, private key pass is not provided, client store temporary credential: false, browser response timeout: 120000"}
{"level":"INFO","message":"[2:42:03.617 PM]: Connection[id: 0a8f29dd-afb4-4873-ab7e-29a222cd50fb] - connection object created successfully."}
{"level":"INFO","message":"[2:42:03.619 PM]: Connection[id: 0a8f29dd-afb4-4873-ab7e-29a222cd50fb] - connecting. Associated Snowflake domain: GLOBAL"}
{"level":"INFO","message":"[2:42:03.630 PM]: Connection[id: 0a8f29dd-afb4-4873-ab7e-29a222cd50fb] - authentication successful using: SNOWFLAKE_JWT"}
{"level":"INFO","message":"[2:42:03.631 PM]: Trying to initialize Easy Logging"}
{"level":"INFO","message":"[2:42:03.635 PM]: No client config detected."}
{"level":"INFO","message":"[2:42:03.636 PM]: No config file path found. Client config will not be used."}
{"level":"INFO","message":"[2:42:03.638 PM]: Easy Logging is disabled as no config has been found"}
{"level":"INFO","message":"[2:42:03.645 PM]: Connection[id: 0a8f29dd-afb4-4873-ab7e-29a222cd50fb] - connected successfully after 25.677299999999377 milliseconds"}
{"level":"INFO","message":"[2:43:06.503 PM]: Creating new connection object"}
{"level":"INFO","message":"[2:43:06.508 PM]: Creating Connection[id: 8a6afa34-d62d-4bfb-88e5-2b6ee4696be4] with host: iqviaidporg-pandpreporting.snowflakecomputing.com, account: iqviaidporg-pandpreporting, accessUrl: https://iqviaidporg-pandpreporting.snowflakecomputing.com, user: maasreaduser, role: undefined, database: PNPREPORTING_LIB, schema: PNPREPORTING_DATAMART, warehouse: PNPLIBRARIES, proxy was not configured, password is not provided, region: undefined, authenticator: SNOWFLAKE_JWT, ocsp mode: FAIL_OPEN, os: win32, os version: 10"}
{"level":"INFO","message":"[2:43:06.509 PM]: Connection[id: 8a6afa34-d62d-4bfb-88e5-2b6ee4696be4] additional details: passcode in password is provided, passcode is not provided, private key is provided, application: undefined, client name: snowflake-sdk, client version: 2.2.0, retry timeout: 300, private key path: undefined, private key pass is not provided, client store temporary credential: false, browser response timeout: 120000"}
{"level":"INFO","message":"[2:43:06.509 PM]: Connection[id: 8a6afa34-d62d-4bfb-88e5-2b6ee4696be4] - connection object created successfully."}
{"level":"INFO","message":"[2:43:06.510 PM]: Connection[id: 8a6afa34-d62d-4bfb-88e5-2b6ee4696be4] - connecting. Associated Snowflake domain: GLOBAL"}
{"level":"INFO","message":"[2:43:06.515 PM]: Connection[id: 8a6afa34-d62d-4bfb-88e5-2b6ee4696be4] - authentication successful using: SNOWFLAKE_JWT"}
{"level":"INFO","message":"[2:43:06.518 PM]: Connection[id: 8a6afa34-d62d-4bfb-88e5-2b6ee4696be4] - connected successfully after 8.309800000002724 milliseconds"}
{"level":"INFO","message":"[2:43:24.076 PM]: Creating new connection object"}
{"level":"INFO","message":"[2:43:24.078 PM]: Creating Connection[id: 58c8f79a-09f1-4df9-9a80-5b0cb9f0f672] with host: iqviaidporg-pandpreporting.snowflakecomputing.com, account: iqviaidporg-pandpreporting, accessUrl: https://iqviaidporg-pandpreporting.snowflakecomputing.com, user: maasreaduser, role: undefined, database: PNPREPORTING_LIB, schema: PNPREPORTING_DATAMART, warehouse: PNPLIBRARIES, proxy was not configured, password is not provided, region: undefined, authenticator: SNOWFLAKE_JWT, ocsp mode: FAIL_OPEN, os: win32, os version: 10"}
{"level":"INFO","message":"[2:43:24.078 PM]: Connection[id: 58c8f79a-09f1-4df9-9a80-5b0cb9f0f672] additional details: passcode in password is provided, passcode is not provided, private key is provided, application: undefined, client name: snowflake-sdk, client version: 2.2.0, retry timeout: 300, private key path: undefined, private key pass is not provided, client store temporary credential: false, browser response timeout: 120000"}
{"level":"INFO","message":"[2:43:24.078 PM]: Connection[id: 58c8f79a-09f1-4df9-9a80-5b0cb9f0f672] - connection object created successfully."}
{"level":"INFO","message":"[2:43:24.079 PM]: Connection[id: 58c8f79a-09f1-4df9-9a80-5b0cb9f0f672] - connecting. Associated Snowflake domain: GLOBAL"}
{"level":"INFO","message":"[2:43:24.084 PM]: Connection[id: 58c8f79a-09f1-4df9-9a80-5b0cb9f0f672] - authentication successful using: SNOWFLAKE_JWT"}
{"level":"INFO","message":"[2:43:24.086 PM]: Connection[id: 58c8f79a-09f1-4df9-9a80-5b0cb9f0f672] - connected successfully after 7.213900000002468 milliseconds"}
{"level":"INFO","message":"[2:43:54.888 PM]: Creating new connection object"}
{"level":"INFO","message":"[2:43:54.890 PM]: Creating Connection[id: f291b66f-add8-4852-a635-431bea331f1a] with host: iqviaidporg-pandpreporting.snowflakecomputing.com, account: iqviaidporg-pandpreporting, accessUrl: https://iqviaidporg-pandpreporting.snowflakecomputing.com, user: maasreaduser, role: undefined, database: PNPREPORTING_LIB, schema: PNPREPORTING_DATAMART, warehouse: PNPLIBRARIES, proxy was not configured, password is not provided, region: undefined, authenticator: SNOWFLAKE_JWT, ocsp mode: FAIL_OPEN, os: win32, os version: 10"}
{"level":"INFO","message":"[2:43:54.890 PM]: Connection[id: f291b66f-add8-4852-a635-431bea331f1a] additional details: passcode in password is provided, passcode is not provided, private key is provided, application: undefined, client name: snowflake-sdk, client version: 2.2.0, retry timeout: 300, private key path: undefined, private key pass is not provided, client store temporary credential: false, browser response timeout: 120000"}
{"level":"INFO","message":"[2:43:54.891 PM]: Connection[id: f291b66f-add8-4852-a635-431bea331f1a] - connection object created successfully."}
{"level":"INFO","message":"[2:43:54.891 PM]: Connection[id: f291b66f-add8-4852-a635-431bea331f1a] - connecting. Associated Snowflake domain: GLOBAL"}
{"level":"INFO","message":"[2:43:54.896 PM]: Connection[id: f291b66f-add8-4852-a635-431bea331f1a] - authentication successful using: SNOWFLAKE_JWT"}
{"level":"INFO","message":"[2:43:54.898 PM]: Connection[id: f291b66f-add8-4852-a635-431bea331f1a] - connected successfully after 6.5296999999991385 milliseconds"}
{"level":"INFO","message":"[2:44:14.812 PM]: Creating new connection object"}
{"level":"INFO","message":"[2:44:14.814 PM]: Creating Connection[id: 9d00caab-9254-4562-986f-f2772c418bc9] with host: iqviaidporg-pandpreporting.snowflakecomputing.com, account: iqviaidporg-pandpreporting, accessUrl: https://iqviaidporg-pandpreporting.snowflakecomputing.com, user: maasreaduser, role: undefined, database: PNPREPORTING_LIB, schema: PNPREPORTING_DATAMART, warehouse: PNPLIBRARIES, proxy was not configured, password is not provided, region: undefined, authenticator: SNOWFLAKE_JWT, ocsp mode: FAIL_OPEN, os: win32, os version: 10"}
{"level":"INFO","message":"[2:44:14.840 PM]: Connection[id: 9d00caab-9254-4562-986f-f2772c418bc9] additional details: passcode in password is provided, passcode is not provided, private key is provided, application: undefined, client name: snowflake-sdk, client version: 2.2.0, retry timeout: 300, private key path: undefined, private key pass is not provided, client store temporary credential: false, browser response timeout: 120000"}
{"level":"INFO","message":"[2:44:14.841 PM]: Connection[id: 9d00caab-9254-4562-986f-f2772c418bc9] - connection object created successfully."}
{"level":"INFO","message":"[2:44:14.841 PM]: Connection[id: 9d00caab-9254-4562-986f-f2772c418bc9] - connecting. Associated Snowflake domain: GLOBAL"}
{"level":"INFO","message":"[2:44:14.847 PM]: Connection[id: 9d00caab-9254-4562-986f-f2772c418bc9] - authentication successful using: SNOWFLAKE_JWT"}
{"level":"INFO","message":"[2:44:14.850 PM]: Connection[id: 9d00caab-9254-4562-986f-f2772c418bc9] - connected successfully after 8.362300000007963 milliseconds"}
{"level":"INFO","message":"[2:46:25.751 PM]: Creating new connection object"}
{"level":"INFO","message":"[2:46:25.759 PM]: Creating Connection[id: 33c51dee-8f2f-454e-894f-eb5a7ebd13de] with host: iqviaidporg-pandpreporting.snowflakecomputing.com, account: iqviaidporg-pandpreporting, accessUrl: https://iqviaidporg-pandpreporting.snowflakecomputing.com, user: maasreaduser, role: undefined, database: PNPREPORTING_LIB, schema: PNPREPORTING_DATAMART, warehouse: PNPLIBRARIES, proxy was not configured, password is not provided, region: undefined, authenticator: SNOWFLAKE_JWT, ocsp mode: FAIL_OPEN, os: win32, os version: 10"}
{"level":"INFO","message":"[2:46:25.787 PM]: Connection[id: 33c51dee-8f2f-454e-894f-eb5a7ebd13de] additional details: passcode in password is provided, passcode is not provided, private key is provided, application: undefined, client name: snowflake-sdk, client version: 2.2.0, retry timeout: 300, private key path: undefined, private key pass is not provided, client store temporary credential: false, browser response timeout: 120000"}
{"level":"INFO","message":"[2:46:25.788 PM]: Connection[id: 33c51dee-8f2f-454e-894f-eb5a7ebd13de] - connection object created successfully."}
{"level":"INFO","message":"[2:46:25.789 PM]: Connection[id: 33c51dee-8f2f-454e-894f-eb5a7ebd13de] - connecting. Associated Snowflake domain: GLOBAL"}
{"level":"INFO","message":"[2:46:25.797 PM]: Connection[id: 33c51dee-8f2f-454e-894f-eb5a7ebd13de] - authentication successful using: SNOWFLAKE_JWT"}
{"level":"INFO","message":"[2:46:25.800 PM]: Connection[id: 33c51dee-8f2f-454e-894f-eb5a7ebd13de] - connected successfully after 10.838300000003073 milliseconds"}
{"level":"INFO","message":"[3:14:29.928 PM]: Creating new connection object"}
{"level":"INFO","message":"[3:14:29.934 PM]: Creating Connection[id: 129fc1da-f81a-4f65-8db3-8a06b00b253c] with host: iqviaidporg-pandpreporting.snowflakecomputing.com, account: iqviaidporg-pandpreporting, accessUrl: https://iqviaidporg-pandpreporting.snowflakecomputing.com, user: maasreaduser, role: undefined, database: PNPREPORTING_LIB, schema: PNPREPORTING_DATAMART, warehouse: PNPLIBRARIES, proxy was not configured, password is not provided, region: undefined, authenticator: SNOWFLAKE_JWT, ocsp mode: FAIL_OPEN, os: win32, os version: 10"}
{"level":"INFO","message":"[3:14:29.935 PM]: Connection[id: 129fc1da-f81a-4f65-8db3-8a06b00b253c] additional details: passcode in password is provided, passcode is not provided, private key is provided, application: undefined, client name: snowflake-sdk, client version: 2.2.0, retry timeout: 300, private key path: undefined, private key pass is not provided, client store temporary credential: false, browser response timeout: 120000"}
{"level":"INFO","message":"[3:14:29.935 PM]: Connection[id: 129fc1da-f81a-4f65-8db3-8a06b00b253c] - connection object created successfully."}
{"level":"INFO","message":"[3:14:29.936 PM]: Connection[id: 129fc1da-f81a-4f65-8db3-8a06b00b253c] - connecting. Associated Snowflake domain: GLOBAL"}
{"level":"INFO","message":"[3:14:29.946 PM]: Connection[id: 129fc1da-f81a-4f65-8db3-8a06b00b253c] - authentication successful using: SNOWFLAKE_JWT"}
{"level":"INFO","message":"[3:14:29.950 PM]: Connection[id: 129fc1da-f81a-4f65-8db3-8a06b00b253c] - connected successfully after 14.05089999991469 milliseconds"}
{"level":"INFO","message":"[3:14:35.347 PM]: Creating new connection object"}
{"level":"INFO","message":"[3:14:35.350 PM]: Creating Connection[id: 3a7ffc44-e0ed-46a5-b205-a79783c0ccb1] with host: iqviaidporg-pandpreporting.snowflakecomputing.com, account: iqviaidporg-pandpreporting, accessUrl: https://iqviaidporg-pandpreporting.snowflakecomputing.com, user: maasreaduser, role: undefined, database: PNPREPORTING_LIB, schema: PNPREPORTING_DATAMART, warehouse: PNPLIBRARIES, proxy was not configured, password is not provided, region: undefined, authenticator: SNOWFLAKE_JWT, ocsp mode: FAIL_OPEN, os: win32, os version: 10"}
{"level":"INFO","message":"[3:14:35.350 PM]: Connection[id: 3a7ffc44-e0ed-46a5-b205-a79783c0ccb1] additional details: passcode in password is provided, passcode is not provided, private key is provided, application: undefined, client name: snowflake-sdk, client version: 2.2.0, retry timeout: 300, private key path: undefined, private key pass is not provided, client store temporary credential: false, browser response timeout: 120000"}
{"level":"INFO","message":"[3:14:35.351 PM]: Connection[id: 3a7ffc44-e0ed-46a5-b205-a79783c0ccb1] - connection object created successfully."}
{"level":"INFO","message":"[3:14:35.351 PM]: Connection[id: 3a7ffc44-e0ed-46a5-b205-a79783c0ccb1] - connecting. Associated Snowflake domain: GLOBAL"}
{"level":"INFO","message":"[3:14:35.356 PM]: Connection[id: 3a7ffc44-e0ed-46a5-b205-a79783c0ccb1] - authentication successful using: SNOWFLAKE_JWT"}
{"level":"INFO","message":"[3:14:35.358 PM]: Connection[id: 3a7ffc44-e0ed-46a5-b205-a79783c0ccb1] - connected successfully after 6.227900000056252 milliseconds"}
{"level":"INFO","message":"[3:14:38.726 PM]: Creating new connection object"}
{"level":"INFO","message":"[3:14:38.727 PM]: Creating Connection[id: 8cd02865-d7fd-40a3-807f-c90e81eb49bc] with host: iqviaidporg-pandpreporting.snowflakecomputing.com, account: iqviaidporg-pandpreporting, accessUrl: https://iqviaidporg-pandpreporting.snowflakecomputing.com, user: maasreaduser, role: undefined, database: PNPREPORTING_LIB, schema: PNPREPORTING_DATAMART, warehouse: PNPLIBRARIES, proxy was not configured, password is not provided, region: undefined, authenticator: SNOWFLAKE_JWT, ocsp mode: FAIL_OPEN, os: win32, os version: 10"}
{"level":"INFO","message":"[3:14:38.727 PM]: Connection[id: 8cd02865-d7fd-40a3-807f-c90e81eb49bc] additional details: passcode in password is provided, passcode is not provided, private key is provided, application: undefined, client name: snowflake-sdk, client version: 2.2.0, retry timeout: 300, private key path: undefined, private key pass is not provided, client store temporary credential: false, browser response timeout: 120000"}
{"level":"INFO","message":"[3:14:38.728 PM]: Connection[id: 8cd02865-d7fd-40a3-807f-c90e81eb49bc] - connection object created successfully."}
{"level":"INFO","message":"[3:14:38.728 PM]: Connection[id: 8cd02865-d7fd-40a3-807f-c90e81eb49bc] - connecting. Associated Snowflake domain: GLOBAL"}
{"level":"INFO","message":"[3:14:38.758 PM]: Connection[id: 8cd02865-d7fd-40a3-807f-c90e81eb49bc] - authentication successful using: SNOWFLAKE_JWT"}
{"level":"INFO","message":"[3:14:38.760 PM]: Connection[id: 8cd02865-d7fd-40a3-807f-c90e81eb49bc] - connected successfully after 31.72399999992922 milliseconds"}
{"level":"INFO","message":"[3:14:40.628 PM]: Creating new connection object"}
{"level":"INFO","message":"[3:14:40.630 PM]: Creating Connection[id: 52e975d3-576e-4278-821c-efb1acc03c49] with host: iqviaidporg-pandpreporting.snowflakecomputing.com, account: iqviaidporg-pandpreporting, accessUrl: https://iqviaidporg-pandpreporting.snowflakecomputing.com, user: maasreaduser, role: undefined, database: PNPREPORTING_LIB, schema: PNPREPORTING_DATAMART, warehouse: PNPLIBRARIES, proxy was not configured, password is not provided, region: undefined, authenticator: SNOWFLAKE_JWT, ocsp mode: FAIL_OPEN, os: win32, os version: 10"}
{"level":"INFO","message":"[3:14:40.631 PM]: Connection[id: 52e975d3-576e-4278-821c-efb1acc03c49] additional details: passcode in password is provided, passcode is not provided, private key is provided, application: undefined, client name: snowflake-sdk, client version: 2.2.0, retry timeout: 300, private key path: undefined, private key pass is not provided, client store temporary credential: false, browser response timeout: 120000"}
{"level":"INFO","message":"[3:14:40.632 PM]: Connection[id: 52e975d3-576e-4278-821c-efb1acc03c49] - connection object created successfully."}
{"level":"INFO","message":"[3:14:40.632 PM]: Connection[id: 52e975d3-576e-4278-821c-efb1acc03c49] - connecting. Associated Snowflake domain: GLOBAL"}
{"level":"INFO","message":"[3:14:40.637 PM]: Connection[id: 52e975d3-576e-4278-821c-efb1acc03c49] - authentication successful using: SNOWFLAKE_JWT"}
{"level":"INFO","message":"[3:14:40.638 PM]: Connection[id: 52e975d3-576e-4278-821c-efb1acc03c49] - connected successfully after 6.258200000040233 milliseconds"}
{"level":"INFO","message":"[3:14:42.280 PM]: Creating new connection object"}
{"level":"INFO","message":"[3:14:42.283 PM]: Creating Connection[id: 7c9eefc3-01ea-4c57-abbb-dc8c938f083a] with host: iqviaidporg-pandpreporting.snowflakecomputing.com, account: iqviaidporg-pandpreporting, accessUrl: https://iqviaidporg-pandpreporting.snowflakecomputing.com, user: maasreaduser, role: undefined, database: PNPREPORTING_LIB, schema: PNPREPORTING_DATAMART, warehouse: PNPLIBRARIES, proxy was not configured, password is not provided, region: undefined, authenticator: SNOWFLAKE_JWT, ocsp mode: FAIL_OPEN, os: win32, os version: 10"}
{"level":"INFO","message":"[3:14:42.284 PM]: Connection[id: 7c9eefc3-01ea-4c57-abbb-dc8c938f083a] additional details: passcode in password is provided, passcode is not provided, private key is provided, application: undefined, client name: snowflake-sdk, client version: 2.2.0, retry timeout: 300, private key path: undefined, private key pass is not provided, client store temporary credential: false, browser response timeout: 120000"}
{"level":"INFO","message":"[3:14:42.284 PM]: Connection[id: 7c9eefc3-01ea-4c57-abbb-dc8c938f083a] - connection object created successfully."}
{"level":"INFO","message":"[3:14:42.285 PM]: Connection[id: 7c9eefc3-01ea-4c57-abbb-dc8c938f083a] - connecting. Associated Snowflake domain: GLOBAL"}
{"level":"INFO","message":"[3:14:42.290 PM]: Connection[id: 7c9eefc3-01ea-4c57-abbb-dc8c938f083a] - authentication successful using: SNOWFLAKE_JWT"}
{"level":"INFO","message":"[3:14:42.293 PM]: Connection[id: 7c9eefc3-01ea-4c57-abbb-dc8c938f083a] - connected successfully after 7.97759999986738 milliseconds"}
{"level":"INFO","message":"[3:14:44.827 PM]: Creating new connection object"}
{"level":"INFO","message":"[3:14:44.829 PM]: Creating Connection[id: ea32eecb-a796-480e-989d-f95b883ff02d] with host: iqviaidporg-pandpreporting.snowflakecomputing.com, account: iqviaidporg-pandpreporting, accessUrl: https://iqviaidporg-pandpreporting.snowflakecomputing.com, user: maasreaduser, role: undefined, database: PNPREPORTING_LIB, schema: PNPREPORTING_DATAMART, warehouse: PNPLIBRARIES, proxy was not configured, password is not provided, region: undefined, authenticator: SNOWFLAKE_JWT, ocsp mode: FAIL_OPEN, os: win32, os version: 10"}
{"level":"INFO","message":"[3:14:44.830 PM]: Connection[id: ea32eecb-a796-480e-989d-f95b883ff02d] additional details: passcode in password is provided, passcode is not provided, private key is provided, application: undefined, client name: snowflake-sdk, client version: 2.2.0, retry timeout: 300, private key path: undefined, private key pass is not provided, client store temporary credential: false, browser response timeout: 120000"}
{"level":"INFO","message":"[3:14:44.830 PM]: Connection[id: ea32eecb-a796-480e-989d-f95b883ff02d] - connection object created successfully."}
{"level":"INFO","message":"[3:14:44.857 PM]: Connection[id: ea32eecb-a796-480e-989d-f95b883ff02d] - connecting. Associated Snowflake domain: GLOBAL"}
{"level":"INFO","message":"[3:14:44.861 PM]: Connection[id: ea32eecb-a796-480e-989d-f95b883ff02d] - authentication successful using: SNOWFLAKE_JWT"}
{"level":"INFO","message":"[3:14:44.864 PM]: Connection[id: ea32eecb-a796-480e-989d-f95b883ff02d] - connected successfully after 7.679699999978766 milliseconds"}
{"level":"INFO","message":"[3:14:46.544 PM]: Creating new connection object"}
{"level":"INFO","message":"[3:14:46.546 PM]: Creating Connection[id: e36d3260-1297-451c-b507-b42dd9ce26ef] with host: iqviaidporg-pandpreporting.snowflakecomputing.com, account: iqviaidporg-pandpreporting, accessUrl: https://iqviaidporg-pandpreporting.snowflakecomputing.com, user: maasreaduser, role: undefined, database: PNPREPORTING_LIB, schema: PNPREPORTING_DATAMART, warehouse: PNPLIBRARIES, proxy was not configured, password is not provided, region: undefined, authenticator: SNOWFLAKE_JWT, ocsp mode: FAIL_OPEN, os: win32, os version: 10"}
{"level":"INFO","message":"[3:14:46.547 PM]: Connection[id: e36d3260-1297-451c-b507-b42dd9ce26ef] additional details: passcode in password is provided, passcode is not provided, private key is provided, application: undefined, client name: snowflake-sdk, client version: 2.2.0, retry timeout: 300, private key path: undefined, private key pass is not provided, client store temporary credential: false, browser response timeout: 120000"}
{"level":"INFO","message":"[3:14:46.548 PM]: Connection[id: e36d3260-1297-451c-b507-b42dd9ce26ef] - connection object created successfully."}
{"level":"INFO","message":"[3:14:46.549 PM]: Connection[id: e36d3260-1297-451c-b507-b42dd9ce26ef] - connecting. Associated Snowflake domain: GLOBAL"}
{"level":"INFO","message":"[3:14:46.553 PM]: Connection[id: e36d3260-1297-451c-b507-b42dd9ce26ef] - authentication successful using: SNOWFLAKE_JWT"}
{"level":"INFO","message":"[3:14:46.556 PM]: Connection[id: e36d3260-1297-451c-b507-b42dd9ce26ef] - connected successfully after 7.377699999837205 milliseconds"}
{"level":"INFO","message":"[3:14:48.273 PM]: Creating new connection object"}
{"level":"INFO","message":"[3:14:48.274 PM]: Creating Connection[id: 42adc9ab-a81c-4c59-8577-973088deecb2] with host: iqviaidporg-pandpreporting.snowflakecomputing.com, account: iqviaidporg-pandpreporting, accessUrl: https://iqviaidporg-pandpreporting.snowflakecomputing.com, user: maasreaduser, role: undefined, database: PNPREPORTING_LIB, schema: PNPREPORTING_DATAMART, warehouse: PNPLIBRARIES, proxy was not configured, password is not provided, region: undefined, authenticator: SNOWFLAKE_JWT, ocsp mode: FAIL_OPEN, os: win32, os version: 10"}
{"level":"INFO","message":"[3:14:48.300 PM]: Connection[id: 42adc9ab-a81c-4c59-8577-973088deecb2] additional details: passcode in password is provided, passcode is not provided, private key is provided, application: undefined, client name: snowflake-sdk, client version: 2.2.0, retry timeout: 300, private key path: undefined, private key pass is not provided, client store temporary credential: false, browser response timeout: 120000"}
{"level":"INFO","message":"[3:14:48.300 PM]: Connection[id: 42adc9ab-a81c-4c59-8577-973088deecb2] - connection object created successfully."}
{"level":"INFO","message":"[3:14:48.301 PM]: Connection[id: 42adc9ab-a81c-4c59-8577-973088deecb2] - connecting. Associated Snowflake domain: GLOBAL"}
{"level":"INFO","message":"[3:14:48.305 PM]: Connection[id: 42adc9ab-a81c-4c59-8577-973088deecb2] - authentication successful using: SNOWFLAKE_JWT"}
{"level":"INFO","message":"[3:14:48.306 PM]: Connection[id: 42adc9ab-a81c-4c59-8577-973088deecb2] - connected successfully after 5.543199999956414 milliseconds"}
{"level":"INFO","message":"[3:37:55.145 PM]: Creating new connection object"}
{"level":"INFO","message":"[3:37:55.193 PM]: Creating Connection[id: 9ac352e9-c631-4b1c-86ab-e79a1411fc48] with host: iqviaidporg-pandpreporting.snowflakecomputing.com, account: iqviaidporg-pandpreporting, accessUrl: https://iqviaidporg-pandpreporting.snowflakecomputing.com, user: maasreaduser, role: undefined, database: PNPREPORTING_LIB, schema: PNPREPORTING_DATAMART, warehouse: PNPLIBRARIES, proxy was not configured, password is not provided, region: undefined, authenticator: SNOWFLAKE_JWT, ocsp mode: FAIL_OPEN, os: win32, os version: 10"}
{"level":"INFO","message":"[3:37:55.195 PM]: Connection[id: 9ac352e9-c631-4b1c-86ab-e79a1411fc48] additional details: passcode in password is provided, passcode is not provided, private key is provided, application: undefined, client name: snowflake-sdk, client version: 2.2.0, retry timeout: 300, private key path: undefined, private key pass is not provided, client store temporary credential: false, browser response timeout: 120000"}
{"level":"INFO","message":"[3:37:55.196 PM]: Connection[id: 9ac352e9-c631-4b1c-86ab-e79a1411fc48] - connection object created successfully."}
{"level":"INFO","message":"[3:37:55.197 PM]: Connection[id: 9ac352e9-c631-4b1c-86ab-e79a1411fc48] - connecting. Associated Snowflake domain: GLOBAL"}
{"level":"INFO","message":"[3:37:55.207 PM]: Connection[id: 9ac352e9-c631-4b1c-86ab-e79a1411fc48] - authentication successful using: SNOWFLAKE_JWT"}
{"level":"INFO","message":"[3:37:55.209 PM]: Trying to initialize Easy Logging"}
{"level":"INFO","message":"[3:37:55.217 PM]: No client config detected."}
{"level":"INFO","message":"[3:37:55.217 PM]: No config file path found. Client config will not be used."}
{"level":"INFO","message":"[3:37:55.219 PM]: Easy Logging is disabled as no config has been found"}
{"level":"INFO","message":"[3:37:55.230 PM]: Connection[id: 9ac352e9-c631-4b1c-86ab-e79a1411fc48] - connected successfully after 32.53529999998864 milliseconds"}
{"level":"INFO","message":"[3:38:17.120 PM]: Creating new connection object"}
{"level":"INFO","message":"[3:38:17.121 PM]: Creating Connection[id: 383007c1-8f76-4808-9889-31f32a901652] with host: iqviaidporg-pandpreporting.snowflakecomputing.com, account: iqviaidporg-pandpreporting, accessUrl: https://iqviaidporg-pandpreporting.snowflakecomputing.com, user: maasreaduser, role: undefined, database: PNPREPORTING_LIB, schema: PNPREPORTING_DATAMART, warehouse: PNPLIBRARIES, proxy was not configured, password is not provided, region: undefined, authenticator: SNOWFLAKE_JWT, ocsp mode: FAIL_OPEN, os: win32, os version: 10"}
{"level":"INFO","message":"[3:38:17.122 PM]: Connection[id: 383007c1-8f76-4808-9889-31f32a901652] additional details: passcode in password is provided, passcode is not provided, private key is provided, application: undefined, client name: snowflake-sdk, client version: 2.2.0, retry timeout: 300, private key path: undefined, private key pass is not provided, client store temporary credential: false, browser response timeout: 120000"}
{"level":"INFO","message":"[3:38:17.122 PM]: Connection[id: 383007c1-8f76-4808-9889-31f32a901652] - connection object created successfully."}
{"level":"INFO","message":"[3:38:17.123 PM]: Connection[id: 383007c1-8f76-4808-9889-31f32a901652] - connecting. Associated Snowflake domain: GLOBAL"}
{"level":"INFO","message":"[3:38:17.129 PM]: Connection[id: 383007c1-8f76-4808-9889-31f32a901652] - authentication successful using: SNOWFLAKE_JWT"}
{"level":"INFO","message":"[3:38:17.131 PM]: Connection[id: 383007c1-8f76-4808-9889-31f32a901652] - connected successfully after 7.757800000021234 milliseconds"}
{"level":"INFO","message":"[3:39:38.663 PM]: Creating new connection object"}
{"level":"INFO","message":"[3:39:38.665 PM]: Creating Connection[id: 73376eec-c7d8-47bf-ae89-0214b53b5a94] with host: iqviaidporg-pandpreporting.snowflakecomputing.com, account: iqviaidporg-pandpreporting, accessUrl: https://iqviaidporg-pandpreporting.snowflakecomputing.com, user: maasreaduser, role: undefined, database: PNPREPORTING_LIB, schema: PNPREPORTING_DATAMART, warehouse: PNPLIBRARIES, proxy was not configured, password is not provided, region: undefined, authenticator: SNOWFLAKE_JWT, ocsp mode: FAIL_OPEN, os: win32, os version: 10"}
{"level":"INFO","message":"[3:39:38.665 PM]: Connection[id: 73376eec-c7d8-47bf-ae89-0214b53b5a94] additional details: passcode in password is provided, passcode is not provided, private key is provided, application: undefined, client name: snowflake-sdk, client version: 2.2.0, retry timeout: 300, private key path: undefined, private key pass is not provided, client store temporary credential: false, browser response timeout: 120000"}
{"level":"INFO","message":"[3:39:38.666 PM]: Connection[id: 73376eec-c7d8-47bf-ae89-0214b53b5a94] - connection object created successfully."}
{"level":"INFO","message":"[3:39:38.666 PM]: Connection[id: 73376eec-c7d8-47bf-ae89-0214b53b5a94] - connecting. Associated Snowflake domain: GLOBAL"}
{"level":"INFO","message":"[3:39:38.670 PM]: Connection[id: 73376eec-c7d8-47bf-ae89-0214b53b5a94] - authentication successful using: SNOWFLAKE_JWT"}
{"level":"INFO","message":"[3:39:38.672 PM]: Connection[id: 73376eec-c7d8-47bf-ae89-0214b53b5a94] - connected successfully after 6.029199999989942 milliseconds"}
{"level":"INFO","message":"[3:40:12.547 PM]: Creating new connection object"}
{"level":"INFO","message":"[3:40:12.549 PM]: Creating Connection[id: 3125769b-b783-4ee3-a70b-59a6e88a00e9] with host: iqviaidporg-pandpreporting.snowflakecomputing.com, account: iqviaidporg-pandpreporting, accessUrl: https://iqviaidporg-pandpreporting.snowflakecomputing.com, user: maasreaduser, role: undefined, database: PNPREPORTING_LIB, schema: PNPREPORTING_DATAMART, warehouse: PNPLIBRARIES, proxy was not configured, password is not provided, region: undefined, authenticator: SNOWFLAKE_JWT, ocsp mode: FAIL_OPEN, os: win32, os version: 10"}
{"level":"INFO","message":"[3:40:12.550 PM]: Connection[id: 3125769b-b783-4ee3-a70b-59a6e88a00e9] additional details: passcode in password is provided, passcode is not provided, private key is provided, application: undefined, client name: snowflake-sdk, client version: 2.2.0, retry timeout: 300, private key path: undefined, private key pass is not provided, client store temporary credential: false, browser response timeout: 120000"}
{"level":"INFO","message":"[3:40:12.551 PM]: Connection[id: 3125769b-b783-4ee3-a70b-59a6e88a00e9] - connection object created successfully."}
{"level":"INFO","message":"[3:40:12.551 PM]: Connection[id: 3125769b-b783-4ee3-a70b-59a6e88a00e9] - connecting. Associated Snowflake domain: GLOBAL"}
{"level":"INFO","message":"[3:40:12.555 PM]: Connection[id: 3125769b-b783-4ee3-a70b-59a6e88a00e9] - authentication successful using: SNOWFLAKE_JWT"}
{"level":"INFO","message":"[3:40:12.557 PM]: Connection[id: 3125769b-b783-4ee3-a70b-59a6e88a00e9] - connected successfully after 5.985499999951571 milliseconds"}
{"level":"INFO","message":"[3:40:30.161 PM]: Creating new connection object"}
{"level":"INFO","message":"[3:40:30.162 PM]: Creating Connection[id: d3d9c4ec-9198-4b53-a892-7d707ea9c6ef] with host: iqviaidporg-pandpreporting.snowflakecomputing.com, account: iqviaidporg-pandpreporting, accessUrl: https://iqviaidporg-pandpreporting.snowflakecomputing.com, user: maasreaduser, role: undefined, database: PNPREPORTING_LIB, schema: PNPREPORTING_DATAMART, warehouse: PNPLIBRARIES, proxy was not configured, password is not provided, region: undefined, authenticator: SNOWFLAKE_JWT, ocsp mode: FAIL_OPEN, os: win32, os version: 10"}
{"level":"INFO","message":"[3:40:30.163 PM]: Connection[id: d3d9c4ec-9198-4b53-a892-7d707ea9c6ef] additional details: passcode in password is provided, passcode is not provided, private key is provided, application: undefined, client name: snowflake-sdk, client version: 2.2.0, retry timeout: 300, private key path: undefined, private key pass is not provided, client store temporary credential: false, browser response timeout: 120000"}
{"level":"INFO","message":"[3:40:30.163 PM]: Connection[id: d3d9c4ec-9198-4b53-a892-7d707ea9c6ef] - connection object created successfully."}
{"level":"INFO","message":"[3:40:30.164 PM]: Connection[id: d3d9c4ec-9198-4b53-a892-7d707ea9c6ef] - connecting. Associated Snowflake domain: GLOBAL"}
{"level":"INFO","message":"[3:40:30.169 PM]: Connection[id: d3d9c4ec-9198-4b53-a892-7d707ea9c6ef] - authentication successful using: SNOWFLAKE_JWT"}
{"level":"INFO","message":"[3:40:30.172 PM]: Connection[id: d3d9c4ec-9198-4b53-a892-7d707ea9c6ef] - connected successfully after 7.8360000000102445 milliseconds"}
{"level":"INFO","message":"[3:40:35.806 PM]: Creating new connection object"}
{"level":"INFO","message":"[3:40:35.808 PM]: Creating Connection[id: 88011a82-0b03-4837-97db-cefcf44022e2] with host: iqviaidporg-pandpreporting.snowflakecomputing.com, account: iqviaidporg-pandpreporting, accessUrl: https://iqviaidporg-pandpreporting.snowflakecomputing.com, user: maasreaduser, role: undefined, database: PNPREPORTING_LIB, schema: PNPREPORTING_DATAMART, warehouse: PNPLIBRARIES, proxy was not configured, password is not provided, region: undefined, authenticator: SNOWFLAKE_JWT, ocsp mode: FAIL_OPEN, os: win32, os version: 10"}
{"level":"INFO","message":"[3:40:35.809 PM]: Connection[id: 88011a82-0b03-4837-97db-cefcf44022e2] additional details: passcode in password is provided, passcode is not provided, private key is provided, application: undefined, client name: snowflake-sdk, client version: 2.2.0, retry timeout: 300, private key path: undefined, private key pass is not provided, client store temporary credential: false, browser response timeout: 120000"}
{"level":"INFO","message":"[3:40:35.809 PM]: Connection[id: 88011a82-0b03-4837-97db-cefcf44022e2] - connection object created successfully."}
{"level":"INFO","message":"[3:40:35.810 PM]: Connection[id: 88011a82-0b03-4837-97db-cefcf44022e2] - connecting. Associated Snowflake domain: GLOBAL"}
{"level":"INFO","message":"[3:40:35.814 PM]: Connection[id: 88011a82-0b03-4837-97db-cefcf44022e2] - authentication successful using: SNOWFLAKE_JWT"}
{"level":"INFO","message":"[3:40:35.816 PM]: Connection[id: 88011a82-0b03-4837-97db-cefcf44022e2] - connected successfully after 6.6489000000292435 milliseconds"}
{"level":"INFO","message":"[4:39:47.303 PM]: Creating new connection object"}
{"level":"INFO","message":"[4:39:47.311 PM]: Creating Connection[id: a402bce6-cadf-4ce6-a49e-647f8388e48b] with host: iqviaidporg-pandpreporting.snowflakecomputing.com, account: iqviaidporg-pandpreporting, accessUrl: https://iqviaidporg-pandpreporting.snowflakecomputing.com, user: maasreaduser, role: undefined, database: PNPREPORTING_LIB, schema: PNPREPORTING_DATAMART, warehouse: PNPLIBRARIES, proxy was not configured, password is not provided, region: undefined, authenticator: SNOWFLAKE_JWT, ocsp mode: FAIL_OPEN, os: win32, os version: 10"}
{"level":"INFO","message":"[4:39:47.312 PM]: Connection[id: a402bce6-cadf-4ce6-a49e-647f8388e48b] additional details: passcode in password is provided, passcode is not provided, private key is provided, application: undefined, client name: snowflake-sdk, client version: 2.2.0, retry timeout: 300, private key path: undefined, private key pass is not provided, client store temporary credential: false, browser response timeout: 120000"}
{"level":"INFO","message":"[4:39:47.313 PM]: Connection[id: a402bce6-cadf-4ce6-a49e-647f8388e48b] - connection object created successfully."}
{"level":"INFO","message":"[4:39:47.313 PM]: Connection[id: a402bce6-cadf-4ce6-a49e-647f8388e48b] - connecting. Associated Snowflake domain: GLOBAL"}
{"level":"INFO","message":"[4:39:47.321 PM]: Connection[id: a402bce6-cadf-4ce6-a49e-647f8388e48b] - authentication successful using: SNOWFLAKE_JWT"}
{"level":"INFO","message":"[4:39:47.326 PM]: Connection[id: a402bce6-cadf-4ce6-a49e-647f8388e48b] - connected successfully after 12.387099999934435 milliseconds"}
{"level":"INFO","message":"[4:40:21.075 PM]: Creating new connection object"}
{"level":"INFO","message":"[4:40:21.076 PM]: Creating Connection[id: f8ced752-3d5a-4111-9242-f0e76a77d4b8] with host: iqviaidporg-pandpreporting.snowflakecomputing.com, account: iqviaidporg-pandpreporting, accessUrl: https://iqviaidporg-pandpreporting.snowflakecomputing.com, user: maasreaduser, role: undefined, database: PNPREPORTING_LIB, schema: PNPREPORTING_DATAMART, warehouse: PNPLIBRARIES, proxy was not configured, password is not provided, region: undefined, authenticator: SNOWFLAKE_JWT, ocsp mode: FAIL_OPEN, os: win32, os version: 10"}
{"level":"INFO","message":"[4:40:21.077 PM]: Connection[id: f8ced752-3d5a-4111-9242-f0e76a77d4b8] additional details: passcode in password is provided, passcode is not provided, private key is provided, application: undefined, client name: snowflake-sdk, client version: 2.2.0, retry timeout: 300, private key path: undefined, private key pass is not provided, client store temporary credential: false, browser response timeout: 120000"}
{"level":"INFO","message":"[4:40:21.077 PM]: Connection[id: f8ced752-3d5a-4111-9242-f0e76a77d4b8] - connection object created successfully."}
{"level":"INFO","message":"[4:40:21.078 PM]: Connection[id: f8ced752-3d5a-4111-9242-f0e76a77d4b8] - connecting. Associated Snowflake domain: GLOBAL"}
{"level":"INFO","message":"[4:40:21.083 PM]: Connection[id: f8ced752-3d5a-4111-9242-f0e76a77d4b8] - authentication successful using: SNOWFLAKE_JWT"}
{"level":"INFO","message":"[4:40:21.085 PM]: Connection[id: f8ced752-3d5a-4111-9242-f0e76a77d4b8] - connected successfully after 6.714399999938905 milliseconds"}
{"level":"INFO","message":"[4:40:25.243 PM]: Creating new connection object"}
{"level":"INFO","message":"[4:40:25.245 PM]: Creating Connection[id: 3c47709b-28a9-446b-a7f9-d25a4e8606a2] with host: iqviaidporg-pandpreporting.snowflakecomputing.com, account: iqviaidporg-pandpreporting, accessUrl: https://iqviaidporg-pandpreporting.snowflakecomputing.com, user: maasreaduser, role: undefined, database: PNPREPORTING_LIB, schema: PNPREPORTING_DATAMART, warehouse: PNPLIBRARIES, proxy was not configured, password is not provided, region: undefined, authenticator: SNOWFLAKE_JWT, ocsp mode: FAIL_OPEN, os: win32, os version: 10"}
{"level":"INFO","message":"[4:40:25.246 PM]: Connection[id: 3c47709b-28a9-446b-a7f9-d25a4e8606a2] additional details: passcode in password is provided, passcode is not provided, private key is provided, application: undefined, client name: snowflake-sdk, client version: 2.2.0, retry timeout: 300, private key path: undefined, private key pass is not provided, client store temporary credential: false, browser response timeout: 120000"}
{"level":"INFO","message":"[4:40:25.246 PM]: Connection[id: 3c47709b-28a9-446b-a7f9-d25a4e8606a2] - connection object created successfully."}
{"level":"INFO","message":"[4:40:25.249 PM]: Connection[id: 3c47709b-28a9-446b-a7f9-d25a4e8606a2] - connecting. Associated Snowflake domain: GLOBAL"}
{"level":"INFO","message":"[4:40:25.255 PM]: Connection[id: 3c47709b-28a9-446b-a7f9-d25a4e8606a2] - authentication successful using: SNOWFLAKE_JWT"}
{"level":"INFO","message":"[4:40:25.257 PM]: Connection[id: 3c47709b-28a9-446b-a7f9-d25a4e8606a2] - connected successfully after 7.491200000047684 milliseconds"}
{"level":"INFO","message":"[4:42:10.036 PM]: Creating new connection object"}
{"level":"INFO","message":"[4:42:10.038 PM]: Creating Connection[id: 40a21f18-1b55-4742-85d9-bd0cc69427cc] with host: iqviaidporg-pandpreporting.snowflakecomputing.com, account: iqviaidporg-pandpreporting, accessUrl: https://iqviaidporg-pandpreporting.snowflakecomputing.com, user: maasreaduser, role: undefined, database: PNPREPORTING_LIB, schema: PNPREPORTING_DATAMART, warehouse: PNPLIBRARIES, proxy was not configured, password is not provided, region: undefined, authenticator: SNOWFLAKE_JWT, ocsp mode: FAIL_OPEN, os: win32, os version: 10"}
{"level":"INFO","message":"[4:42:10.038 PM]: Connection[id: 40a21f18-1b55-4742-85d9-bd0cc69427cc] additional details: passcode in password is provided, passcode is not provided, private key is provided, application: undefined, client name: snowflake-sdk, client version: 2.2.0, retry timeout: 300, private key path: undefined, private key pass is not provided, client store temporary credential: false, browser response timeout: 120000"}
{"level":"INFO","message":"[4:42:10.038 PM]: Connection[id: 40a21f18-1b55-4742-85d9-bd0cc69427cc] - connection object created successfully."}
{"level":"INFO","message":"[4:42:10.039 PM]: Connection[id: 40a21f18-1b55-4742-85d9-bd0cc69427cc] - connecting. Associated Snowflake domain: GLOBAL"}
{"level":"INFO","message":"[4:42:10.042 PM]: Connection[id: 40a21f18-1b55-4742-85d9-bd0cc69427cc] - authentication successful using: SNOWFLAKE_JWT"}
{"level":"INFO","message":"[4:42:10.043 PM]: Connection[id: 40a21f18-1b55-4742-85d9-bd0cc69427cc] - connected successfully after 4.321100000292063 milliseconds"}
{"level":"INFO","message":"[4:42:14.068 PM]: Creating new connection object"}
{"level":"INFO","message":"[4:42:14.069 PM]: Creating Connection[id: e9460e4c-7ed6-444a-8413-b37a99b8bd0e] with host: iqviaidporg-pandpreporting.snowflakecomputing.com, account: iqviaidporg-pandpreporting, accessUrl: https://iqviaidporg-pandpreporting.snowflakecomputing.com, user: maasreaduser, role: undefined, database: PNPREPORTING_LIB, schema: PNPREPORTING_DATAMART, warehouse: PNPLIBRARIES, proxy was not configured, password is not provided, region: undefined, authenticator: SNOWFLAKE_JWT, ocsp mode: FAIL_OPEN, os: win32, os version: 10"}
{"level":"INFO","message":"[4:42:14.070 PM]: Connection[id: e9460e4c-7ed6-444a-8413-b37a99b8bd0e] additional details: passcode in password is provided, passcode is not provided, private key is provided, application: undefined, client name: snowflake-sdk, client version: 2.2.0, retry timeout: 300, private key path: undefined, private key pass is not provided, client store temporary credential: false, browser response timeout: 120000"}
{"level":"INFO","message":"[4:42:14.071 PM]: Connection[id: e9460e4c-7ed6-444a-8413-b37a99b8bd0e] - connection object created successfully."}
{"level":"INFO","message":"[4:42:14.071 PM]: Connection[id: e9460e4c-7ed6-444a-8413-b37a99b8bd0e] - connecting. Associated Snowflake domain: GLOBAL"}
{"level":"INFO","message":"[4:42:14.076 PM]: Connection[id: e9460e4c-7ed6-444a-8413-b37a99b8bd0e] - authentication successful using: SNOWFLAKE_JWT"}
{"level":"INFO","message":"[4:42:14.077 PM]: Connection[id: e9460e4c-7ed6-444a-8413-b37a99b8bd0e] - connected successfully after 6.2203000001609325 milliseconds"}
{"level":"INFO","message":"[4:43:49.315 PM]: Creating new connection object"}
{"level":"INFO","message":"[4:43:49.316 PM]: Creating Connection[id: 529f092a-a684-4517-8194-9e72c13b4537] with host: iqviaidporg-pandpreporting.snowflakecomputing.com, account: iqviaidporg-pandpreporting, accessUrl: https://iqviaidporg-pandpreporting.snowflakecomputing.com, user: maasreaduser, role: undefined, database: PNPREPORTING_LIB, schema: PNPREPORTING_DATAMART, warehouse: PNPLIBRARIES, proxy was not configured, password is not provided, region: undefined, authenticator: SNOWFLAKE_JWT, ocsp mode: FAIL_OPEN, os: win32, os version: 10"}
{"level":"INFO","message":"[4:43:49.317 PM]: Connection[id: 529f092a-a684-4517-8194-9e72c13b4537] additional details: passcode in password is provided, passcode is not provided, private key is provided, application: undefined, client name: snowflake-sdk, client version: 2.2.0, retry timeout: 300, private key path: undefined, private key pass is not provided, client store temporary credential: false, browser response timeout: 120000"}
{"level":"INFO","message":"[4:43:49.318 PM]: Connection[id: 529f092a-a684-4517-8194-9e72c13b4537] - connection object created successfully."}
{"level":"INFO","message":"[4:43:49.318 PM]: Connection[id: 529f092a-a684-4517-8194-9e72c13b4537] - connecting. Associated Snowflake domain: GLOBAL"}
{"level":"INFO","message":"[4:43:49.322 PM]: Connection[id: 529f092a-a684-4517-8194-9e72c13b4537] - authentication successful using: SNOWFLAKE_JWT"}
{"level":"INFO","message":"[4:43:49.323 PM]: Connection[id: 529f092a-a684-4517-8194-9e72c13b4537] - connected successfully after 5.365600000135601 milliseconds"}
{"level":"INFO","message":"[4:43:57.149 PM]: Creating new connection object"}
{"level":"INFO","message":"[4:43:57.151 PM]: Creating Connection[id: 2254bb78-d309-453c-8489-4bd088a677de] with host: iqviaidporg-pandpreporting.snowflakecomputing.com, account: iqviaidporg-pandpreporting, accessUrl: https://iqviaidporg-pandpreporting.snowflakecomputing.com, user: maasreaduser, role: undefined, database: PNPREPORTING_LIB, schema: PNPREPORTING_DATAMART, warehouse: PNPLIBRARIES, proxy was not configured, password is not provided, region: undefined, authenticator: SNOWFLAKE_JWT, ocsp mode: FAIL_OPEN, os: win32, os version: 10"}
{"level":"INFO","message":"[4:43:57.152 PM]: Connection[id: 2254bb78-d309-453c-8489-4bd088a677de] additional details: passcode in password is provided, passcode is not provided, private key is provided, application: undefined, client name: snowflake-sdk, client version: 2.2.0, retry timeout: 300, private key path: undefined, private key pass is not provided, client store temporary credential: false, browser response timeout: 120000"}
{"level":"INFO","message":"[4:43:57.153 PM]: Connection[id: 2254bb78-d309-453c-8489-4bd088a677de] - connection object created successfully."}
{"level":"INFO","message":"[4:43:57.153 PM]: Connection[id: 2254bb78-d309-453c-8489-4bd088a677de] - connecting. Associated Snowflake domain: GLOBAL"}
{"level":"INFO","message":"[4:43:57.157 PM]: Connection[id: 2254bb78-d309-453c-8489-4bd088a677de] - authentication successful using: SNOWFLAKE_JWT"}
{"level":"INFO","message":"[4:43:57.158 PM]: Connection[id: 2254bb78-d309-453c-8489-4bd088a677de] - connected successfully after 5.326200000010431 milliseconds"}
{"level":"INFO","message":"[4:44:49.554 PM]: Creating new connection object"}
{"level":"INFO","message":"[4:44:49.556 PM]: Creating Connection[id: 797b30d7-6fe5-4bb2-8f01-56cc64bab944] with host: iqviaidporg-pandpreporting.snowflakecomputing.com, account: iqviaidporg-pandpreporting, accessUrl: https://iqviaidporg-pandpreporting.snowflakecomputing.com, user: maasreaduser, role: undefined, database: PNPREPORTING_LIB, schema: PNPREPORTING_DATAMART, warehouse: PNPLIBRARIES, proxy was not configured, password is not provided, region: undefined, authenticator: SNOWFLAKE_JWT, ocsp mode: FAIL_OPEN, os: win32, os version: 10"}
{"level":"INFO","message":"[4:44:49.556 PM]: Connection[id: 797b30d7-6fe5-4bb2-8f01-56cc64bab944] additional details: passcode in password is provided, passcode is not provided, private key is provided, application: undefined, client name: snowflake-sdk, client version: 2.2.0, retry timeout: 300, private key path: undefined, private key pass is not provided, client store temporary credential: false, browser response timeout: 120000"}
{"level":"INFO","message":"[4:44:49.557 PM]: Connection[id: 797b30d7-6fe5-4bb2-8f01-56cc64bab944] - connection object created successfully."}
{"level":"INFO","message":"[4:44:49.557 PM]: Connection[id: 797b30d7-6fe5-4bb2-8f01-56cc64bab944] - connecting. Associated Snowflake domain: GLOBAL"}
{"level":"INFO","message":"[4:44:49.560 PM]: Connection[id: 797b30d7-6fe5-4bb2-8f01-56cc64bab944] - authentication successful using: SNOWFLAKE_JWT"}
{"level":"INFO","message":"[4:44:49.562 PM]: Connection[id: 797b30d7-6fe5-4bb2-8f01-56cc64bab944] - connected successfully after 5.086500000208616 milliseconds"}
{"level":"INFO","message":"[4:47:21.635 PM]: Creating new connection object"}
{"level":"INFO","message":"[4:47:21.667 PM]: Creating Connection[id: 79dee99e-4ead-4f74-83f2-632d4c78be19] with host: iqviaidporg-pandpreporting.snowflakecomputing.com, account: iqviaidporg-pandpreporting, accessUrl: https://iqviaidporg-pandpreporting.snowflakecomputing.com, user: maasreaduser, role: undefined, database: PNPREPORTING_LIB, schema: PNPREPORTING_DATAMART, warehouse: PNPLIBRARIES, proxy was not configured, password is not provided, region: undefined, authenticator: SNOWFLAKE_JWT, ocsp mode: FAIL_OPEN, os: win32, os version: 10"}
{"level":"INFO","message":"[4:47:21.668 PM]: Connection[id: 79dee99e-4ead-4f74-83f2-632d4c78be19] additional details: passcode in password is provided, passcode is not provided, private key is provided, application: undefined, client name: snowflake-sdk, client version: 2.2.0, retry timeout: 300, private key path: undefined, private key pass is not provided, client store temporary credential: false, browser response timeout: 120000"}
{"level":"INFO","message":"[4:47:21.669 PM]: Connection[id: 79dee99e-4ead-4f74-83f2-632d4c78be19] - connection object created successfully."}
{"level":"INFO","message":"[4:47:21.671 PM]: Connection[id: 79dee99e-4ead-4f74-83f2-632d4c78be19] - connecting. Associated Snowflake domain: GLOBAL"}
{"level":"INFO","message":"[4:47:21.683 PM]: Connection[id: 79dee99e-4ead-4f74-83f2-632d4c78be19] - authentication successful using: SNOWFLAKE_JWT"}
{"level":"INFO","message":"[4:47:21.684 PM]: Trying to initialize Easy Logging"}
{"level":"INFO","message":"[4:47:21.690 PM]: No client config detected."}
{"level":"INFO","message":"[4:47:21.691 PM]: No config file path found. Client config will not be used."}
{"level":"INFO","message":"[4:47:21.692 PM]: Easy Logging is disabled as no config has been found"}
{"level":"INFO","message":"[4:47:21.699 PM]: Connection[id: 79dee99e-4ead-4f74-83f2-632d4c78be19] - connected successfully after 28.310499999999593 milliseconds"}
{"level":"INFO","message":"[5:10:34.591 PM]: Creating new connection object"}
{"level":"INFO","message":"[5:10:34.625 PM]: Creating Connection[id: f36f6418-48c6-4680-8576-56b70f54f7d0] with host: iqviaidporg-pandpreporting.snowflakecomputing.com, account: iqviaidporg-pandpreporting, accessUrl: https://iqviaidporg-pandpreporting.snowflakecomputing.com, user: maasreaduser, role: undefined, database: PNPREPORTING_LIB, schema: PNPREPORTING_DATAMART, warehouse: PNPLIBRARIES, proxy was not configured, password is not provided, region: undefined, authenticator: SNOWFLAKE_JWT, ocsp mode: FAIL_OPEN, os: win32, os version: 10"}
{"level":"INFO","message":"[5:10:34.627 PM]: Connection[id: f36f6418-48c6-4680-8576-56b70f54f7d0] additional details: passcode in password is provided, passcode is not provided, private key is provided, application: undefined, client name: snowflake-sdk, client version: 2.2.0, retry timeout: 300, private key path: undefined, private key pass is not provided, client store temporary credential: false, browser response timeout: 120000"}
{"level":"INFO","message":"[5:10:34.629 PM]: Connection[id: f36f6418-48c6-4680-8576-56b70f54f7d0] - connection object created successfully."}
{"level":"INFO","message":"[5:10:34.630 PM]: Connection[id: f36f6418-48c6-4680-8576-56b70f54f7d0] - connecting. Associated Snowflake domain: GLOBAL"}
{"level":"INFO","message":"[5:10:34.640 PM]: Connection[id: f36f6418-48c6-4680-8576-56b70f54f7d0] - authentication successful using: SNOWFLAKE_JWT"}
{"level":"INFO","message":"[5:10:34.641 PM]: Trying to initialize Easy Logging"}
{"level":"INFO","message":"[5:10:34.648 PM]: No client config detected."}
{"level":"INFO","message":"[5:10:34.649 PM]: No config file path found. Client config will not be used."}
{"level":"INFO","message":"[5:10:34.650 PM]: Easy Logging is disabled as no config has been found"}
{"level":"INFO","message":"[5:10:34.657 PM]: Connection[id: f36f6418-48c6-4680-8576-56b70f54f7d0] - connected successfully after 27.39849999999933 milliseconds"}
{"level":"INFO","message":"[5:12:53.595 PM]: Creating new connection object"}
{"level":"INFO","message":"[5:12:53.601 PM]: Creating Connection[id: 76a06376-58b0-4243-853c-b1847c7dd479] with host: iqviaidporg-pandpreporting.snowflakecomputing.com, account: iqviaidporg-pandpreporting, accessUrl: https://iqviaidporg-pandpreporting.snowflakecomputing.com, user: maasreaduser, role: undefined, database: PNPREPORTING_LIB, schema: PNPREPORTING_DATAMART, warehouse: PNPLIBRARIES, proxy was not configured, password is not provided, region: undefined, authenticator: SNOWFLAKE_JWT, ocsp mode: FAIL_OPEN, os: win32, os version: 10"}
{"level":"INFO","message":"[5:12:53.624 PM]: Connection[id: 76a06376-58b0-4243-853c-b1847c7dd479] additional details: passcode in password is provided, passcode is not provided, private key is provided, application: undefined, client name: snowflake-sdk, client version: 2.2.0, retry timeout: 300, private key path: undefined, private key pass is not provided, client store temporary credential: false, browser response timeout: 120000"}
{"level":"INFO","message":"[5:12:53.625 PM]: Connection[id: 76a06376-58b0-4243-853c-b1847c7dd479] - connection object created successfully."}
{"level":"INFO","message":"[5:12:53.626 PM]: Connection[id: 76a06376-58b0-4243-853c-b1847c7dd479] - connecting. Associated Snowflake domain: GLOBAL"}
{"level":"INFO","message":"[5:12:53.631 PM]: Connection[id: 76a06376-58b0-4243-853c-b1847c7dd479] - authentication successful using: SNOWFLAKE_JWT"}
{"level":"INFO","message":"[5:12:53.635 PM]: Connection[id: 76a06376-58b0-4243-853c-b1847c7dd479] - connected successfully after 9.095899999985704 milliseconds"}
{"level":"INFO","message":"[5:14:23.702 PM]: Creating new connection object"}
{"level":"INFO","message":"[5:14:23.708 PM]: Creating Connection[id: ecebd4a7-9a09-482b-87c0-009877a95232] with host: iqviaidporg-pandpreporting.snowflakecomputing.com, account: iqviaidporg-pandpreporting, accessUrl: https://iqviaidporg-pandpreporting.snowflakecomputing.com, user: maasreaduser, role: undefined, database: PNPREPORTING_LIB, schema: PNPREPORTING_DATAMART, warehouse: PNPLIBRARIES, proxy was not configured, password is not provided, region: undefined, authenticator: SNOWFLAKE_JWT, ocsp mode: FAIL_OPEN, os: win32, os version: 10"}
{"level":"INFO","message":"[5:14:23.709 PM]: Connection[id: ecebd4a7-9a09-482b-87c0-009877a95232] additional details: passcode in password is provided, passcode is not provided, private key is provided, application: undefined, client name: snowflake-sdk, client version: 2.2.0, retry timeout: 300, private key path: undefined, private key pass is not provided, client store temporary credential: false, browser response timeout: 120000"}
{"level":"INFO","message":"[5:14:23.716 PM]: Connection[id: ecebd4a7-9a09-482b-87c0-009877a95232] - connection object created successfully."}
{"level":"INFO","message":"[5:14:23.717 PM]: Connection[id: ecebd4a7-9a09-482b-87c0-009877a95232] - connecting. Associated Snowflake domain: GLOBAL"}
{"level":"INFO","message":"[5:14:23.727 PM]: Connection[id: ecebd4a7-9a09-482b-87c0-009877a95232] - authentication successful using: SNOWFLAKE_JWT"}
{"level":"INFO","message":"[5:14:23.731 PM]: Connection[id: ecebd4a7-9a09-482b-87c0-009877a95232] - connected successfully after 13.996500000008382 milliseconds"}
{"level":"INFO","message":"[5:15:27.056 PM]: Creating new connection object"}
{"level":"INFO","message":"[5:15:27.077 PM]: Creating Connection[id: 5652cddb-5706-4a71-a8ec-04e20a14d63b] with host: iqviaidporg-pandpreporting.snowflakecomputing.com, account: iqviaidporg-pandpreporting, accessUrl: https://iqviaidporg-pandpreporting.snowflakecomputing.com, user: maasreaduser, role: undefined, database: PNPREPORTING_LIB, schema: PNPREPORTING_DATAMART, warehouse: PNPLIBRARIES, proxy was not configured, password is not provided, region: undefined, authenticator: SNOWFLAKE_JWT, ocsp mode: FAIL_OPEN, os: win32, os version: 10"}
{"level":"INFO","message":"[5:15:27.078 PM]: Connection[id: 5652cddb-5706-4a71-a8ec-04e20a14d63b] additional details: passcode in password is provided, passcode is not provided, private key is provided, application: undefined, client name: snowflake-sdk, client version: 2.2.0, retry timeout: 300, private key path: undefined, private key pass is not provided, client store temporary credential: false, browser response timeout: 120000"}
{"level":"INFO","message":"[5:15:27.079 PM]: Connection[id: 5652cddb-5706-4a71-a8ec-04e20a14d63b] - connection object created successfully."}
{"level":"INFO","message":"[5:15:27.080 PM]: Connection[id: 5652cddb-5706-4a71-a8ec-04e20a14d63b] - connecting. Associated Snowflake domain: GLOBAL"}
{"level":"INFO","message":"[5:15:27.087 PM]: Connection[id: 5652cddb-5706-4a71-a8ec-04e20a14d63b] - authentication successful using: SNOWFLAKE_JWT"}
{"level":"INFO","message":"[5:15:27.088 PM]: Trying to initialize Easy Logging"}
{"level":"INFO","message":"[5:15:27.116 PM]: No client config detected."}
{"level":"INFO","message":"[5:15:27.118 PM]: No config file path found. Client config will not be used."}
{"level":"INFO","message":"[5:15:27.120 PM]: Easy Logging is disabled as no config has been found"}
{"level":"INFO","message":"[5:15:27.127 PM]: Connection[id: 5652cddb-5706-4a71-a8ec-04e20a14d63b] - connected successfully after 46.77360000000044 milliseconds"}
{"level":"INFO","message":"[5:18:51.657 PM]: Creating new connection object"}
{"level":"INFO","message":"[5:18:51.678 PM]: Creating Connection[id: 93c6bea8-3e74-4f62-a517-b9ed694555fa] with host: iqviaidporg-pandpreporting.snowflakecomputing.com, account: iqviaidporg-pandpreporting, accessUrl: https://iqviaidporg-pandpreporting.snowflakecomputing.com, user: maasreaduser, role: undefined, database: PNPREPORTING_LIB, schema: PNPREPORTING_DATAMART, warehouse: PNPLIBRARIES, proxy was not configured, password is not provided, region: undefined, authenticator: SNOWFLAKE_JWT, ocsp mode: FAIL_OPEN, os: win32, os version: 10"}
{"level":"INFO","message":"[5:18:51.679 PM]: Connection[id: 93c6bea8-3e74-4f62-a517-b9ed694555fa] additional details: passcode in password is provided, passcode is not provided, private key is provided, application: undefined, client name: snowflake-sdk, client version: 2.2.0, retry timeout: 300, private key path: undefined, private key pass is not provided, client store temporary credential: false, browser response timeout: 120000"}
{"level":"INFO","message":"[5:18:51.680 PM]: Connection[id: 93c6bea8-3e74-4f62-a517-b9ed694555fa] - connection object created successfully."}
{"level":"INFO","message":"[5:18:51.681 PM]: Connection[id: 93c6bea8-3e74-4f62-a517-b9ed694555fa] - connecting. Associated Snowflake domain: GLOBAL"}
{"level":"INFO","message":"[5:18:51.688 PM]: Connection[id: 93c6bea8-3e74-4f62-a517-b9ed694555fa] - authentication successful using: SNOWFLAKE_JWT"}
{"level":"INFO","message":"[5:18:51.689 PM]: Trying to initialize Easy Logging"}
{"level":"INFO","message":"[5:18:51.694 PM]: No client config detected."}
{"level":"INFO","message":"[5:18:51.695 PM]: No config file path found. Client config will not be used."}
{"level":"INFO","message":"[5:18:51.696 PM]: Easy Logging is disabled as no config has been found"}
{"level":"INFO","message":"[5:18:51.702 PM]: Connection[id: 93c6bea8-3e74-4f62-a517-b9ed694555fa] - connected successfully after 21.496899999998277 milliseconds"}
{"level":"INFO","message":"[5:21:14.707 PM]: Creating new connection object"}
{"level":"INFO","message":"[5:21:14.746 PM]: Creating Connection[id: 0ed2c3be-f6f4-46e9-9913-305ef9d60820] with host: iqviaidporg-pandpreporting.snowflakecomputing.com, account: iqviaidporg-pandpreporting, accessUrl: https://iqviaidporg-pandpreporting.snowflakecomputing.com, user: maasreaduser, role: undefined, database: PNPREPORTING_LIB, schema: PNPREPORTING_DATAMART, warehouse: PNPLIBRARIES, proxy was not configured, password is not provided, region: undefined, authenticator: SNOWFLAKE_JWT, ocsp mode: FAIL_OPEN, os: win32, os version: 10"}
{"level":"INFO","message":"[5:21:14.747 PM]: Connection[id: 0ed2c3be-f6f4-46e9-9913-305ef9d60820] additional details: passcode in password is provided, passcode is not provided, private key is provided, application: undefined, client name: snowflake-sdk, client version: 2.2.0, retry timeout: 300, private key path: undefined, private key pass is not provided, client store temporary credential: false, browser response timeout: 120000"}
{"level":"INFO","message":"[5:21:14.748 PM]: Connection[id: 0ed2c3be-f6f4-46e9-9913-305ef9d60820] - connection object created successfully."}
{"level":"INFO","message":"[5:21:14.751 PM]: Connection[id: 0ed2c3be-f6f4-46e9-9913-305ef9d60820] - connecting. Associated Snowflake domain: GLOBAL"}
{"level":"INFO","message":"[5:21:14.762 PM]: Connection[id: 0ed2c3be-f6f4-46e9-9913-305ef9d60820] - authentication successful using: SNOWFLAKE_JWT"}
{"level":"INFO","message":"[5:21:14.764 PM]: Trying to initialize Easy Logging"}
{"level":"INFO","message":"[5:21:14.773 PM]: No client config detected."}
{"level":"INFO","message":"[5:21:14.775 PM]: No config file path found. Client config will not be used."}
{"level":"INFO","message":"[5:21:14.776 PM]: Easy Logging is disabled as no config has been found"}
{"level":"INFO","message":"[5:21:14.787 PM]: Connection[id: 0ed2c3be-f6f4-46e9-9913-305ef9d60820] - connected successfully after 35.879399999997986 milliseconds"}
{"level":"INFO","message":"[5:23:18.107 PM]: Creating new connection object"}
{"level":"INFO","message":"[5:23:18.118 PM]: Creating Connection[id: b31fcab1-e493-4610-b0f4-e8e6d105bca7] with host: iqviaidporg-pandpreporting.snowflakecomputing.com, account: iqviaidporg-pandpreporting, accessUrl: https://iqviaidporg-pandpreporting.snowflakecomputing.com, user: maasreaduser, role: undefined, database: PNPREPORTING_LIB, schema: PNPREPORTING_DATAMART, warehouse: PNPLIBRARIES, proxy was not configured, password is not provided, region: undefined, authenticator: SNOWFLAKE_JWT, ocsp mode: FAIL_OPEN, os: win32, os version: 10"}
{"level":"INFO","message":"[5:23:18.119 PM]: Connection[id: b31fcab1-e493-4610-b0f4-e8e6d105bca7] additional details: passcode in password is provided, passcode is not provided, private key is provided, application: undefined, client name: snowflake-sdk, client version: 2.2.0, retry timeout: 300, private key path: undefined, private key pass is not provided, client store temporary credential: false, browser response timeout: 120000"}
{"level":"INFO","message":"[5:23:18.120 PM]: Connection[id: b31fcab1-e493-4610-b0f4-e8e6d105bca7] - connection object created successfully."}
{"level":"INFO","message":"[5:23:18.121 PM]: Connection[id: b31fcab1-e493-4610-b0f4-e8e6d105bca7] - connecting. Associated Snowflake domain: GLOBAL"}
{"level":"INFO","message":"[5:23:18.133 PM]: Connection[id: b31fcab1-e493-4610-b0f4-e8e6d105bca7] - authentication successful using: SNOWFLAKE_JWT"}
{"level":"INFO","message":"[5:23:18.139 PM]: Connection[id: b31fcab1-e493-4610-b0f4-e8e6d105bca7] - connected successfully after 18.072199999995064 milliseconds"}
{"level":"INFO","message":"[5:23:27.189 PM]: Creating new connection object"}
{"level":"INFO","message":"[5:23:27.191 PM]: Creating Connection[id: 583c4111-ff4a-4932-974c-b8a136894e38] with host: iqviaidporg-pandpreporting.snowflakecomputing.com, account: iqviaidporg-pandpreporting, accessUrl: https://iqviaidporg-pandpreporting.snowflakecomputing.com, user: maasreaduser, role: undefined, database: PNPREPORTING_LIB, schema: PNPREPORTING_DATAMART, warehouse: PNPLIBRARIES, proxy was not configured, password is not provided, region: undefined, authenticator: SNOWFLAKE_JWT, ocsp mode: FAIL_OPEN, os: win32, os version: 10"}
{"level":"INFO","message":"[5:23:27.191 PM]: Connection[id: 583c4111-ff4a-4932-974c-b8a136894e38] additional details: passcode in password is provided, passcode is not provided, private key is provided, application: undefined, client name: snowflake-sdk, client version: 2.2.0, retry timeout: 300, private key path: undefined, private key pass is not provided, client store temporary credential: false, browser response timeout: 120000"}
{"level":"INFO","message":"[5:23:27.192 PM]: Connection[id: 583c4111-ff4a-4932-974c-b8a136894e38] - connection object created successfully."}
{"level":"INFO","message":"[5:23:27.192 PM]: Connection[id: 583c4111-ff4a-4932-974c-b8a136894e38] - connecting. Associated Snowflake domain: GLOBAL"}
{"level":"INFO","message":"[5:23:27.199 PM]: Connection[id: 583c4111-ff4a-4932-974c-b8a136894e38] - authentication successful using: SNOWFLAKE_JWT"}
{"level":"INFO","message":"[5:23:27.201 PM]: Connection[id: 583c4111-ff4a-4932-974c-b8a136894e38] - connected successfully after 8.948399999993853 milliseconds"}
{"level":"INFO","message":"[5:28:48.312 PM]: Creating new connection object"}
{"level":"INFO","message":"[5:28:48.330 PM]: Creating Connection[id: 15165d5f-54b8-4ac0-9029-d5cbad8f7244] with host: iqviaidporg-pandpreporting.snowflakecomputing.com, account: iqviaidporg-pandpreporting, accessUrl: https://iqviaidporg-pandpreporting.snowflakecomputing.com, user: maasreaduser, role: undefined, database: PNPREPORTING_LIB, schema: PNPREPORTING_DATAMART, warehouse: PNPLIBRARIES, proxy was not configured, password is not provided, region: undefined, authenticator: SNOWFLAKE_JWT, ocsp mode: FAIL_OPEN, os: win32, os version: 10"}
{"level":"INFO","message":"[5:28:48.331 PM]: Connection[id: 15165d5f-54b8-4ac0-9029-d5cbad8f7244] additional details: passcode in password is provided, passcode is not provided, private key is provided, application: undefined, client name: snowflake-sdk, client version: 2.2.0, retry timeout: 300, private key path: undefined, private key pass is not provided, client store temporary credential: false, browser response timeout: 120000"}
{"level":"INFO","message":"[5:28:48.331 PM]: Connection[id: 15165d5f-54b8-4ac0-9029-d5cbad8f7244] - connection object created successfully."}
{"level":"INFO","message":"[5:28:48.332 PM]: Connection[id: 15165d5f-54b8-4ac0-9029-d5cbad8f7244] - connecting. Associated Snowflake domain: GLOBAL"}
{"level":"INFO","message":"[5:28:48.338 PM]: Connection[id: 15165d5f-54b8-4ac0-9029-d5cbad8f7244] - authentication successful using: SNOWFLAKE_JWT"}
{"level":"INFO","message":"[5:28:48.339 PM]: Trying to initialize Easy Logging"}
{"level":"INFO","message":"[5:28:48.343 PM]: No client config detected."}
{"level":"INFO","message":"[5:28:48.345 PM]: No config file path found. Client config will not be used."}
{"level":"INFO","message":"[5:28:48.347 PM]: Easy Logging is disabled as no config has been found"}
{"level":"INFO","message":"[5:28:48.354 PM]: Connection[id: 15165d5f-54b8-4ac0-9029-d5cbad8f7244] - connected successfully after 21.454200000000128 milliseconds"}
{"level":"INFO","message":"[5:39:59.859 PM]: Creating new connection object"}
{"level":"INFO","message":"[5:39:59.894 PM]: Creating Connection[id: d5b5d8a0-8b14-4c8a-9946-438b97310d37] with host: iqviaidporg-pandpreporting.snowflakecomputing.com, account: iqviaidporg-pandpreporting, accessUrl: https://iqviaidporg-pandpreporting.snowflakecomputing.com, user: maasreaduser, role: undefined, database: PNPREPORTING_LIB, schema: PNPREPORTING_DATAMART, warehouse: PNPLIBRARIES, proxy was not configured, password is not provided, region: undefined, authenticator: SNOWFLAKE_JWT, ocsp mode: FAIL_OPEN, os: win32, os version: 10"}
{"level":"INFO","message":"[5:39:59.896 PM]: Connection[id: d5b5d8a0-8b14-4c8a-9946-438b97310d37] additional details: passcode in password is provided, passcode is not provided, private key is provided, application: undefined, client name: snowflake-sdk, client version: 2.2.0, retry timeout: 300, private key path: undefined, private key pass is not provided, client store temporary credential: false, browser response timeout: 120000"}
{"level":"INFO","message":"[5:39:59.897 PM]: Connection[id: d5b5d8a0-8b14-4c8a-9946-438b97310d37] - connection object created successfully."}
{"level":"INFO","message":"[5:39:59.899 PM]: Connection[id: d5b5d8a0-8b14-4c8a-9946-438b97310d37] - connecting. Associated Snowflake domain: GLOBAL"}
{"level":"INFO","message":"[5:39:59.911 PM]: Connection[id: d5b5d8a0-8b14-4c8a-9946-438b97310d37] - authentication successful using: SNOWFLAKE_JWT"}
{"level":"INFO","message":"[5:39:59.913 PM]: Trying to initialize Easy Logging"}
{"level":"INFO","message":"[5:39:59.919 PM]: No client config detected."}
{"level":"INFO","message":"[5:39:59.920 PM]: No config file path found. Client config will not be used."}
{"level":"INFO","message":"[5:39:59.923 PM]: Easy Logging is disabled as no config has been found"}
{"level":"INFO","message":"[5:39:59.933 PM]: Connection[id: d5b5d8a0-8b14-4c8a-9946-438b97310d37] - connected successfully after 33.957000000000335 milliseconds"}
{"level":"INFO","message":"[5:41:52.892 PM]: Creating new connection object"}
{"level":"INFO","message":"[5:41:52.925 PM]: Creating Connection[id: 1427de63-2c9a-4cc9-a3fe-b19936c69bf9] with host: iqviaidporg-pandpreporting.snowflakecomputing.com, account: iqviaidporg-pandpreporting, accessUrl: https://iqviaidporg-pandpreporting.snowflakecomputing.com, user: maasreaduser, role: undefined, database: PNPREPORTING_LIB, schema: PNPREPORTING_DATAMART, warehouse: PNPLIBRARIES, proxy was not configured, password is not provided, region: undefined, authenticator: SNOWFLAKE_JWT, ocsp mode: FAIL_OPEN, os: win32, os version: 10"}
{"level":"INFO","message":"[5:41:52.926 PM]: Connection[id: 1427de63-2c9a-4cc9-a3fe-b19936c69bf9] additional details: passcode in password is provided, passcode is not provided, private key is provided, application: undefined, client name: snowflake-sdk, client version: 2.2.0, retry timeout: 300, private key path: undefined, private key pass is not provided, client store temporary credential: false, browser response timeout: 120000"}
{"level":"INFO","message":"[5:41:52.927 PM]: Connection[id: 1427de63-2c9a-4cc9-a3fe-b19936c69bf9] - connection object created successfully."}
{"level":"INFO","message":"[5:41:52.929 PM]: Connection[id: 1427de63-2c9a-4cc9-a3fe-b19936c69bf9] - connecting. Associated Snowflake domain: GLOBAL"}
{"level":"INFO","message":"[5:41:52.945 PM]: Connection[id: 1427de63-2c9a-4cc9-a3fe-b19936c69bf9] - authentication successful using: SNOWFLAKE_JWT"}
{"level":"INFO","message":"[5:41:52.946 PM]: Trying to initialize Easy Logging"}
{"level":"INFO","message":"[5:41:52.951 PM]: No client config detected."}
{"level":"INFO","message":"[5:41:52.954 PM]: No config file path found. Client config will not be used."}
{"level":"INFO","message":"[5:41:52.956 PM]: Easy Logging is disabled as no config has been found"}
{"level":"INFO","message":"[5:41:52.967 PM]: Connection[id: 1427de63-2c9a-4cc9-a3fe-b19936c69bf9] - connected successfully after 38.368500000000495 milliseconds"}
{"level":"INFO","message":"[5:45:59.196 PM]: Creating new connection object"}
{"level":"INFO","message":"[5:45:59.224 PM]: Creating Connection[id: 71b28873-73d2-40d4-9d02-58f34a7d0943] with host: iqviaidporg-pandpreporting.snowflakecomputing.com, account: iqviaidporg-pandpreporting, accessUrl: https://iqviaidporg-pandpreporting.snowflakecomputing.com, user: maasreaduser, role: undefined, database: PNPREPORTING_LIB, schema: PNPREPORTING_DATAMART, warehouse: PNPLIBRARIES, proxy was not configured, password is not provided, region: undefined, authenticator: SNOWFLAKE_JWT, ocsp mode: FAIL_OPEN, os: win32, os version: 10"}
{"level":"INFO","message":"[5:45:59.226 PM]: Connection[id: 71b28873-73d2-40d4-9d02-58f34a7d0943] additional details: passcode in password is provided, passcode is not provided, private key is provided, application: undefined, client name: snowflake-sdk, client version: 2.2.0, retry timeout: 300, private key path: undefined, private key pass is not provided, client store temporary credential: false, browser response timeout: 120000"}
{"level":"INFO","message":"[5:45:59.227 PM]: Connection[id: 71b28873-73d2-40d4-9d02-58f34a7d0943] - connection object created successfully."}
{"level":"INFO","message":"[5:45:59.228 PM]: Connection[id: 71b28873-73d2-40d4-9d02-58f34a7d0943] - connecting. Associated Snowflake domain: GLOBAL"}
{"level":"INFO","message":"[5:45:59.236 PM]: Connection[id: 71b28873-73d2-40d4-9d02-58f34a7d0943] - authentication successful using: SNOWFLAKE_JWT"}
{"level":"INFO","message":"[5:45:59.237 PM]: Trying to initialize Easy Logging"}
{"level":"INFO","message":"[5:45:59.242 PM]: No client config detected."}
{"level":"INFO","message":"[5:45:59.243 PM]: No config file path found. Client config will not be used."}
{"level":"INFO","message":"[5:45:59.244 PM]: Easy Logging is disabled as no config has been found"}
{"level":"INFO","message":"[5:45:59.250 PM]: Connection[id: 71b28873-73d2-40d4-9d02-58f34a7d0943] - connected successfully after 21.892099999999118 milliseconds"}
{"level":"INFO","message":"[5:48:19.470 PM]: Creating new connection object"}
{"level":"INFO","message":"[5:48:19.497 PM]: Creating Connection[id: 7d045970-e4d2-4af4-9a7a-e9c68f0703f2] with host: iqviaidporg-pandpreporting.snowflakecomputing.com, account: iqviaidporg-pandpreporting, accessUrl: https://iqviaidporg-pandpreporting.snowflakecomputing.com, user: maasreaduser, role: undefined, database: PNPREPORTING_LIB, schema: PNPREPORTING_DATAMART, warehouse: PNPLIBRARIES, proxy was not configured, password is not provided, region: undefined, authenticator: SNOWFLAKE_JWT, ocsp mode: FAIL_OPEN, os: win32, os version: 10"}
{"level":"INFO","message":"[5:48:19.499 PM]: Connection[id: 7d045970-e4d2-4af4-9a7a-e9c68f0703f2] additional details: passcode in password is provided, passcode is not provided, private key is provided, application: undefined, client name: snowflake-sdk, client version: 2.2.0, retry timeout: 300, private key path: undefined, private key pass is not provided, client store temporary credential: false, browser response timeout: 120000"}
{"level":"INFO","message":"[5:48:19.500 PM]: Connection[id: 7d045970-e4d2-4af4-9a7a-e9c68f0703f2] - connection object created successfully."}
{"level":"INFO","message":"[5:48:19.502 PM]: Connection[id: 7d045970-e4d2-4af4-9a7a-e9c68f0703f2] - connecting. Associated Snowflake domain: GLOBAL"}
{"level":"INFO","message":"[5:48:19.511 PM]: Connection[id: 7d045970-e4d2-4af4-9a7a-e9c68f0703f2] - authentication successful using: SNOWFLAKE_JWT"}
{"level":"INFO","message":"[5:48:19.513 PM]: Trying to initialize Easy Logging"}
{"level":"INFO","message":"[5:48:19.517 PM]: No client config detected."}
{"level":"INFO","message":"[5:48:19.517 PM]: No config file path found. Client config will not be used."}
{"level":"INFO","message":"[5:48:19.518 PM]: Easy Logging is disabled as no config has been found"}
{"level":"INFO","message":"[5:48:19.526 PM]: Connection[id: 7d045970-e4d2-4af4-9a7a-e9c68f0703f2] - connected successfully after 23.63670000000093 milliseconds"}
{"level":"INFO","message":"[12:30:54.455 PM]: Creating new connection object"}
{"level":"INFO","message":"[12:30:54.494 PM]: Creating Connection[id: 3c340876-b459-4267-8da4-77789749782a] with host: iqviaidporg-pandpreporting.snowflakecomputing.com, account: iqviaidporg-pandpreporting, accessUrl: https://iqviaidporg-pandpreporting.snowflakecomputing.com, user: maasreaduser, role: undefined, database: PNPREPORTING_LIB, schema: PNPREPORTING_DATAMART, warehouse: PNPLIBRARIES, proxy was not configured, password is not provided, region: undefined, authenticator: SNOWFLAKE_JWT, ocsp mode: FAIL_OPEN, os: win32, os version: 10"}
{"level":"INFO","message":"[12:30:54.496 PM]: Connection[id: 3c340876-b459-4267-8da4-77789749782a] additional details: passcode in password is provided, passcode is not provided, private key is provided, application: undefined, client name: snowflake-sdk, client version: 2.2.0, retry timeout: 300, private key path: undefined, private key pass is not provided, client store temporary credential: false, browser response timeout: 120000"}
{"level":"INFO","message":"[12:30:54.498 PM]: Connection[id: 3c340876-b459-4267-8da4-77789749782a] - connection object created successfully."}
{"level":"INFO","message":"[12:30:54.500 PM]: Connection[id: 3c340876-b459-4267-8da4-77789749782a] - connecting. Associated Snowflake domain: GLOBAL"}
{"level":"INFO","message":"[12:30:54.512 PM]: Connection[id: 3c340876-b459-4267-8da4-77789749782a] - authentication successful using: SNOWFLAKE_JWT"}
{"level":"INFO","message":"[12:30:54.513 PM]: Trying to initialize Easy Logging"}
{"level":"INFO","message":"[12:30:54.518 PM]: No client config detected."}
{"level":"INFO","message":"[12:30:54.519 PM]: No config file path found. Client config will not be used."}
{"level":"INFO","message":"[12:30:54.520 PM]: Easy Logging is disabled as no config has been found"}
{"level":"INFO","message":"[12:30:54.529 PM]: Connection[id: 3c340876-b459-4267-8da4-77789749782a] - connected successfully after 29.548499999997148 milliseconds"}
{"level":"INFO","message":"[12:33:05.700 PM]: Creating new connection object"}
{"level":"INFO","message":"[12:33:05.709 PM]: Creating Connection[id: b52a4462-7791-41e2-b483-fa1767d42491] with host: iqviaidporg-pandpreporting.snowflakecomputing.com, account: iqviaidporg-pandpreporting, accessUrl: https://iqviaidporg-pandpreporting.snowflakecomputing.com, user: maasreaduser, role: undefined, database: PNPREPORTING_LIB, schema: PNPREPORTING_DATAMART, warehouse: PNPLIBRARIES, proxy was not configured, password is not provided, region: undefined, authenticator: SNOWFLAKE_JWT, ocsp mode: FAIL_OPEN, os: win32, os version: 10"}
{"level":"INFO","message":"[12:33:05.710 PM]: Connection[id: b52a4462-7791-41e2-b483-fa1767d42491] additional details: passcode in password is provided, passcode is not provided, private key is provided, application: undefined, client name: snowflake-sdk, client version: 2.2.0, retry timeout: 300, private key path: undefined, private key pass is not provided, client store temporary credential: false, browser response timeout: 120000"}
{"level":"INFO","message":"[12:33:05.711 PM]: Connection[id: b52a4462-7791-41e2-b483-fa1767d42491] - connection object created successfully."}
{"level":"INFO","message":"[12:33:05.738 PM]: Connection[id: b52a4462-7791-41e2-b483-fa1767d42491] - connecting. Associated Snowflake domain: GLOBAL"}
{"level":"INFO","message":"[12:33:05.748 PM]: Connection[id: b52a4462-7791-41e2-b483-fa1767d42491] - authentication successful using: SNOWFLAKE_JWT"}
{"level":"INFO","message":"[12:33:05.752 PM]: Connection[id: b52a4462-7791-41e2-b483-fa1767d42491] - connected successfully after 13.472699999983888 milliseconds"}
{"level":"INFO","message":"[12:38:42.522 PM]: Creating new connection object"}
{"level":"INFO","message":"[12:38:42.545 PM]: Creating Connection[id: d0f1fec6-2e12-45c4-9ba1-7b90e59261f0] with host: iqviaidporg-pandpreporting.snowflakecomputing.com, account: iqviaidporg-pandpreporting, accessUrl: https://iqviaidporg-pandpreporting.snowflakecomputing.com, user: maasreaduser, role: undefined, database: PNPREPORTING_LIB, schema: PNPREPORTING_DATAMART, warehouse: PNPLIBRARIES, proxy was not configured, password is not provided, region: undefined, authenticator: SNOWFLAKE_JWT, ocsp mode: FAIL_OPEN, os: win32, os version: 10"}
{"level":"INFO","message":"[12:38:42.546 PM]: Connection[id: d0f1fec6-2e12-45c4-9ba1-7b90e59261f0] additional details: passcode in password is provided, passcode is not provided, private key is provided, application: undefined, client name: snowflake-sdk, client version: 2.2.0, retry timeout: 300, private key path: undefined, private key pass is not provided, client store temporary credential: false, browser response timeout: 120000"}
{"level":"INFO","message":"[12:38:42.546 PM]: Connection[id: d0f1fec6-2e12-45c4-9ba1-7b90e59261f0] - connection object created successfully."}
{"level":"INFO","message":"[12:38:42.548 PM]: Connection[id: d0f1fec6-2e12-45c4-9ba1-7b90e59261f0] - connecting. Associated Snowflake domain: GLOBAL"}
{"level":"INFO","message":"[12:38:42.554 PM]: Connection[id: d0f1fec6-2e12-45c4-9ba1-7b90e59261f0] - authentication successful using: SNOWFLAKE_JWT"}
{"level":"INFO","message":"[12:38:42.556 PM]: Trying to initialize Easy Logging"}
{"level":"INFO","message":"[12:38:42.562 PM]: No client config detected."}
{"level":"INFO","message":"[12:38:42.563 PM]: No config file path found. Client config will not be used."}
{"level":"INFO","message":"[12:38:42.565 PM]: Easy Logging is disabled as no config has been found"}
{"level":"INFO","message":"[12:38:42.573 PM]: Connection[id: d0f1fec6-2e12-45c4-9ba1-7b90e59261f0] - connected successfully after 24.9988000000003 milliseconds"}
{"level":"INFO","message":"[12:41:04.514 PM]: Creating new connection object"}
{"level":"INFO","message":"[12:41:04.538 PM]: Creating Connection[id: a179103c-842e-48bc-9253-9dd9df475cd3] with host: iqviaidporg-pandpreporting.snowflakecomputing.com, account: iqviaidporg-pandpreporting, accessUrl: https://iqviaidporg-pandpreporting.snowflakecomputing.com, user: maasreaduser, role: undefined, database: PNPREPORTING_LIB, schema: PNPREPORTING_DATAMART, warehouse: PNPLIBRARIES, proxy was not configured, password is not provided, region: undefined, authenticator: SNOWFLAKE_JWT, ocsp mode: FAIL_OPEN, os: win32, os version: 10"}
{"level":"INFO","message":"[12:41:04.539 PM]: Connection[id: a179103c-842e-48bc-9253-9dd9df475cd3] additional details: passcode in password is provided, passcode is not provided, private key is provided, application: undefined, client name: snowflake-sdk, client version: 2.2.0, retry timeout: 300, private key path: undefined, private key pass is not provided, client store temporary credential: false, browser response timeout: 120000"}
{"level":"INFO","message":"[12:41:04.540 PM]: Connection[id: a179103c-842e-48bc-9253-9dd9df475cd3] - connection object created successfully."}
{"level":"INFO","message":"[12:41:04.541 PM]: Connection[id: a179103c-842e-48bc-9253-9dd9df475cd3] - connecting. Associated Snowflake domain: GLOBAL"}
{"level":"INFO","message":"[12:41:04.547 PM]: Connection[id: a179103c-842e-48bc-9253-9dd9df475cd3] - authentication successful using: SNOWFLAKE_JWT"}
{"level":"INFO","message":"[12:41:04.548 PM]: Trying to initialize Easy Logging"}
{"level":"INFO","message":"[12:41:04.552 PM]: No client config detected."}
{"level":"INFO","message":"[12:41:04.553 PM]: No config file path found. Client config will not be used."}
{"level":"INFO","message":"[12:41:04.555 PM]: Easy Logging is disabled as no config has been found"}
{"level":"INFO","message":"[12:41:04.559 PM]: Connection[id: a179103c-842e-48bc-9253-9dd9df475cd3] - connected successfully after 18.16349999999875 milliseconds"}
{"level":"INFO","message":"[12:42:37.645 PM]: Creating new connection object"}
{"level":"INFO","message":"[12:42:37.665 PM]: Creating Connection[id: f6ebdb91-a214-4738-ac42-858c5479502f] with host: iqviaidporg-pandpreporting.snowflakecomputing.com, account: iqviaidporg-pandpreporting, accessUrl: https://iqviaidporg-pandpreporting.snowflakecomputing.com, user: maasreaduser, role: undefined, database: PNPREPORTING_LIB, schema: PNPREPORTING_DATAMART, warehouse: PNPLIBRARIES, proxy was not configured, password is not provided, region: undefined, authenticator: SNOWFLAKE_JWT, ocsp mode: FAIL_OPEN, os: win32, os version: 10"}
{"level":"INFO","message":"[12:42:37.688 PM]: Connection[id: f6ebdb91-a214-4738-ac42-858c5479502f] additional details: passcode in password is provided, passcode is not provided, private key is provided, application: undefined, client name: snowflake-sdk, client version: 2.2.0, retry timeout: 300, private key path: undefined, private key pass is not provided, client store temporary credential: false, browser response timeout: 120000"}
{"level":"INFO","message":"[12:42:37.689 PM]: Connection[id: f6ebdb91-a214-4738-ac42-858c5479502f] - connection object created successfully."}
{"level":"INFO","message":"[12:42:37.691 PM]: Connection[id: f6ebdb91-a214-4738-ac42-858c5479502f] - connecting. Associated Snowflake domain: GLOBAL"}
{"level":"INFO","message":"[12:42:37.698 PM]: Connection[id: f6ebdb91-a214-4738-ac42-858c5479502f] - authentication successful using: SNOWFLAKE_JWT"}
{"level":"INFO","message":"[12:42:37.699 PM]: Trying to initialize Easy Logging"}
{"level":"INFO","message":"[12:42:37.702 PM]: No client config detected."}
{"level":"INFO","message":"[12:42:37.703 PM]: No config file path found. Client config will not be used."}
{"level":"INFO","message":"[12:42:37.704 PM]: Easy Logging is disabled as no config has been found"}
{"level":"INFO","message":"[12:42:37.711 PM]: Connection[id: f6ebdb91-a214-4738-ac42-858c5479502f] - connected successfully after 19.557800000000498 milliseconds"}
{"level":"INFO","message":"[12:56:10.738 PM]: Creating new connection object"}
{"level":"INFO","message":"[12:56:10.765 PM]: Creating Connection[id: 8b2e97a6-fe02-474e-9b25-321ff044eeed] with host: iqviaidporg-pandpreporting.snowflakecomputing.com, account: iqviaidporg-pandpreporting, accessUrl: https://iqviaidporg-pandpreporting.snowflakecomputing.com, user: maasreaduser, role: undefined, database: PNPREPORTING_LIB, schema: PNPREPORTING_DATAMART, warehouse: PNPLIBRARIES, proxy was not configured, password is not provided, region: undefined, authenticator: SNOWFLAKE_JWT, ocsp mode: FAIL_OPEN, os: win32, os version: 10"}
{"level":"INFO","message":"[12:56:10.768 PM]: Connection[id: 8b2e97a6-fe02-474e-9b25-321ff044eeed] additional details: passcode in password is provided, passcode is not provided, private key is provided, application: undefined, client name: snowflake-sdk, client version: 2.2.0, retry timeout: 300, private key path: undefined, private key pass is not provided, client store temporary credential: false, browser response timeout: 120000"}
{"level":"INFO","message":"[12:56:10.770 PM]: Connection[id: 8b2e97a6-fe02-474e-9b25-321ff044eeed] - connection object created successfully."}
{"level":"INFO","message":"[12:56:10.772 PM]: Connection[id: 8b2e97a6-fe02-474e-9b25-321ff044eeed] - connecting. Associated Snowflake domain: GLOBAL"}
{"level":"INFO","message":"[12:56:10.780 PM]: Connection[id: 8b2e97a6-fe02-474e-9b25-321ff044eeed] - authentication successful using: SNOWFLAKE_JWT"}
{"level":"INFO","message":"[12:56:10.781 PM]: Trying to initialize Easy Logging"}
{"level":"INFO","message":"[12:56:10.787 PM]: No client config detected."}
{"level":"INFO","message":"[12:56:10.788 PM]: No config file path found. Client config will not be used."}
{"level":"INFO","message":"[12:56:10.790 PM]: Easy Logging is disabled as no config has been found"}
{"level":"INFO","message":"[12:56:10.798 PM]: Connection[id: 8b2e97a6-fe02-474e-9b25-321ff044eeed] - connected successfully after 25.929200000000492 milliseconds"}
{"level":"INFO","message":"[2:02:03.842 PM]: Creating new connection object"}
{"level":"INFO","message":"[2:02:03.878 PM]: Creating Connection[id: 047d8bb6-924b-46a2-bb6f-d4aa36992dc5] with host: iqviaidporg-pandpreporting.snowflakecomputing.com, account: iqviaidporg-pandpreporting, accessUrl: https://iqviaidporg-pandpreporting.snowflakecomputing.com, user: maasreaduser, role: undefined, database: PNPREPORTING_LIB, schema: PNPREPORTING_DATAMART, warehouse: PNPLIBRARIES, proxy was not configured, password is not provided, region: undefined, authenticator: SNOWFLAKE_JWT, ocsp mode: FAIL_OPEN, os: win32, os version: 10"}
{"level":"INFO","message":"[2:02:03.879 PM]: Connection[id: 047d8bb6-924b-46a2-bb6f-d4aa36992dc5] additional details: passcode in password is provided, passcode is not provided, private key is provided, application: undefined, client name: snowflake-sdk, client version: 2.2.0, retry timeout: 300, private key path: undefined, private key pass is not provided, client store temporary credential: false, browser response timeout: 120000"}
{"level":"INFO","message":"[2:02:03.880 PM]: Connection[id: 047d8bb6-924b-46a2-bb6f-d4aa36992dc5] - connection object created successfully."}
{"level":"INFO","message":"[2:02:03.881 PM]: Connection[id: 047d8bb6-924b-46a2-bb6f-d4aa36992dc5] - connecting. Associated Snowflake domain: GLOBAL"}
{"level":"INFO","message":"[2:02:03.891 PM]: Connection[id: 047d8bb6-924b-46a2-bb6f-d4aa36992dc5] - authentication successful using: SNOWFLAKE_JWT"}
{"level":"INFO","message":"[2:02:03.893 PM]: Trying to initialize Easy Logging"}
{"level":"INFO","message":"[2:02:03.897 PM]: No client config detected."}
{"level":"INFO","message":"[2:02:03.898 PM]: No config file path found. Client config will not be used."}
{"level":"INFO","message":"[2:02:03.899 PM]: Easy Logging is disabled as no config has been found"}
{"level":"INFO","message":"[2:02:03.908 PM]: Connection[id: 047d8bb6-924b-46a2-bb6f-d4aa36992dc5] - connected successfully after 26.544200000000274 milliseconds"}
{"level":"INFO","message":"[2:05:45.450 PM]: Creating new connection object"}
{"level":"INFO","message":"[2:05:45.467 PM]: Creating Connection[id: 56532926-b432-44eb-8bac-e4453d7978cf] with host: iqviaidporg-pandpreporting.snowflakecomputing.com, account: iqviaidporg-pandpreporting, accessUrl: https://iqviaidporg-pandpreporting.snowflakecomputing.com, user: maasreaduser, role: undefined, database: PNPREPORTING_LIB, schema: PNPREPORTING_DATAMART, warehouse: PNPLIBRARIES, proxy was not configured, password is not provided, region: undefined, authenticator: SNOWFLAKE_JWT, ocsp mode: FAIL_OPEN, os: win32, os version: 10"}
{"level":"INFO","message":"[2:05:45.469 PM]: Connection[id: 56532926-b432-44eb-8bac-e4453d7978cf] additional details: passcode in password is provided, passcode is not provided, private key is provided, application: undefined, client name: snowflake-sdk, client version: 2.2.0, retry timeout: 300, private key path: undefined, private key pass is not provided, client store temporary credential: false, browser response timeout: 120000"}
{"level":"INFO","message":"[2:05:45.470 PM]: Connection[id: 56532926-b432-44eb-8bac-e4453d7978cf] - connection object created successfully."}
{"level":"INFO","message":"[2:05:45.470 PM]: Connection[id: 56532926-b432-44eb-8bac-e4453d7978cf] - connecting. Associated Snowflake domain: GLOBAL"}
{"level":"INFO","message":"[2:05:45.474 PM]: Connection[id: 56532926-b432-44eb-8bac-e4453d7978cf] - authentication successful using: SNOWFLAKE_JWT"}
{"level":"INFO","message":"[2:05:45.475 PM]: Trying to initialize Easy Logging"}
{"level":"INFO","message":"[2:05:45.478 PM]: No client config detected."}
{"level":"INFO","message":"[2:05:45.479 PM]: No config file path found. Client config will not be used."}
{"level":"INFO","message":"[2:05:45.479 PM]: Easy Logging is disabled as no config has been found"}
{"level":"INFO","message":"[2:05:45.485 PM]: Connection[id: 56532926-b432-44eb-8bac-e4453d7978cf] - connected successfully after 14.850399999999809 milliseconds"}
{"level":"INFO","message":"[2:08:20.891 PM]: Creating new connection object"}
{"level":"INFO","message":"[2:08:20.899 PM]: Creating Connection[id: b95c613b-f342-4142-b4a2-74918a86cf02] with host: iqviaidporg-pandpreporting.snowflakecomputing.com, account: iqviaidporg-pandpreporting, accessUrl: https://iqviaidporg-pandpreporting.snowflakecomputing.com, user: maasreaduser, role: undefined, database: PNPREPORTING_LIB, schema: PNPREPORTING_DATAMART, warehouse: PNPLIBRARIES, proxy was not configured, password is not provided, region: undefined, authenticator: SNOWFLAKE_JWT, ocsp mode: FAIL_OPEN, os: win32, os version: 10"}
{"level":"INFO","message":"[2:08:20.900 PM]: Connection[id: b95c613b-f342-4142-b4a2-74918a86cf02] additional details: passcode in password is provided, passcode is not provided, private key is provided, application: undefined, client name: snowflake-sdk, client version: 2.2.0, retry timeout: 300, private key path: undefined, private key pass is not provided, client store temporary credential: false, browser response timeout: 120000"}
{"level":"INFO","message":"[2:08:20.900 PM]: Connection[id: b95c613b-f342-4142-b4a2-74918a86cf02] - connection object created successfully."}
{"level":"INFO","message":"[2:08:20.901 PM]: Connection[id: b95c613b-f342-4142-b4a2-74918a86cf02] - connecting. Associated Snowflake domain: GLOBAL"}
{"level":"INFO","message":"[2:08:20.909 PM]: Connection[id: b95c613b-f342-4142-b4a2-74918a86cf02] - authentication successful using: SNOWFLAKE_JWT"}
{"level":"INFO","message":"[2:08:20.914 PM]: Connection[id: b95c613b-f342-4142-b4a2-74918a86cf02] - connected successfully after 13.005099999980303 milliseconds"}
{"level":"INFO","message":"[2:10:00.554 PM]: Creating new connection object"}
{"level":"INFO","message":"[2:10:00.556 PM]: Creating Connection[id: 1161f0f5-a7ac-43af-8e49-f0c7626ad162] with host: iqviaidporg-pandpreporting.snowflakecomputing.com, account: iqviaidporg-pandpreporting, accessUrl: https://iqviaidporg-pandpreporting.snowflakecomputing.com, user: maasreaduser, role: undefined, database: PNPREPORTING_LIB, schema: PNPREPORTING_DATAMART, warehouse: PNPLIBRARIES, proxy was not configured, password is not provided, region: undefined, authenticator: SNOWFLAKE_JWT, ocsp mode: FAIL_OPEN, os: win32, os version: 10"}
{"level":"INFO","message":"[2:10:00.556 PM]: Connection[id: 1161f0f5-a7ac-43af-8e49-f0c7626ad162] additional details: passcode in password is provided, passcode is not provided, private key is provided, application: undefined, client name: snowflake-sdk, client version: 2.2.0, retry timeout: 300, private key path: undefined, private key pass is not provided, client store temporary credential: false, browser response timeout: 120000"}
{"level":"INFO","message":"[2:10:00.557 PM]: Connection[id: 1161f0f5-a7ac-43af-8e49-f0c7626ad162] - connection object created successfully."}
{"level":"INFO","message":"[2:10:00.557 PM]: Connection[id: 1161f0f5-a7ac-43af-8e49-f0c7626ad162] - connecting. Associated Snowflake domain: GLOBAL"}
{"level":"INFO","message":"[2:10:00.561 PM]: Connection[id: 1161f0f5-a7ac-43af-8e49-f0c7626ad162] - authentication successful using: SNOWFLAKE_JWT"}
{"level":"INFO","message":"[2:10:00.564 PM]: Connection[id: 1161f0f5-a7ac-43af-8e49-f0c7626ad162] - connected successfully after 6.761300000012852 milliseconds"}
{"level":"INFO","message":"[2:12:41.670 PM]: Creating new connection object"}
{"level":"INFO","message":"[2:12:41.675 PM]: Creating Connection[id: fcfbe3ef-0583-4618-884f-d0712f6029b2] with host: iqviaidporg-pandpreporting.snowflakecomputing.com, account: iqviaidporg-pandpreporting, accessUrl: https://iqviaidporg-pandpreporting.snowflakecomputing.com, user: maasreaduser, role: undefined, database: PNPREPORTING_LIB, schema: PNPREPORTING_DATAMART, warehouse: PNPLIBRARIES, proxy was not configured, password is not provided, region: undefined, authenticator: SNOWFLAKE_JWT, ocsp mode: FAIL_OPEN, os: win32, os version: 10"}
{"level":"INFO","message":"[2:12:41.676 PM]: Connection[id: fcfbe3ef-0583-4618-884f-d0712f6029b2] additional details: passcode in password is provided, passcode is not provided, private key is provided, application: undefined, client name: snowflake-sdk, client version: 2.2.0, retry timeout: 300, private key path: undefined, private key pass is not provided, client store temporary credential: false, browser response timeout: 120000"}
{"level":"INFO","message":"[2:12:41.677 PM]: Connection[id: fcfbe3ef-0583-4618-884f-d0712f6029b2] - connection object created successfully."}
{"level":"INFO","message":"[2:12:41.678 PM]: Connection[id: fcfbe3ef-0583-4618-884f-d0712f6029b2] - connecting. Associated Snowflake domain: GLOBAL"}
{"level":"INFO","message":"[2:12:41.687 PM]: Connection[id: fcfbe3ef-0583-4618-884f-d0712f6029b2] - authentication successful using: SNOWFLAKE_JWT"}
{"level":"INFO","message":"[2:12:41.690 PM]: Connection[id: fcfbe3ef-0583-4618-884f-d0712f6029b2] - connected successfully after 12.595600000000559 milliseconds"}
{"level":"INFO","message":"[2:14:53.990 PM]: Creating new connection object"}
{"level":"INFO","message":"[2:14:53.998 PM]: Creating Connection[id: 5cb81f53-d13b-44ca-af59-240abb713551] with host: iqviaidporg-pandpreporting.snowflakecomputing.com, account: iqviaidporg-pandpreporting, accessUrl: https://iqviaidporg-pandpreporting.snowflakecomputing.com, user: maasreaduser, role: undefined, database: PNPREPORTING_LIB, schema: PNPREPORTING_DATAMART, warehouse: PNPLIBRARIES, proxy was not configured, password is not provided, region: undefined, authenticator: SNOWFLAKE_JWT, ocsp mode: FAIL_OPEN, os: win32, os version: 10"}
{"level":"INFO","message":"[2:14:53.999 PM]: Connection[id: 5cb81f53-d13b-44ca-af59-240abb713551] additional details: passcode in password is provided, passcode is not provided, private key is provided, application: undefined, client name: snowflake-sdk, client version: 2.2.0, retry timeout: 300, private key path: undefined, private key pass is not provided, client store temporary credential: false, browser response timeout: 120000"}
{"level":"INFO","message":"[2:14:54.000 PM]: Connection[id: 5cb81f53-d13b-44ca-af59-240abb713551] - connection object created successfully."}
{"level":"INFO","message":"[2:14:54.001 PM]: Connection[id: 5cb81f53-d13b-44ca-af59-240abb713551] - connecting. Associated Snowflake domain: GLOBAL"}
{"level":"INFO","message":"[2:14:54.011 PM]: Connection[id: 5cb81f53-d13b-44ca-af59-240abb713551] - authentication successful using: SNOWFLAKE_JWT"}
{"level":"INFO","message":"[2:14:54.015 PM]: Connection[id: 5cb81f53-d13b-44ca-af59-240abb713551] - connected successfully after 13.7457000000868 milliseconds"}
{"level":"INFO","message":"[2:15:04.083 PM]: Creating new connection object"}
{"level":"INFO","message":"[2:15:04.085 PM]: Creating Connection[id: 8f738688-841d-4c5f-ac2c-c4e2c1e2542c] with host: iqviaidporg-pandpreporting.snowflakecomputing.com, account: iqviaidporg-pandpreporting, accessUrl: https://iqviaidporg-pandpreporting.snowflakecomputing.com, user: maasreaduser, role: undefined, database: PNPREPORTING_LIB, schema: PNPREPORTING_DATAMART, warehouse: PNPLIBRARIES, proxy was not configured, password is not provided, region: undefined, authenticator: SNOWFLAKE_JWT, ocsp mode: FAIL_OPEN, os: win32, os version: 10"}
{"level":"INFO","message":"[2:15:04.086 PM]: Connection[id: 8f738688-841d-4c5f-ac2c-c4e2c1e2542c] additional details: passcode in password is provided, passcode is not provided, private key is provided, application: undefined, client name: snowflake-sdk, client version: 2.2.0, retry timeout: 300, private key path: undefined, private key pass is not provided, client store temporary credential: false, browser response timeout: 120000"}
{"level":"INFO","message":"[2:15:04.086 PM]: Connection[id: 8f738688-841d-4c5f-ac2c-c4e2c1e2542c] - connection object created successfully."}
{"level":"INFO","message":"[2:15:04.087 PM]: Connection[id: 8f738688-841d-4c5f-ac2c-c4e2c1e2542c] - connecting. Associated Snowflake domain: GLOBAL"}
{"level":"INFO","message":"[2:15:04.092 PM]: Connection[id: 8f738688-841d-4c5f-ac2c-c4e2c1e2542c] - authentication successful using: SNOWFLAKE_JWT"}
{"level":"INFO","message":"[2:15:04.094 PM]: Connection[id: 8f738688-841d-4c5f-ac2c-c4e2c1e2542c] - connected successfully after 7.369700000039302 milliseconds"}
{"level":"INFO","message":"[2:15:39.976 PM]: Creating new connection object"}
{"level":"INFO","message":"[2:15:39.979 PM]: Creating Connection[id: 1cfbbdf3-f652-4239-8deb-831da88cab8a] with host: iqviaidporg-pandpreporting.snowflakecomputing.com, account: iqviaidporg-pandpreporting, accessUrl: https://iqviaidporg-pandpreporting.snowflakecomputing.com, user: maasreaduser, role: undefined, database: PNPREPORTING_LIB, schema: PNPREPORTING_DATAMART, warehouse: PNPLIBRARIES, proxy was not configured, password is not provided, region: undefined, authenticator: SNOWFLAKE_JWT, ocsp mode: FAIL_OPEN, os: win32, os version: 10"}
{"level":"INFO","message":"[2:15:39.980 PM]: Connection[id: 1cfbbdf3-f652-4239-8deb-831da88cab8a] additional details: passcode in password is provided, passcode is not provided, private key is provided, application: undefined, client name: snowflake-sdk, client version: 2.2.0, retry timeout: 300, private key path: undefined, private key pass is not provided, client store temporary credential: false, browser response timeout: 120000"}
{"level":"INFO","message":"[2:15:39.980 PM]: Connection[id: 1cfbbdf3-f652-4239-8deb-831da88cab8a] - connection object created successfully."}
{"level":"INFO","message":"[2:15:39.981 PM]: Connection[id: 1cfbbdf3-f652-4239-8deb-831da88cab8a] - connecting. Associated Snowflake domain: GLOBAL"}
{"level":"INFO","message":"[2:15:39.986 PM]: Connection[id: 1cfbbdf3-f652-4239-8deb-831da88cab8a] - authentication successful using: SNOWFLAKE_JWT"}
{"level":"INFO","message":"[2:15:39.988 PM]: Connection[id: 1cfbbdf3-f652-4239-8deb-831da88cab8a] - connected successfully after 6.96999999997206 milliseconds"}
{"level":"INFO","message":"[2:19:31.826 PM]: Creating new connection object"}
{"level":"INFO","message":"[2:19:31.859 PM]: Creating Connection[id: 9c4a70c8-ef13-4c2d-9339-57988878fd3c] with host: iqviaidporg-pandpreporting.snowflakecomputing.com, account: iqviaidporg-pandpreporting, accessUrl: https://iqviaidporg-pandpreporting.snowflakecomputing.com, user: maasreaduser, role: undefined, database: PNPREPORTING_LIB, schema: PNPREPORTING_DATAMART, warehouse: PNPLIBRARIES, proxy was not configured, password is not provided, region: undefined, authenticator: SNOWFLAKE_JWT, ocsp mode: FAIL_OPEN, os: win32, os version: 10"}
{"level":"INFO","message":"[2:19:31.861 PM]: Connection[id: 9c4a70c8-ef13-4c2d-9339-57988878fd3c] additional details: passcode in password is provided, passcode is not provided, private key is provided, application: undefined, client name: snowflake-sdk, client version: 2.2.0, retry timeout: 300, private key path: undefined, private key pass is not provided, client store temporary credential: false, browser response timeout: 120000"}
{"level":"INFO","message":"[2:19:31.862 PM]: Connection[id: 9c4a70c8-ef13-4c2d-9339-57988878fd3c] - connection object created successfully."}
{"level":"INFO","message":"[2:19:31.863 PM]: Connection[id: 9c4a70c8-ef13-4c2d-9339-57988878fd3c] - connecting. Associated Snowflake domain: GLOBAL"}
{"level":"INFO","message":"[2:19:31.872 PM]: Connection[id: 9c4a70c8-ef13-4c2d-9339-57988878fd3c] - authentication successful using: SNOWFLAKE_JWT"}
{"level":"INFO","message":"[2:19:31.873 PM]: Trying to initialize Easy Logging"}
{"level":"INFO","message":"[2:19:31.877 PM]: No client config detected."}
{"level":"INFO","message":"[2:19:31.877 PM]: No config file path found. Client config will not be used."}
{"level":"INFO","message":"[2:19:31.878 PM]: Easy Logging is disabled as no config has been found"}
{"level":"INFO","message":"[2:19:31.887 PM]: Connection[id: 9c4a70c8-ef13-4c2d-9339-57988878fd3c] - connected successfully after 23.788799999998446 milliseconds"}
{"level":"INFO","message":"[2:19:41.712 PM]: Creating new connection object"}
{"level":"INFO","message":"[2:19:41.713 PM]: Creating Connection[id: 961bd582-edbe-44c5-8ddf-ccd591912043] with host: iqviaidporg-pandpreporting.snowflakecomputing.com, account: iqviaidporg-pandpreporting, accessUrl: https://iqviaidporg-pandpreporting.snowflakecomputing.com, user: maasreaduser, role: undefined, database: PNPREPORTING_LIB, schema: PNPREPORTING_DATAMART, warehouse: PNPLIBRARIES, proxy was not configured, password is not provided, region: undefined, authenticator: SNOWFLAKE_JWT, ocsp mode: FAIL_OPEN, os: win32, os version: 10"}
{"level":"INFO","message":"[2:19:41.714 PM]: Connection[id: 961bd582-edbe-44c5-8ddf-ccd591912043] additional details: passcode in password is provided, passcode is not provided, private key is provided, application: undefined, client name: snowflake-sdk, client version: 2.2.0, retry timeout: 300, private key path: undefined, private key pass is not provided, client store temporary credential: false, browser response timeout: 120000"}
{"level":"INFO","message":"[2:19:41.714 PM]: Connection[id: 961bd582-edbe-44c5-8ddf-ccd591912043] - connection object created successfully."}
{"level":"INFO","message":"[2:19:41.715 PM]: Connection[id: 961bd582-edbe-44c5-8ddf-ccd591912043] - connecting. Associated Snowflake domain: GLOBAL"}
{"level":"INFO","message":"[2:19:41.719 PM]: Connection[id: 961bd582-edbe-44c5-8ddf-ccd591912043] - authentication successful using: SNOWFLAKE_JWT"}
{"level":"INFO","message":"[2:19:41.721 PM]: Connection[id: 961bd582-edbe-44c5-8ddf-ccd591912043] - connected successfully after 6.03099999999904 milliseconds"}
{"level":"INFO","message":"[2:42:00.115 PM]: Creating new connection object"}
{"level":"INFO","message":"[2:42:00.152 PM]: Creating Connection[id: 5704cfbe-0568-4ce2-8bff-2cf680616f1e] with host: iqviaidporg-pandpreporting.snowflakecomputing.com, account: iqviaidporg-pandpreporting, accessUrl: https://iqviaidporg-pandpreporting.snowflakecomputing.com, user: maasreaduser, role: undefined, database: PNPREPORTING_LIB, schema: PNPREPORTING_DATAMART, warehouse: PNPLIBRARIES, proxy was not configured, password is not provided, region: undefined, authenticator: SNOWFLAKE_JWT, ocsp mode: FAIL_OPEN, os: win32, os version: 10"}
{"level":"INFO","message":"[2:42:00.154 PM]: Connection[id: 5704cfbe-0568-4ce2-8bff-2cf680616f1e] additional details: passcode in password is provided, passcode is not provided, private key is provided, application: undefined, client name: snowflake-sdk, client version: 2.2.0, retry timeout: 300, private key path: undefined, private key pass is not provided, client store temporary credential: false, browser response timeout: 120000"}
{"level":"INFO","message":"[2:42:00.155 PM]: Connection[id: 5704cfbe-0568-4ce2-8bff-2cf680616f1e] - connection object created successfully."}
{"level":"INFO","message":"[2:42:00.157 PM]: Connection[id: 5704cfbe-0568-4ce2-8bff-2cf680616f1e] - connecting. Associated Snowflake domain: GLOBAL"}
{"level":"INFO","message":"[2:42:00.164 PM]: Connection[id: 5704cfbe-0568-4ce2-8bff-2cf680616f1e] - authentication successful using: SNOWFLAKE_JWT"}
{"level":"INFO","message":"[2:42:00.165 PM]: Trying to initialize Easy Logging"}
{"level":"INFO","message":"[2:42:00.171 PM]: No client config detected."}
{"level":"INFO","message":"[2:42:00.172 PM]: No config file path found. Client config will not be used."}
{"level":"INFO","message":"[2:42:00.173 PM]: Easy Logging is disabled as no config has been found"}
{"level":"INFO","message":"[2:42:00.182 PM]: Connection[id: 5704cfbe-0568-4ce2-8bff-2cf680616f1e] - connected successfully after 25.17960000000312 milliseconds"}
{"level":"INFO","message":"[2:58:57.115 PM]: Creating new connection object"}
{"level":"INFO","message":"[2:58:57.140 PM]: Creating Connection[id: af112b6a-0e37-41b7-9b8f-8796fa1cd1f8] with host: iqviaidporg-pandpreporting.snowflakecomputing.com, account: iqviaidporg-pandpreporting, accessUrl: https://iqviaidporg-pandpreporting.snowflakecomputing.com, user: maasreaduser, role: undefined, database: PNPREPORTING_LIB, schema: PNPREPORTING_DATAMART, warehouse: PNPLIBRARIES, proxy was not configured, password is not provided, region: undefined, authenticator: SNOWFLAKE_JWT, ocsp mode: FAIL_OPEN, os: win32, os version: 10"}
{"level":"INFO","message":"[2:58:57.141 PM]: Connection[id: af112b6a-0e37-41b7-9b8f-8796fa1cd1f8] additional details: passcode in password is provided, passcode is not provided, private key is provided, application: undefined, client name: snowflake-sdk, client version: 2.2.0, retry timeout: 300, private key path: undefined, private key pass is not provided, client store temporary credential: false, browser response timeout: 120000"}
{"level":"INFO","message":"[2:58:57.142 PM]: Connection[id: af112b6a-0e37-41b7-9b8f-8796fa1cd1f8] - connection object created successfully."}
{"level":"INFO","message":"[2:58:57.143 PM]: Connection[id: af112b6a-0e37-41b7-9b8f-8796fa1cd1f8] - connecting. Associated Snowflake domain: GLOBAL"}
{"level":"INFO","message":"[2:58:57.148 PM]: Connection[id: af112b6a-0e37-41b7-9b8f-8796fa1cd1f8] - authentication successful using: SNOWFLAKE_JWT"}
{"level":"INFO","message":"[2:58:57.149 PM]: Trying to initialize Easy Logging"}
{"level":"INFO","message":"[2:58:57.153 PM]: No client config detected."}
{"level":"INFO","message":"[2:58:57.154 PM]: No config file path found. Client config will not be used."}
{"level":"INFO","message":"[2:58:57.155 PM]: Easy Logging is disabled as no config has been found"}
{"level":"INFO","message":"[2:58:57.160 PM]: Connection[id: af112b6a-0e37-41b7-9b8f-8796fa1cd1f8] - connected successfully after 17.01109999997425 milliseconds"}
{"level":"INFO","message":"[3:16:03.815 PM]: Creating new connection object"}
{"level":"INFO","message":"[3:16:03.862 PM]: Creating Connection[id: 711e24cd-54d9-45b7-bf36-575025c72199] with host: iqviaidporg-pandpreporting.snowflakecomputing.com, account: iqviaidporg-pandpreporting, accessUrl: https://iqviaidporg-pandpreporting.snowflakecomputing.com, user: maasreaduser, role: undefined, database: PNPREPORTING_LIB, schema: PNPREPORTING_DATAMART, warehouse: PNPLIBRARIES, proxy was not configured, password is not provided, region: undefined, authenticator: SNOWFLAKE_JWT, ocsp mode: FAIL_OPEN, os: win32, os version: 10"}
{"level":"INFO","message":"[3:16:03.863 PM]: Connection[id: 711e24cd-54d9-45b7-bf36-575025c72199] additional details: passcode in password is provided, passcode is not provided, private key is provided, application: undefined, client name: snowflake-sdk, client version: 2.2.0, retry timeout: 300, private key path: undefined, private key pass is not provided, client store temporary credential: false, browser response timeout: 120000"}
{"level":"INFO","message":"[3:16:03.867 PM]: Connection[id: 711e24cd-54d9-45b7-bf36-575025c72199] - connection object created successfully."}
{"level":"INFO","message":"[3:16:03.869 PM]: Connection[id: 711e24cd-54d9-45b7-bf36-575025c72199] - connecting. Associated Snowflake domain: GLOBAL"}
{"level":"INFO","message":"[3:16:03.879 PM]: Connection[id: 711e24cd-54d9-45b7-bf36-575025c72199] - authentication successful using: SNOWFLAKE_JWT"}
{"level":"INFO","message":"[3:16:03.881 PM]: Trying to initialize Easy Logging"}
{"level":"INFO","message":"[3:16:03.889 PM]: No client config detected."}
{"level":"INFO","message":"[3:16:03.892 PM]: No config file path found. Client config will not be used."}
{"level":"INFO","message":"[3:16:03.897 PM]: Easy Logging is disabled as no config has been found"}
{"level":"INFO","message":"[3:16:03.908 PM]: Connection[id: 711e24cd-54d9-45b7-bf36-575025c72199] - connected successfully after 39.71519999999873 milliseconds"}
{"level":"INFO","message":"[3:22:40.049 PM]: Creating new connection object"}
{"level":"INFO","message":"[3:22:40.090 PM]: Creating Connection[id: ebd5504b-fd67-4c26-9789-1fcc898a50b8] with host: iqviaidporg-pandpreporting.snowflakecomputing.com, account: iqviaidporg-pandpreporting, accessUrl: https://iqviaidporg-pandpreporting.snowflakecomputing.com, user: maasreaduser, role: undefined, database: PNPREPORTING_LIB, schema: PNPREPORTING_DATAMART, warehouse: PNPLIBRARIES, proxy was not configured, password is not provided, region: undefined, authenticator: SNOWFLAKE_JWT, ocsp mode: FAIL_OPEN, os: win32, os version: 10"}
{"level":"INFO","message":"[3:22:40.092 PM]: Connection[id: ebd5504b-fd67-4c26-9789-1fcc898a50b8] additional details: passcode in password is provided, passcode is not provided, private key is provided, application: undefined, client name: snowflake-sdk, client version: 2.2.0, retry timeout: 300, private key path: undefined, private key pass is not provided, client store temporary credential: false, browser response timeout: 120000"}
{"level":"INFO","message":"[3:22:40.094 PM]: Connection[id: ebd5504b-fd67-4c26-9789-1fcc898a50b8] - connection object created successfully."}
{"level":"INFO","message":"[3:22:40.096 PM]: Connection[id: ebd5504b-fd67-4c26-9789-1fcc898a50b8] - connecting. Associated Snowflake domain: GLOBAL"}
{"level":"INFO","message":"[3:22:40.108 PM]: Connection[id: ebd5504b-fd67-4c26-9789-1fcc898a50b8] - authentication successful using: SNOWFLAKE_JWT"}
{"level":"INFO","message":"[3:22:40.110 PM]: Trying to initialize Easy Logging"}
{"level":"INFO","message":"[3:22:40.116 PM]: No client config detected."}
{"level":"INFO","message":"[3:22:40.117 PM]: No config file path found. Client config will not be used."}
{"level":"INFO","message":"[3:22:40.118 PM]: Easy Logging is disabled as no config has been found"}
{"level":"INFO","message":"[3:22:40.127 PM]: Connection[id: ebd5504b-fd67-4c26-9789-1fcc898a50b8] - connected successfully after 31.668900000000576 milliseconds"}
{"level":"INFO","message":"[3:24:08.005 PM]: Creating new connection object"}
{"level":"INFO","message":"[3:24:08.014 PM]: Creating Connection[id: 01bf1262-36f2-417f-b17d-4fd10b9727bb] with host: iqviaidporg-pandpreporting.snowflakecomputing.com, account: iqviaidporg-pandpreporting, accessUrl: https://iqviaidporg-pandpreporting.snowflakecomputing.com, user: maasreaduser, role: undefined, database: PNPREPORTING_LIB, schema: PNPREPORTING_DATAMART, warehouse: PNPLIBRARIES, proxy was not configured, password is not provided, region: undefined, authenticator: SNOWFLAKE_JWT, ocsp mode: FAIL_OPEN, os: win32, os version: 10"}
{"level":"INFO","message":"[3:24:08.015 PM]: Connection[id: 01bf1262-36f2-417f-b17d-4fd10b9727bb] additional details: passcode in password is provided, passcode is not provided, private key is provided, application: undefined, client name: snowflake-sdk, client version: 2.2.0, retry timeout: 300, private key path: undefined, private key pass is not provided, client store temporary credential: false, browser response timeout: 120000"}
{"level":"INFO","message":"[3:24:08.016 PM]: Connection[id: 01bf1262-36f2-417f-b17d-4fd10b9727bb] - connection object created successfully."}
{"level":"INFO","message":"[3:24:08.016 PM]: Connection[id: 01bf1262-36f2-417f-b17d-4fd10b9727bb] - connecting. Associated Snowflake domain: GLOBAL"}
{"level":"INFO","message":"[3:24:08.027 PM]: Connection[id: 01bf1262-36f2-417f-b17d-4fd10b9727bb] - authentication successful using: SNOWFLAKE_JWT"}
{"level":"INFO","message":"[3:24:08.031 PM]: Connection[id: 01bf1262-36f2-417f-b17d-4fd10b9727bb] - connected successfully after 15.081300000005285 milliseconds"}
{"level":"INFO","message":"[3:50:58.748 PM]: Creating new connection object"}
{"level":"INFO","message":"[3:50:58.787 PM]: Creating Connection[id: 5d43e59e-b0f7-45da-ac90-6e11c36bbe0a] with host: iqviaidporg-pandpreporting.snowflakecomputing.com, account: iqviaidporg-pandpreporting, accessUrl: https://iqviaidporg-pandpreporting.snowflakecomputing.com, user: maasreaduser, role: undefined, database: PNPREPORTING_LIB, schema: PNPREPORTING_DATAMART, warehouse: PNPLIBRARIES, proxy was not configured, password is not provided, region: undefined, authenticator: SNOWFLAKE_JWT, ocsp mode: FAIL_OPEN, os: win32, os version: 10"}
{"level":"INFO","message":"[3:50:58.789 PM]: Connection[id: 5d43e59e-b0f7-45da-ac90-6e11c36bbe0a] additional details: passcode in password is provided, passcode is not provided, private key is provided, application: undefined, client name: snowflake-sdk, client version: 2.2.0, retry timeout: 300, private key path: undefined, private key pass is not provided, client store temporary credential: false, browser response timeout: 120000"}
{"level":"INFO","message":"[3:50:58.792 PM]: Connection[id: 5d43e59e-b0f7-45da-ac90-6e11c36bbe0a] - connection object created successfully."}
{"level":"INFO","message":"[3:50:58.794 PM]: Connection[id: 5d43e59e-b0f7-45da-ac90-6e11c36bbe0a] - connecting. Associated Snowflake domain: GLOBAL"}
{"level":"INFO","message":"[3:50:58.802 PM]: Connection[id: 5d43e59e-b0f7-45da-ac90-6e11c36bbe0a] - authentication successful using: SNOWFLAKE_JWT"}
{"level":"INFO","message":"[3:50:58.803 PM]: Trying to initialize Easy Logging"}
{"level":"INFO","message":"[3:50:58.809 PM]: No client config detected."}
{"level":"INFO","message":"[3:50:58.810 PM]: No config file path found. Client config will not be used."}
{"level":"INFO","message":"[3:50:58.811 PM]: Easy Logging is disabled as no config has been found"}
{"level":"INFO","message":"[3:50:58.820 PM]: Connection[id: 5d43e59e-b0f7-45da-ac90-6e11c36bbe0a] - connected successfully after 26.184300000000803 milliseconds"}
{"level":"INFO","message":"[3:53:21.957 PM]: Creating new connection object"}
{"level":"INFO","message":"[3:53:21.988 PM]: Creating Connection[id: 5d155a18-4a04-4d8a-96b8-528fca6a9ead] with host: iqviaidporg-pandpreporting.snowflakecomputing.com, account: iqviaidporg-pandpreporting, accessUrl: https://iqviaidporg-pandpreporting.snowflakecomputing.com, user: maasreaduser, role: undefined, database: PNPREPORTING_LIB, schema: PNPREPORTING_DATAMART, warehouse: PNPLIBRARIES, proxy was not configured, password is not provided, region: undefined, authenticator: SNOWFLAKE_JWT, ocsp mode: FAIL_OPEN, os: win32, os version: 10"}
{"level":"INFO","message":"[3:53:21.990 PM]: Connection[id: 5d155a18-4a04-4d8a-96b8-528fca6a9ead] additional details: passcode in password is provided, passcode is not provided, private key is provided, application: undefined, client name: snowflake-sdk, client version: 2.2.0, retry timeout: 300, private key path: undefined, private key pass is not provided, client store temporary credential: false, browser response timeout: 120000"}
{"level":"INFO","message":"[3:53:21.991 PM]: Connection[id: 5d155a18-4a04-4d8a-96b8-528fca6a9ead] - connection object created successfully."}
{"level":"INFO","message":"[3:53:21.993 PM]: Connection[id: 5d155a18-4a04-4d8a-96b8-528fca6a9ead] - connecting. Associated Snowflake domain: GLOBAL"}
{"level":"INFO","message":"[3:53:22.006 PM]: Connection[id: 5d155a18-4a04-4d8a-96b8-528fca6a9ead] - authentication successful using: SNOWFLAKE_JWT"}
{"level":"INFO","message":"[3:53:22.008 PM]: Trying to initialize Easy Logging"}
{"level":"INFO","message":"[3:53:22.016 PM]: No client config detected."}
{"level":"INFO","message":"[3:53:22.023 PM]: No config file path found. Client config will not be used."}
{"level":"INFO","message":"[3:53:22.025 PM]: Easy Logging is disabled as no config has been found"}
{"level":"INFO","message":"[3:53:22.032 PM]: Connection[id: 5d155a18-4a04-4d8a-96b8-528fca6a9ead] - connected successfully after 38.862600000000384 milliseconds"}
{"level":"INFO","message":"[4:17:54.705 PM]: Creating new connection object"}
{"level":"INFO","message":"[4:17:54.731 PM]: Creating Connection[id: 97272575-2f0a-402d-82ec-ff4c021b7e2f] with host: iqviaidporg-pandpreporting.snowflakecomputing.com, account: iqviaidporg-pandpreporting, accessUrl: https://iqviaidporg-pandpreporting.snowflakecomputing.com, user: maasreaduser, role: undefined, database: PNPREPORTING_LIB, schema: PNPREPORTING_DATAMART, warehouse: PNPLIBRARIES, proxy was not configured, password is not provided, region: undefined, authenticator: SNOWFLAKE_JWT, ocsp mode: FAIL_OPEN, os: win32, os version: 10"}
{"level":"INFO","message":"[4:17:54.732 PM]: Connection[id: 97272575-2f0a-402d-82ec-ff4c021b7e2f] additional details: passcode in password is provided, passcode is not provided, private key is provided, application: undefined, client name: snowflake-sdk, client version: 2.2.0, retry timeout: 300, private key path: undefined, private key pass is not provided, client store temporary credential: false, browser response timeout: 120000"}
{"level":"INFO","message":"[4:17:54.732 PM]: Connection[id: 97272575-2f0a-402d-82ec-ff4c021b7e2f] - connection object created successfully."}
{"level":"INFO","message":"[4:17:54.734 PM]: Connection[id: 97272575-2f0a-402d-82ec-ff4c021b7e2f] - connecting. Associated Snowflake domain: GLOBAL"}
{"level":"INFO","message":"[4:17:54.742 PM]: Connection[id: 97272575-2f0a-402d-82ec-ff4c021b7e2f] - authentication successful using: SNOWFLAKE_JWT"}
{"level":"INFO","message":"[4:17:54.744 PM]: Trying to initialize Easy Logging"}
{"level":"INFO","message":"[4:17:54.747 PM]: No client config detected."}
{"level":"INFO","message":"[4:17:54.748 PM]: No config file path found. Client config will not be used."}
{"level":"INFO","message":"[4:17:54.749 PM]: Easy Logging is disabled as no config has been found"}
{"level":"INFO","message":"[4:17:54.755 PM]: Connection[id: 97272575-2f0a-402d-82ec-ff4c021b7e2f] - connected successfully after 21.723500000000058 milliseconds"}
{"level":"INFO","message":"[4:25:41.112 PM]: Creating new connection object"}
{"level":"INFO","message":"[4:25:41.136 PM]: Creating Connection[id: 32c47eef-55d8-4647-bf1b-c64ddefbea17] with host: iqviaidporg-pandpreporting.snowflakecomputing.com, account: iqviaidporg-pandpreporting, accessUrl: https://iqviaidporg-pandpreporting.snowflakecomputing.com, user: maasreaduser, role: undefined, database: PNPREPORTING_LIB, schema: PNPREPORTING_DATAMART, warehouse: PNPLIBRARIES, proxy was not configured, password is not provided, region: undefined, authenticator: SNOWFLAKE_JWT, ocsp mode: FAIL_OPEN, os: win32, os version: 10"}
{"level":"INFO","message":"[4:25:41.137 PM]: Connection[id: 32c47eef-55d8-4647-bf1b-c64ddefbea17] additional details: passcode in password is provided, passcode is not provided, private key is provided, application: undefined, client name: snowflake-sdk, client version: 2.2.0, retry timeout: 300, private key path: undefined, private key pass is not provided, client store temporary credential: false, browser response timeout: 120000"}
{"level":"INFO","message":"[4:25:41.138 PM]: Connection[id: 32c47eef-55d8-4647-bf1b-c64ddefbea17] - connection object created successfully."}
{"level":"INFO","message":"[4:25:41.139 PM]: Connection[id: 32c47eef-55d8-4647-bf1b-c64ddefbea17] - connecting. Associated Snowflake domain: GLOBAL"}
{"level":"INFO","message":"[4:25:41.145 PM]: Connection[id: 32c47eef-55d8-4647-bf1b-c64ddefbea17] - authentication successful using: SNOWFLAKE_JWT"}
{"level":"INFO","message":"[4:25:41.147 PM]: Trying to initialize Easy Logging"}
{"level":"INFO","message":"[4:25:41.151 PM]: No client config detected."}
{"level":"INFO","message":"[4:25:41.152 PM]: No config file path found. Client config will not be used."}
{"level":"INFO","message":"[4:25:41.153 PM]: Easy Logging is disabled as no config has been found"}
{"level":"INFO","message":"[4:25:41.158 PM]: Connection[id: 32c47eef-55d8-4647-bf1b-c64ddefbea17] - connected successfully after 19.355199999999968 milliseconds"}
{"level":"INFO","message":"[4:38:50.597 PM]: Creating new connection object"}
{"level":"INFO","message":"[4:38:50.622 PM]: Creating Connection[id: dbf3d069-548d-422d-8385-c84ac92d8552] with host: iqviaidporg-pandpreporting.snowflakecomputing.com, account: iqviaidporg-pandpreporting, accessUrl: https://iqviaidporg-pandpreporting.snowflakecomputing.com, user: maasreaduser, role: undefined, database: PNPREPORTING_LIB, schema: PNPREPORTING_DATAMART, warehouse: PNPLIBRARIES, proxy was not configured, password is not provided, region: undefined, authenticator: SNOWFLAKE_JWT, ocsp mode: FAIL_OPEN, os: win32, os version: 10"}
{"level":"INFO","message":"[4:38:50.624 PM]: Connection[id: dbf3d069-548d-422d-8385-c84ac92d8552] additional details: passcode in password is provided, passcode is not provided, private key is provided, application: undefined, client name: snowflake-sdk, client version: 2.2.0, retry timeout: 300, private key path: undefined, private key pass is not provided, client store temporary credential: false, browser response timeout: 120000"}
{"level":"INFO","message":"[4:38:50.625 PM]: Connection[id: dbf3d069-548d-422d-8385-c84ac92d8552] - connection object created successfully."}
{"level":"INFO","message":"[4:38:50.627 PM]: Connection[id: dbf3d069-548d-422d-8385-c84ac92d8552] - connecting. Associated Snowflake domain: GLOBAL"}
{"level":"INFO","message":"[4:38:50.632 PM]: Connection[id: dbf3d069-548d-422d-8385-c84ac92d8552] - authentication successful using: SNOWFLAKE_JWT"}
{"level":"INFO","message":"[4:38:50.633 PM]: Trying to initialize Easy Logging"}
{"level":"INFO","message":"[4:38:50.636 PM]: No client config detected."}
{"level":"INFO","message":"[4:38:50.637 PM]: No config file path found. Client config will not be used."}
{"level":"INFO","message":"[4:38:50.638 PM]: Easy Logging is disabled as no config has been found"}
{"level":"INFO","message":"[4:38:50.644 PM]: Connection[id: dbf3d069-548d-422d-8385-c84ac92d8552] - connected successfully after 17.592500000000655 milliseconds"}
{"level":"INFO","message":"[5:36:18.445 PM]: Creating new connection object"}
{"level":"INFO","message":"[5:36:18.490 PM]: Creating Connection[id: c9701254-0a43-4140-a921-ef772a58f985] with host: iqviaidporg-pandpreporting.snowflakecomputing.com, account: iqviaidporg-pandpreporting, accessUrl: https://iqviaidporg-pandpreporting.snowflakecomputing.com, user: maasreaduser, role: undefined, database: PNPREPORTING_LIB, schema: PNPREPORTING_DATAMART, warehouse: PNPLIBRARIES, proxy was not configured, password is not provided, region: undefined, authenticator: SNOWFLAKE_JWT, ocsp mode: FAIL_OPEN, os: win32, os version: 10"}
{"level":"INFO","message":"[5:36:18.492 PM]: Connection[id: c9701254-0a43-4140-a921-ef772a58f985] additional details: passcode in password is provided, passcode is not provided, private key is provided, application: undefined, client name: snowflake-sdk, client version: 2.2.0, retry timeout: 300, private key path: undefined, private key pass is not provided, client store temporary credential: false, browser response timeout: 120000"}
{"level":"INFO","message":"[5:36:18.495 PM]: Connection[id: c9701254-0a43-4140-a921-ef772a58f985] - connection object created successfully."}
{"level":"INFO","message":"[5:36:18.498 PM]: Connection[id: c9701254-0a43-4140-a921-ef772a58f985] - connecting. Associated Snowflake domain: GLOBAL"}
{"level":"INFO","message":"[5:36:18.512 PM]: Connection[id: c9701254-0a43-4140-a921-ef772a58f985] - authentication successful using: SNOWFLAKE_JWT"}
{"level":"INFO","message":"[5:36:18.514 PM]: Trying to initialize Easy Logging"}
{"level":"INFO","message":"[5:36:18.519 PM]: No client config detected."}
{"level":"INFO","message":"[5:36:18.520 PM]: No config file path found. Client config will not be used."}
{"level":"INFO","message":"[5:36:18.522 PM]: Easy Logging is disabled as no config has been found"}
{"level":"INFO","message":"[5:36:18.534 PM]: Connection[id: c9701254-0a43-4140-a921-ef772a58f985] - connected successfully after 35.974300000001676 milliseconds"}
{"level":"INFO","message":"[5:40:01.440 PM]: Creating new connection object"}
{"level":"INFO","message":"[5:40:01.451 PM]: Creating Connection[id: 2ea644f5-64f1-4889-b23d-be45f4a51bc8] with host: iqviaidporg-pandpreporting.snowflakecomputing.com, account: iqviaidporg-pandpreporting, accessUrl: https://iqviaidporg-pandpreporting.snowflakecomputing.com, user: maasreaduser, role: undefined, database: PNPREPORTING_LIB, schema: PNPREPORTING_DATAMART, warehouse: PNPLIBRARIES, proxy was not configured, password is not provided, region: undefined, authenticator: SNOWFLAKE_JWT, ocsp mode: FAIL_OPEN, os: win32, os version: 10"}
{"level":"INFO","message":"[5:40:01.452 PM]: Connection[id: 2ea644f5-64f1-4889-b23d-be45f4a51bc8] additional details: passcode in password is provided, passcode is not provided, private key is provided, application: undefined, client name: snowflake-sdk, client version: 2.2.0, retry timeout: 300, private key path: undefined, private key pass is not provided, client store temporary credential: false, browser response timeout: 120000"}
{"level":"INFO","message":"[5:40:01.453 PM]: Connection[id: 2ea644f5-64f1-4889-b23d-be45f4a51bc8] - connection object created successfully."}
{"level":"INFO","message":"[5:40:01.457 PM]: Connection[id: 2ea644f5-64f1-4889-b23d-be45f4a51bc8] - connecting. Associated Snowflake domain: GLOBAL"}
{"level":"INFO","message":"[5:40:01.511 PM]: Connection[id: 2ea644f5-64f1-4889-b23d-be45f4a51bc8] - authentication successful using: SNOWFLAKE_JWT"}
{"level":"INFO","message":"[5:40:01.529 PM]: Connection[id: 2ea644f5-64f1-4889-b23d-be45f4a51bc8] - connected successfully after 72.59380000000237 milliseconds"}
{"level":"INFO","message":"[11:13:54.641 AM]: Creating new connection object"}
{"level":"INFO","message":"[11:13:54.670 AM]: Creating Connection[id: 23ffa03c-6abc-4990-9571-c965cc8cb143] with host: iqviaidporg-pandpreporting.snowflakecomputing.com, account: iqviaidporg-pandpreporting, accessUrl: https://iqviaidporg-pandpreporting.snowflakecomputing.com, user: maasreaduser, role: undefined, database: PNPREPORTING_LIB, schema: PNPREPORTING_DATAMART, warehouse: PNPLIBRARIES, proxy was not configured, password is not provided, region: undefined, authenticator: SNOWFLAKE_JWT, ocsp mode: FAIL_OPEN, os: win32, os version: 10"}
{"level":"INFO","message":"[11:13:54.671 AM]: Connection[id: 23ffa03c-6abc-4990-9571-c965cc8cb143] additional details: passcode in password is provided, passcode is not provided, private key is provided, application: undefined, client name: snowflake-sdk, client version: 2.2.0, retry timeout: 300, private key path: undefined, private key pass is not provided, client store temporary credential: false, browser response timeout: 120000"}
{"level":"INFO","message":"[11:13:54.672 AM]: Connection[id: 23ffa03c-6abc-4990-9571-c965cc8cb143] - connection object created successfully."}
{"level":"INFO","message":"[11:13:54.673 AM]: Connection[id: 23ffa03c-6abc-4990-9571-c965cc8cb143] - connecting. Associated Snowflake domain: GLOBAL"}
{"level":"INFO","message":"[11:13:54.684 AM]: Connection[id: 23ffa03c-6abc-4990-9571-c965cc8cb143] - authentication successful using: SNOWFLAKE_JWT"}
{"level":"INFO","message":"[11:13:54.686 AM]: Trying to initialize Easy Logging"}
{"level":"INFO","message":"[11:13:54.690 AM]: No client config detected."}
{"level":"INFO","message":"[11:13:54.690 AM]: No config file path found. Client config will not be used."}
{"level":"INFO","message":"[11:13:54.691 AM]: Easy Logging is disabled as no config has been found"}
{"level":"INFO","message":"[11:13:54.700 AM]: Connection[id: 23ffa03c-6abc-4990-9571-c965cc8cb143] - connected successfully after 26.896500000031665 milliseconds"}
{"level":"INFO","message":"[11:31:21.056 AM]: Creating new connection object"}
{"level":"INFO","message":"[11:31:21.061 AM]: Creating Connection[id: e8cae91a-c11e-447b-8d0a-c5656086f804] with host: iqviaidporg-pandpreporting.snowflakecomputing.com, account: iqviaidporg-pandpreporting, accessUrl: https://iqviaidporg-pandpreporting.snowflakecomputing.com, user: maasreaduser, role: undefined, database: PNPREPORTING_LIB, schema: PNPREPORTING_DATAMART, warehouse: PNPLIBRARIES, proxy was not configured, password is not provided, region: undefined, authenticator: SNOWFLAKE_JWT, ocsp mode: FAIL_OPEN, os: win32, os version: 10"}
{"level":"INFO","message":"[11:31:21.062 AM]: Connection[id: e8cae91a-c11e-447b-8d0a-c5656086f804] additional details: passcode in password is provided, passcode is not provided, private key is provided, application: undefined, client name: snowflake-sdk, client version: 2.2.0, retry timeout: 300, private key path: undefined, private key pass is not provided, client store temporary credential: false, browser response timeout: 120000"}
{"level":"INFO","message":"[11:31:21.063 AM]: Connection[id: e8cae91a-c11e-447b-8d0a-c5656086f804] - connection object created successfully."}
{"level":"INFO","message":"[11:31:21.063 AM]: Connection[id: e8cae91a-c11e-447b-8d0a-c5656086f804] - connecting. Associated Snowflake domain: GLOBAL"}
{"level":"INFO","message":"[11:31:21.071 AM]: Connection[id: e8cae91a-c11e-447b-8d0a-c5656086f804] - authentication successful using: SNOWFLAKE_JWT"}
{"level":"INFO","message":"[11:31:21.076 AM]: Connection[id: e8cae91a-c11e-447b-8d0a-c5656086f804] - connected successfully after 12.268599999835715 milliseconds"}
{"level":"INFO","message":"[11:37:31.858 AM]: Creating new connection object"}
{"level":"INFO","message":"[11:37:31.884 AM]: Creating Connection[id: 5c9ab844-c516-4b6c-a84a-38166320dc43] with host: iqviaidporg-pandpreporting.snowflakecomputing.com, account: iqviaidporg-pandpreporting, accessUrl: https://iqviaidporg-pandpreporting.snowflakecomputing.com, user: maasreaduser, role: undefined, database: PNPREPORTING_LIB, schema: PNPREPORTING_DATAMART, warehouse: PNPLIBRARIES, proxy was not configured, password is not provided, region: undefined, authenticator: SNOWFLAKE_JWT, ocsp mode: FAIL_OPEN, os: win32, os version: 10"}
{"level":"INFO","message":"[11:37:31.885 AM]: Connection[id: 5c9ab844-c516-4b6c-a84a-38166320dc43] additional details: passcode in password is provided, passcode is not provided, private key is provided, application: undefined, client name: snowflake-sdk, client version: 2.2.0, retry timeout: 300, private key path: undefined, private key pass is not provided, client store temporary credential: false, browser response timeout: 120000"}
{"level":"INFO","message":"[11:37:31.886 AM]: Connection[id: 5c9ab844-c516-4b6c-a84a-38166320dc43] - connection object created successfully."}
{"level":"INFO","message":"[11:37:31.887 AM]: Connection[id: 5c9ab844-c516-4b6c-a84a-38166320dc43] - connecting. Associated Snowflake domain: GLOBAL"}
{"level":"INFO","message":"[11:37:31.893 AM]: Connection[id: 5c9ab844-c516-4b6c-a84a-38166320dc43] - authentication successful using: SNOWFLAKE_JWT"}
{"level":"INFO","message":"[11:37:31.894 AM]: Trying to initialize Easy Logging"}
{"level":"INFO","message":"[11:37:31.897 AM]: No client config detected."}
{"level":"INFO","message":"[11:37:31.898 AM]: No config file path found. Client config will not be used."}
{"level":"INFO","message":"[11:37:31.899 AM]: Easy Logging is disabled as no config has been found"}
{"level":"INFO","message":"[11:37:31.907 AM]: Connection[id: 5c9ab844-c516-4b6c-a84a-38166320dc43] - connected successfully after 20.104299999999967 milliseconds"}
{"level":"INFO","message":"[11:37:51.652 AM]: Creating new connection object"}
{"level":"INFO","message":"[11:37:51.675 AM]: Creating Connection[id: a53cc707-5fe9-4057-892f-9e141afe6616] with host: iqviaidporg-pandpreporting.snowflakecomputing.com, account: iqviaidporg-pandpreporting, accessUrl: https://iqviaidporg-pandpreporting.snowflakecomputing.com, user: maasreaduser, role: undefined, database: PNPREPORTING_LIB, schema: PNPREPORTING_DATAMART, warehouse: PNPLIBRARIES, proxy was not configured, password is not provided, region: undefined, authenticator: SNOWFLAKE_JWT, ocsp mode: FAIL_OPEN, os: win32, os version: 10"}
{"level":"INFO","message":"[11:37:51.676 AM]: Connection[id: a53cc707-5fe9-4057-892f-9e141afe6616] additional details: passcode in password is provided, passcode is not provided, private key is provided, application: undefined, client name: snowflake-sdk, client version: 2.2.0, retry timeout: 300, private key path: undefined, private key pass is not provided, client store temporary credential: false, browser response timeout: 120000"}
{"level":"INFO","message":"[11:37:51.677 AM]: Connection[id: a53cc707-5fe9-4057-892f-9e141afe6616] - connection object created successfully."}
{"level":"INFO","message":"[11:37:51.678 AM]: Connection[id: a53cc707-5fe9-4057-892f-9e141afe6616] - connecting. Associated Snowflake domain: GLOBAL"}
{"level":"INFO","message":"[11:37:51.685 AM]: Connection[id: a53cc707-5fe9-4057-892f-9e141afe6616] - authentication successful using: SNOWFLAKE_JWT"}
{"level":"INFO","message":"[11:37:51.687 AM]: Trying to initialize Easy Logging"}
{"level":"INFO","message":"[11:37:51.692 AM]: No client config detected."}
{"level":"INFO","message":"[11:37:51.693 AM]: No config file path found. Client config will not be used."}
{"level":"INFO","message":"[11:37:51.694 AM]: Easy Logging is disabled as no config has been found"}
{"level":"INFO","message":"[11:37:51.699 AM]: Connection[id: a53cc707-5fe9-4057-892f-9e141afe6616] - connected successfully after 20.874499999999898 milliseconds"}
{"level":"INFO","message":"[11:38:16.937 AM]: Creating new connection object"}
{"level":"INFO","message":"[11:38:16.958 AM]: Creating Connection[id: 74441a37-009a-4979-876a-969fefb72d5b] with host: iqviaidporg-pandpreporting.snowflakecomputing.com, account: iqviaidporg-pandpreporting, accessUrl: https://iqviaidporg-pandpreporting.snowflakecomputing.com, user: maasreaduser, role: undefined, database: PNPREPORTING_LIB, schema: PNPREPORTING_DATAMART, warehouse: PNPLIBRARIES, proxy was not configured, password is not provided, region: undefined, authenticator: SNOWFLAKE_JWT, ocsp mode: FAIL_OPEN, os: win32, os version: 10"}
{"level":"INFO","message":"[11:38:16.959 AM]: Connection[id: 74441a37-009a-4979-876a-969fefb72d5b] additional details: passcode in password is provided, passcode is not provided, private key is provided, application: undefined, client name: snowflake-sdk, client version: 2.2.0, retry timeout: 300, private key path: undefined, private key pass is not provided, client store temporary credential: false, browser response timeout: 120000"}
{"level":"INFO","message":"[11:38:16.960 AM]: Connection[id: 74441a37-009a-4979-876a-969fefb72d5b] - connection object created successfully."}
{"level":"INFO","message":"[11:38:16.961 AM]: Connection[id: 74441a37-009a-4979-876a-969fefb72d5b] - connecting. Associated Snowflake domain: GLOBAL"}
{"level":"INFO","message":"[11:38:16.967 AM]: Connection[id: 74441a37-009a-4979-876a-969fefb72d5b] - authentication successful using: SNOWFLAKE_JWT"}
{"level":"INFO","message":"[11:38:16.968 AM]: Trying to initialize Easy Logging"}
{"level":"INFO","message":"[11:38:16.971 AM]: No client config detected."}
{"level":"INFO","message":"[11:38:16.971 AM]: No config file path found. Client config will not be used."}
{"level":"INFO","message":"[11:38:16.972 AM]: Easy Logging is disabled as no config has been found"}
{"level":"INFO","message":"[11:38:16.977 AM]: Connection[id: 74441a37-009a-4979-876a-969fefb72d5b] - connected successfully after 16.42659999999978 milliseconds"}
{"level":"INFO","message":"[11:45:49.050 AM]: Creating new connection object"}
{"level":"INFO","message":"[11:45:49.078 AM]: Creating Connection[id: fb9b0807-3159-4742-8d16-8d12497ea19a] with host: iqviaidporg-pandpreporting.snowflakecomputing.com, account: iqviaidporg-pandpreporting, accessUrl: https://iqviaidporg-pandpreporting.snowflakecomputing.com, user: maasreaduser, role: undefined, database: PNPREPORTING_LIB, schema: PNPREPORTING_DATAMART, warehouse: PNPLIBRARIES, proxy was not configured, password is not provided, region: undefined, authenticator: SNOWFLAKE_JWT, ocsp mode: FAIL_OPEN, os: win32, os version: 10"}
{"level":"INFO","message":"[11:45:49.080 AM]: Connection[id: fb9b0807-3159-4742-8d16-8d12497ea19a] additional details: passcode in password is provided, passcode is not provided, private key is provided, application: undefined, client name: snowflake-sdk, client version: 2.2.0, retry timeout: 300, private key path: undefined, private key pass is not provided, client store temporary credential: false, browser response timeout: 120000"}
{"level":"INFO","message":"[11:45:49.081 AM]: Connection[id: fb9b0807-3159-4742-8d16-8d12497ea19a] - connection object created successfully."}
{"level":"INFO","message":"[11:45:49.082 AM]: Connection[id: fb9b0807-3159-4742-8d16-8d12497ea19a] - connecting. Associated Snowflake domain: GLOBAL"}
{"level":"INFO","message":"[11:45:49.092 AM]: Connection[id: fb9b0807-3159-4742-8d16-8d12497ea19a] - authentication successful using: SNOWFLAKE_JWT"}
{"level":"INFO","message":"[11:45:49.094 AM]: Trying to initialize Easy Logging"}
{"level":"INFO","message":"[11:45:49.099 AM]: No client config detected."}
{"level":"INFO","message":"[11:45:49.101 AM]: No config file path found. Client config will not be used."}
{"level":"INFO","message":"[11:45:49.102 AM]: Easy Logging is disabled as no config has been found"}
{"level":"INFO","message":"[11:45:49.110 AM]: Connection[id: fb9b0807-3159-4742-8d16-8d12497ea19a] - connected successfully after 27.459899999999834 milliseconds"}
{"level":"INFO","message":"[11:47:49.013 AM]: Creating new connection object"}
{"level":"INFO","message":"[11:47:49.023 AM]: Creating Connection[id: 417e4527-e685-45e9-b6e7-af1d6a8f4d50] with host: iqviaidporg-pandpreporting.snowflakecomputing.com, account: iqviaidporg-pandpreporting, accessUrl: https://iqviaidporg-pandpreporting.snowflakecomputing.com, user: maasreaduser, role: undefined, database: PNPREPORTING_LIB, schema: PNPREPORTING_DATAMART, warehouse: PNPLIBRARIES, proxy was not configured, password is not provided, region: undefined, authenticator: SNOWFLAKE_JWT, ocsp mode: FAIL_OPEN, os: win32, os version: 10"}
{"level":"INFO","message":"[11:47:49.024 AM]: Connection[id: 417e4527-e685-45e9-b6e7-af1d6a8f4d50] additional details: passcode in password is provided, passcode is not provided, private key is provided, application: undefined, client name: snowflake-sdk, client version: 2.2.0, retry timeout: 300, private key path: undefined, private key pass is not provided, client store temporary credential: false, browser response timeout: 120000"}
{"level":"INFO","message":"[11:47:49.025 AM]: Connection[id: 417e4527-e685-45e9-b6e7-af1d6a8f4d50] - connection object created successfully."}
{"level":"INFO","message":"[11:47:49.026 AM]: Connection[id: 417e4527-e685-45e9-b6e7-af1d6a8f4d50] - connecting. Associated Snowflake domain: GLOBAL"}
{"level":"INFO","message":"[11:47:49.040 AM]: Connection[id: 417e4527-e685-45e9-b6e7-af1d6a8f4d50] - authentication successful using: SNOWFLAKE_JWT"}
{"level":"INFO","message":"[11:47:49.046 AM]: Connection[id: 417e4527-e685-45e9-b6e7-af1d6a8f4d50] - connected successfully after 20.31369999999879 milliseconds"}
{"level":"INFO","message":"[11:47:56.678 AM]: Creating new connection object"}
{"level":"INFO","message":"[11:47:56.679 AM]: Creating Connection[id: d0dff7c2-d5c8-480b-b648-ade4de371096] with host: iqviaidporg-pandpreporting.snowflakecomputing.com, account: iqviaidporg-pandpreporting, accessUrl: https://iqviaidporg-pandpreporting.snowflakecomputing.com, user: maasreaduser, role: undefined, database: PNPREPORTING_LIB, schema: PNPREPORTING_DATAMART, warehouse: PNPLIBRARIES, proxy was not configured, password is not provided, region: undefined, authenticator: SNOWFLAKE_JWT, ocsp mode: FAIL_OPEN, os: win32, os version: 10"}
{"level":"INFO","message":"[11:47:56.679 AM]: Connection[id: d0dff7c2-d5c8-480b-b648-ade4de371096] additional details: passcode in password is provided, passcode is not provided, private key is provided, application: undefined, client name: snowflake-sdk, client version: 2.2.0, retry timeout: 300, private key path: undefined, private key pass is not provided, client store temporary credential: false, browser response timeout: 120000"}
{"level":"INFO","message":"[11:47:56.680 AM]: Connection[id: d0dff7c2-d5c8-480b-b648-ade4de371096] - connection object created successfully."}
{"level":"INFO","message":"[11:47:56.680 AM]: Connection[id: d0dff7c2-d5c8-480b-b648-ade4de371096] - connecting. Associated Snowflake domain: GLOBAL"}
{"level":"INFO","message":"[11:47:56.683 AM]: Connection[id: d0dff7c2-d5c8-480b-b648-ade4de371096] - authentication successful using: SNOWFLAKE_JWT"}
{"level":"INFO","message":"[11:47:56.688 AM]: Connection[id: d0dff7c2-d5c8-480b-b648-ade4de371096] - connected successfully after 8.007199999992736 milliseconds"}
{"level":"INFO","message":"[12:33:07.473 PM]: Creating new connection object"}
{"level":"INFO","message":"[12:33:07.522 PM]: Creating Connection[id: ad38fb6e-636c-4100-b2b5-d0bb020b053c] with host: iqviaidporg-pandpreporting.snowflakecomputing.com, account: iqviaidporg-pandpreporting, accessUrl: https://iqviaidporg-pandpreporting.snowflakecomputing.com, user: maasreaduser, role: undefined, database: PNPREPORTING_LIB, schema: PNPREPORTING_DATAMART, warehouse: PNPLIBRARIES, proxy was not configured, password is not provided, region: undefined, authenticator: SNOWFLAKE_JWT, ocsp mode: FAIL_OPEN, os: win32, os version: 10"}
{"level":"INFO","message":"[12:33:07.524 PM]: Connection[id: ad38fb6e-636c-4100-b2b5-d0bb020b053c] additional details: passcode in password is provided, passcode is not provided, private key is provided, application: undefined, client name: snowflake-sdk, client version: 2.2.0, retry timeout: 300, private key path: undefined, private key pass is not provided, client store temporary credential: false, browser response timeout: 120000"}
{"level":"INFO","message":"[12:33:07.525 PM]: Connection[id: ad38fb6e-636c-4100-b2b5-d0bb020b053c] - connection object created successfully."}
{"level":"INFO","message":"[12:33:07.526 PM]: Connection[id: ad38fb6e-636c-4100-b2b5-d0bb020b053c] - connecting. Associated Snowflake domain: GLOBAL"}
{"level":"INFO","message":"[12:33:07.537 PM]: Connection[id: ad38fb6e-636c-4100-b2b5-d0bb020b053c] - authentication successful using: SNOWFLAKE_JWT"}
{"level":"INFO","message":"[12:33:07.541 PM]: Trying to initialize Easy Logging"}
{"level":"INFO","message":"[12:33:07.546 PM]: No client config detected."}
{"level":"INFO","message":"[12:33:07.547 PM]: No config file path found. Client config will not be used."}
{"level":"INFO","message":"[12:33:07.549 PM]: Easy Logging is disabled as no config has been found"}
{"level":"INFO","message":"[12:33:07.560 PM]: Connection[id: ad38fb6e-636c-4100-b2b5-d0bb020b053c] - connected successfully after 34.19789999999921 milliseconds"}
{"level":"INFO","message":"[12:36:20.350 PM]: Creating new connection object"}
{"level":"INFO","message":"[12:36:20.371 PM]: Creating Connection[id: fd20f468-1ad2-4182-90ca-83090ac0697a] with host: iqviaidporg-pandpreporting.snowflakecomputing.com, account: iqviaidporg-pandpreporting, accessUrl: https://iqviaidporg-pandpreporting.snowflakecomputing.com, user: maasreaduser, role: undefined, database: PNPREPORTING_LIB, schema: PNPREPORTING_DATAMART, warehouse: PNPLIBRARIES, proxy was not configured, password is not provided, region: undefined, authenticator: SNOWFLAKE_JWT, ocsp mode: FAIL_OPEN, os: win32, os version: 10"}
{"level":"INFO","message":"[12:36:20.373 PM]: Connection[id: fd20f468-1ad2-4182-90ca-83090ac0697a] additional details: passcode in password is provided, passcode is not provided, private key is provided, application: undefined, client name: snowflake-sdk, client version: 2.2.0, retry timeout: 300, private key path: undefined, private key pass is not provided, client store temporary credential: false, browser response timeout: 120000"}
{"level":"INFO","message":"[12:36:20.374 PM]: Connection[id: fd20f468-1ad2-4182-90ca-83090ac0697a] - connection object created successfully."}
{"level":"INFO","message":"[12:36:20.374 PM]: Connection[id: fd20f468-1ad2-4182-90ca-83090ac0697a] - connecting. Associated Snowflake domain: GLOBAL"}
{"level":"INFO","message":"[12:36:20.381 PM]: Connection[id: fd20f468-1ad2-4182-90ca-83090ac0697a] - authentication successful using: SNOWFLAKE_JWT"}
{"level":"INFO","message":"[12:36:20.383 PM]: Trying to initialize Easy Logging"}
{"level":"INFO","message":"[12:36:20.387 PM]: No client config detected."}
{"level":"INFO","message":"[12:36:20.388 PM]: No config file path found. Client config will not be used."}
{"level":"INFO","message":"[12:36:20.389 PM]: Easy Logging is disabled as no config has been found"}
{"level":"INFO","message":"[12:36:20.395 PM]: Connection[id: fd20f468-1ad2-4182-90ca-83090ac0697a] - connected successfully after 20.510400000000118 milliseconds"}
{"level":"INFO","message":"[12:38:42.668 PM]: Creating new connection object"}
{"level":"INFO","message":"[12:38:42.705 PM]: Creating Connection[id: e2c422a8-69b5-43ca-9e8e-3638320dc6ad] with host: iqviaidporg-pandpreporting.snowflakecomputing.com, account: iqviaidporg-pandpreporting, accessUrl: https://iqviaidporg-pandpreporting.snowflakecomputing.com, user: maasreaduser, role: undefined, database: PNPREPORTING_LIB, schema: PNPREPORTING_DATAMART, warehouse: PNPLIBRARIES, proxy was not configured, password is not provided, region: undefined, authenticator: SNOWFLAKE_JWT, ocsp mode: FAIL_OPEN, os: win32, os version: 10"}
{"level":"INFO","message":"[12:38:42.707 PM]: Connection[id: e2c422a8-69b5-43ca-9e8e-3638320dc6ad] additional details: passcode in password is provided, passcode is not provided, private key is provided, application: undefined, client name: snowflake-sdk, client version: 2.2.0, retry timeout: 300, private key path: undefined, private key pass is not provided, client store temporary credential: false, browser response timeout: 120000"}
{"level":"INFO","message":"[12:38:42.708 PM]: Connection[id: e2c422a8-69b5-43ca-9e8e-3638320dc6ad] - connection object created successfully."}
{"level":"INFO","message":"[12:38:42.710 PM]: Connection[id: e2c422a8-69b5-43ca-9e8e-3638320dc6ad] - connecting. Associated Snowflake domain: GLOBAL"}
{"level":"INFO","message":"[12:38:42.746 PM]: Connection[id: e2c422a8-69b5-43ca-9e8e-3638320dc6ad] - authentication successful using: SNOWFLAKE_JWT"}
{"level":"INFO","message":"[12:38:42.750 PM]: Trying to initialize Easy Logging"}
{"level":"INFO","message":"[12:38:42.754 PM]: No client config detected."}
{"level":"INFO","message":"[12:38:42.756 PM]: No config file path found. Client config will not be used."}
{"level":"INFO","message":"[12:38:42.757 PM]: Easy Logging is disabled as no config has been found"}
{"level":"INFO","message":"[12:38:42.762 PM]: Connection[id: e2c422a8-69b5-43ca-9e8e-3638320dc6ad] - connected successfully after 52.83429999999953 milliseconds"}
{"level":"INFO","message":"[12:43:16.460 PM]: Creating new connection object"}
{"level":"INFO","message":"[12:43:16.485 PM]: Creating Connection[id: 5b57231e-b871-4fa2-b267-5e222ba0e655] with host: iqviaidporg-pandpreporting.snowflakecomputing.com, account: iqviaidporg-pandpreporting, accessUrl: https://iqviaidporg-pandpreporting.snowflakecomputing.com, user: maasreaduser, role: undefined, database: PNPREPORTING_LIB, schema: PNPREPORTING_DATAMART, warehouse: PNPLIBRARIES, proxy was not configured, password is not provided, region: undefined, authenticator: SNOWFLAKE_JWT, ocsp mode: FAIL_OPEN, os: win32, os version: 10"}
{"level":"INFO","message":"[12:43:16.487 PM]: Connection[id: 5b57231e-b871-4fa2-b267-5e222ba0e655] additional details: passcode in password is provided, passcode is not provided, private key is provided, application: undefined, client name: snowflake-sdk, client version: 2.2.0, retry timeout: 300, private key path: undefined, private key pass is not provided, client store temporary credential: false, browser response timeout: 120000"}
{"level":"INFO","message":"[12:43:16.489 PM]: Connection[id: 5b57231e-b871-4fa2-b267-5e222ba0e655] - connection object created successfully."}
{"level":"INFO","message":"[12:43:16.490 PM]: Connection[id: 5b57231e-b871-4fa2-b267-5e222ba0e655] - connecting. Associated Snowflake domain: GLOBAL"}
{"level":"INFO","message":"[12:43:16.497 PM]: Connection[id: 5b57231e-b871-4fa2-b267-5e222ba0e655] - authentication successful using: SNOWFLAKE_JWT"}
{"level":"INFO","message":"[12:43:16.498 PM]: Trying to initialize Easy Logging"}
{"level":"INFO","message":"[12:43:16.501 PM]: No client config detected."}
{"level":"INFO","message":"[12:43:16.501 PM]: No config file path found. Client config will not be used."}
{"level":"INFO","message":"[12:43:16.502 PM]: Easy Logging is disabled as no config has been found"}
{"level":"INFO","message":"[12:43:16.508 PM]: Connection[id: 5b57231e-b871-4fa2-b267-5e222ba0e655] - connected successfully after 17.972499999999854 milliseconds"}
{"level":"INFO","message":"[12:44:13.095 PM]: Creating new connection object"}
{"level":"INFO","message":"[12:44:13.120 PM]: Creating Connection[id: 86cd3ce8-96c3-4007-b704-89f75447fafc] with host: iqviaidporg-pandpreporting.snowflakecomputing.com, account: iqviaidporg-pandpreporting, accessUrl: https://iqviaidporg-pandpreporting.snowflakecomputing.com, user: maasreaduser, role: undefined, database: PNPREPORTING_LIB, schema: PNPREPORTING_DATAMART, warehouse: PNPLIBRARIES, proxy was not configured, password is not provided, region: undefined, authenticator: SNOWFLAKE_JWT, ocsp mode: FAIL_OPEN, os: win32, os version: 10"}
{"level":"INFO","message":"[12:44:13.120 PM]: Connection[id: 86cd3ce8-96c3-4007-b704-89f75447fafc] additional details: passcode in password is provided, passcode is not provided, private key is provided, application: undefined, client name: snowflake-sdk, client version: 2.2.0, retry timeout: 300, private key path: undefined, private key pass is not provided, client store temporary credential: false, browser response timeout: 120000"}
{"level":"INFO","message":"[12:44:13.121 PM]: Connection[id: 86cd3ce8-96c3-4007-b704-89f75447fafc] - connection object created successfully."}
{"level":"INFO","message":"[12:44:13.122 PM]: Connection[id: 86cd3ce8-96c3-4007-b704-89f75447fafc] - connecting. Associated Snowflake domain: GLOBAL"}
{"level":"INFO","message":"[12:44:13.127 PM]: Connection[id: 86cd3ce8-96c3-4007-b704-89f75447fafc] - authentication successful using: SNOWFLAKE_JWT"}
{"level":"INFO","message":"[12:44:13.128 PM]: Trying to initialize Easy Logging"}
{"level":"INFO","message":"[12:44:13.158 PM]: No client config detected."}
{"level":"INFO","message":"[12:44:13.158 PM]: No config file path found. Client config will not be used."}
{"level":"INFO","message":"[12:44:13.159 PM]: Easy Logging is disabled as no config has been found"}
{"level":"INFO","message":"[12:44:13.164 PM]: Connection[id: 86cd3ce8-96c3-4007-b704-89f75447fafc] - connected successfully after 41.83020000000033 milliseconds"}
{"level":"INFO","message":"[12:46:31.206 PM]: Creating new connection object"}
{"level":"INFO","message":"[12:46:31.231 PM]: Creating Connection[id: 4cfac067-572a-4eeb-869c-1629720af432] with host: iqviaidporg-pandpreporting.snowflakecomputing.com, account: iqviaidporg-pandpreporting, accessUrl: https://iqviaidporg-pandpreporting.snowflakecomputing.com, user: maasreaduser, role: undefined, database: PNPREPORTING_LIB, schema: PNPREPORTING_DATAMART, warehouse: PNPLIBRARIES, proxy was not configured, password is not provided, region: undefined, authenticator: SNOWFLAKE_JWT, ocsp mode: FAIL_OPEN, os: win32, os version: 10"}
{"level":"INFO","message":"[12:46:31.232 PM]: Connection[id: 4cfac067-572a-4eeb-869c-1629720af432] additional details: passcode in password is provided, passcode is not provided, private key is provided, application: undefined, client name: snowflake-sdk, client version: 2.2.0, retry timeout: 300, private key path: undefined, private key pass is not provided, client store temporary credential: false, browser response timeout: 120000"}
{"level":"INFO","message":"[12:46:31.233 PM]: Connection[id: 4cfac067-572a-4eeb-869c-1629720af432] - connection object created successfully."}
{"level":"INFO","message":"[12:46:31.234 PM]: Connection[id: 4cfac067-572a-4eeb-869c-1629720af432] - connecting. Associated Snowflake domain: GLOBAL"}
{"level":"INFO","message":"[12:46:31.241 PM]: Connection[id: 4cfac067-572a-4eeb-869c-1629720af432] - authentication successful using: SNOWFLAKE_JWT"}
{"level":"INFO","message":"[12:46:31.243 PM]: Trying to initialize Easy Logging"}
{"level":"INFO","message":"[12:46:31.247 PM]: No client config detected."}
{"level":"INFO","message":"[12:46:31.248 PM]: No config file path found. Client config will not be used."}
{"level":"INFO","message":"[12:46:31.249 PM]: Easy Logging is disabled as no config has been found"}
{"level":"INFO","message":"[12:46:31.254 PM]: Connection[id: 4cfac067-572a-4eeb-869c-1629720af432] - connected successfully after 20.407100000000355 milliseconds"}
{"level":"INFO","message":"[12:47:56.497 PM]: Creating new connection object"}
{"level":"INFO","message":"[12:47:56.528 PM]: Creating Connection[id: ef9918e5-12d9-4e49-8719-311843f02bf4] with host: iqviaidporg-pandpreporting.snowflakecomputing.com, account: iqviaidporg-pandpreporting, accessUrl: https://iqviaidporg-pandpreporting.snowflakecomputing.com, user: maasreaduser, role: undefined, database: PNPREPORTING_LIB, schema: PNPREPORTING_DATAMART, warehouse: PNPLIBRARIES, proxy was not configured, password is not provided, region: undefined, authenticator: SNOWFLAKE_JWT, ocsp mode: FAIL_OPEN, os: win32, os version: 10"}
{"level":"INFO","message":"[12:47:56.529 PM]: Connection[id: ef9918e5-12d9-4e49-8719-311843f02bf4] additional details: passcode in password is provided, passcode is not provided, private key is provided, application: undefined, client name: snowflake-sdk, client version: 2.2.0, retry timeout: 300, private key path: undefined, private key pass is not provided, client store temporary credential: false, browser response timeout: 120000"}
{"level":"INFO","message":"[12:47:56.531 PM]: Connection[id: ef9918e5-12d9-4e49-8719-311843f02bf4] - connection object created successfully."}
{"level":"INFO","message":"[12:47:56.532 PM]: Connection[id: ef9918e5-12d9-4e49-8719-311843f02bf4] - connecting. Associated Snowflake domain: GLOBAL"}
{"level":"INFO","message":"[12:47:56.537 PM]: Connection[id: ef9918e5-12d9-4e49-8719-311843f02bf4] - authentication successful using: SNOWFLAKE_JWT"}
{"level":"INFO","message":"[12:47:56.537 PM]: Trying to initialize Easy Logging"}
{"level":"INFO","message":"[12:47:56.541 PM]: No client config detected."}
{"level":"INFO","message":"[12:47:56.542 PM]: No config file path found. Client config will not be used."}
{"level":"INFO","message":"[12:47:56.542 PM]: Easy Logging is disabled as no config has been found"}
{"level":"INFO","message":"[12:47:56.548 PM]: Connection[id: ef9918e5-12d9-4e49-8719-311843f02bf4] - connected successfully after 16.60070000000087 milliseconds"}
{"level":"INFO","message":"[12:52:00.818 PM]: Creating new connection object"}
{"level":"INFO","message":"[12:52:00.821 PM]: Creating Connection[id: b2ece85a-b6e8-4024-8b80-11a9e912f747] with host: iqviaidporg-pandpreporting.snowflakecomputing.com, account: iqviaidporg-pandpreporting, accessUrl: https://iqviaidporg-pandpreporting.snowflakecomputing.com, user: maasreaduser, role: undefined, database: PNPREPORTING_LIB, schema: PNPREPORTING_DATAMART, warehouse: PNPLIBRARIES, proxy was not configured, password is not provided, region: undefined, authenticator: SNOWFLAKE_JWT, ocsp mode: FAIL_OPEN, os: win32, os version: 10"}
{"level":"INFO","message":"[12:52:00.821 PM]: Connection[id: b2ece85a-b6e8-4024-8b80-11a9e912f747] additional details: passcode in password is provided, passcode is not provided, private key is provided, application: undefined, client name: snowflake-sdk, client version: 2.2.0, retry timeout: 300, private key path: undefined, private key pass is not provided, client store temporary credential: false, browser response timeout: 120000"}
{"level":"INFO","message":"[12:52:00.822 PM]: Connection[id: b2ece85a-b6e8-4024-8b80-11a9e912f747] - connection object created successfully."}
{"level":"INFO","message":"[12:52:00.822 PM]: Connection[id: b2ece85a-b6e8-4024-8b80-11a9e912f747] - connecting. Associated Snowflake domain: GLOBAL"}
{"level":"INFO","message":"[12:52:00.828 PM]: Connection[id: b2ece85a-b6e8-4024-8b80-11a9e912f747] - authentication successful using: SNOWFLAKE_JWT"}
{"level":"INFO","message":"[12:52:00.832 PM]: Connection[id: b2ece85a-b6e8-4024-8b80-11a9e912f747] - connected successfully after 9.677100000000792 milliseconds"}
{"level":"INFO","message":"[12:54:04.187 PM]: Creating new connection object"}
{"level":"INFO","message":"[12:54:04.212 PM]: Creating Connection[id: db8818e8-3ee4-416f-ac0d-e25f3cd89f8e] with host: iqviaidporg-pandpreporting.snowflakecomputing.com, account: iqviaidporg-pandpreporting, accessUrl: https://iqviaidporg-pandpreporting.snowflakecomputing.com, user: maasreaduser, role: undefined, database: PNPREPORTING_LIB, schema: PNPREPORTING_DATAMART, warehouse: PNPLIBRARIES, proxy was not configured, password is not provided, region: undefined, authenticator: SNOWFLAKE_JWT, ocsp mode: FAIL_OPEN, os: win32, os version: 10"}
{"level":"INFO","message":"[12:54:04.213 PM]: Connection[id: db8818e8-3ee4-416f-ac0d-e25f3cd89f8e] additional details: passcode in password is provided, passcode is not provided, private key is provided, application: undefined, client name: snowflake-sdk, client version: 2.2.0, retry timeout: 300, private key path: undefined, private key pass is not provided, client store temporary credential: false, browser response timeout: 120000"}
{"level":"INFO","message":"[12:54:04.215 PM]: Connection[id: db8818e8-3ee4-416f-ac0d-e25f3cd89f8e] - connection object created successfully."}
{"level":"INFO","message":"[12:54:04.216 PM]: Connection[id: db8818e8-3ee4-416f-ac0d-e25f3cd89f8e] - connecting. Associated Snowflake domain: GLOBAL"}
{"level":"INFO","message":"[12:54:04.222 PM]: Connection[id: db8818e8-3ee4-416f-ac0d-e25f3cd89f8e] - authentication successful using: SNOWFLAKE_JWT"}
{"level":"INFO","message":"[12:54:04.223 PM]: Trying to initialize Easy Logging"}
{"level":"INFO","message":"[12:54:04.227 PM]: No client config detected."}
{"level":"INFO","message":"[12:54:04.228 PM]: No config file path found. Client config will not be used."}
{"level":"INFO","message":"[12:54:04.229 PM]: Easy Logging is disabled as no config has been found"}
{"level":"INFO","message":"[12:54:04.235 PM]: Connection[id: db8818e8-3ee4-416f-ac0d-e25f3cd89f8e] - connected successfully after 18.72320000000036 milliseconds"}
{"level":"INFO","message":"[12:55:22.793 PM]: Creating new connection object"}
{"level":"INFO","message":"[12:55:22.816 PM]: Creating Connection[id: c5e16657-52b2-4956-9312-fc64b087c571] with host: iqviaidporg-pandpreporting.snowflakecomputing.com, account: iqviaidporg-pandpreporting, accessUrl: https://iqviaidporg-pandpreporting.snowflakecomputing.com, user: maasreaduser, role: undefined, database: PNPREPORTING_LIB, schema: PNPREPORTING_DATAMART, warehouse: PNPLIBRARIES, proxy was not configured, password is not provided, region: undefined, authenticator: SNOWFLAKE_JWT, ocsp mode: FAIL_OPEN, os: win32, os version: 10"}
{"level":"INFO","message":"[12:55:22.817 PM]: Connection[id: c5e16657-52b2-4956-9312-fc64b087c571] additional details: passcode in password is provided, passcode is not provided, private key is provided, application: undefined, client name: snowflake-sdk, client version: 2.2.0, retry timeout: 300, private key path: undefined, private key pass is not provided, client store temporary credential: false, browser response timeout: 120000"}
{"level":"INFO","message":"[12:55:22.818 PM]: Connection[id: c5e16657-52b2-4956-9312-fc64b087c571] - connection object created successfully."}
{"level":"INFO","message":"[12:55:22.820 PM]: Connection[id: c5e16657-52b2-4956-9312-fc64b087c571] - connecting. Associated Snowflake domain: GLOBAL"}
{"level":"INFO","message":"[12:55:22.827 PM]: Connection[id: c5e16657-52b2-4956-9312-fc64b087c571] - authentication successful using: SNOWFLAKE_JWT"}
{"level":"INFO","message":"[12:55:22.828 PM]: Trying to initialize Easy Logging"}
{"level":"INFO","message":"[12:55:22.832 PM]: No client config detected."}
{"level":"INFO","message":"[12:55:22.832 PM]: No config file path found. Client config will not be used."}
{"level":"INFO","message":"[12:55:22.833 PM]: Easy Logging is disabled as no config has been found"}
{"level":"INFO","message":"[12:55:22.838 PM]: Connection[id: c5e16657-52b2-4956-9312-fc64b087c571] - connected successfully after 18.480499999999665 milliseconds"}
{"level":"INFO","message":"[12:59:50.054 PM]: Creating new connection object"}
{"level":"INFO","message":"[12:59:50.082 PM]: Creating Connection[id: a9e37f36-a2a6-4930-94c6-3120dcb67eda] with host: iqviaidporg-pandpreporting.snowflakecomputing.com, account: iqviaidporg-pandpreporting, accessUrl: https://iqviaidporg-pandpreporting.snowflakecomputing.com, user: maasreaduser, role: undefined, database: PNPREPORTING_LIB, schema: PNPREPORTING_DATAMART, warehouse: PNPLIBRARIES, proxy was not configured, password is not provided, region: undefined, authenticator: SNOWFLAKE_JWT, ocsp mode: FAIL_OPEN, os: win32, os version: 10"}
{"level":"INFO","message":"[12:59:50.083 PM]: Connection[id: a9e37f36-a2a6-4930-94c6-3120dcb67eda] additional details: passcode in password is provided, passcode is not provided, private key is provided, application: undefined, client name: snowflake-sdk, client version: 2.2.0, retry timeout: 300, private key path: undefined, private key pass is not provided, client store temporary credential: false, browser response timeout: 120000"}
{"level":"INFO","message":"[12:59:50.084 PM]: Connection[id: a9e37f36-a2a6-4930-94c6-3120dcb67eda] - connection object created successfully."}
{"level":"INFO","message":"[12:59:50.085 PM]: Connection[id: a9e37f36-a2a6-4930-94c6-3120dcb67eda] - connecting. Associated Snowflake domain: GLOBAL"}
{"level":"INFO","message":"[12:59:50.091 PM]: Connection[id: a9e37f36-a2a6-4930-94c6-3120dcb67eda] - authentication successful using: SNOWFLAKE_JWT"}
{"level":"INFO","message":"[12:59:50.092 PM]: Trying to initialize Easy Logging"}
{"level":"INFO","message":"[12:59:50.096 PM]: No client config detected."}
{"level":"INFO","message":"[12:59:50.097 PM]: No config file path found. Client config will not be used."}
{"level":"INFO","message":"[12:59:50.098 PM]: Easy Logging is disabled as no config has been found"}
{"level":"INFO","message":"[12:59:50.103 PM]: Connection[id: a9e37f36-a2a6-4930-94c6-3120dcb67eda] - connected successfully after 17.928899999999885 milliseconds"}
{"level":"INFO","message":"[1:02:38.455 PM]: Creating new connection object"}
{"level":"INFO","message":"[1:02:38.457 PM]: Creating Connection[id: e20c2b6b-6231-4e81-a560-d7673bf32ef3] with host: iqviaidporg-pandpreporting.snowflakecomputing.com, account: iqviaidporg-pandpreporting, accessUrl: https://iqviaidporg-pandpreporting.snowflakecomputing.com, user: maasreaduser, role: undefined, database: PNPREPORTING_LIB, schema: PNPREPORTING_DATAMART, warehouse: PNPLIBRARIES, proxy was not configured, password is not provided, region: undefined, authenticator: SNOWFLAKE_JWT, ocsp mode: FAIL_OPEN, os: win32, os version: 10"}
{"level":"INFO","message":"[1:02:38.458 PM]: Connection[id: e20c2b6b-6231-4e81-a560-d7673bf32ef3] additional details: passcode in password is provided, passcode is not provided, private key is provided, application: undefined, client name: snowflake-sdk, client version: 2.2.0, retry timeout: 300, private key path: undefined, private key pass is not provided, client store temporary credential: false, browser response timeout: 120000"}
{"level":"INFO","message":"[1:02:38.458 PM]: Connection[id: e20c2b6b-6231-4e81-a560-d7673bf32ef3] - connection object created successfully."}
{"level":"INFO","message":"[1:02:38.459 PM]: Connection[id: e20c2b6b-6231-4e81-a560-d7673bf32ef3] - connecting. Associated Snowflake domain: GLOBAL"}
{"level":"INFO","message":"[1:02:38.464 PM]: Connection[id: e20c2b6b-6231-4e81-a560-d7673bf32ef3] - authentication successful using: SNOWFLAKE_JWT"}
{"level":"INFO","message":"[1:02:38.466 PM]: Connection[id: e20c2b6b-6231-4e81-a560-d7673bf32ef3] - connected successfully after 6.498600000020815 milliseconds"}
{"level":"INFO","message":"[1:06:58.192 PM]: Creating new connection object"}
{"level":"INFO","message":"[1:06:58.193 PM]: Creating Connection[id: a87c623b-3142-446c-bdb9-2598cf9e46fc] with host: iqviaidporg-pandpreporting.snowflakecomputing.com, account: iqviaidporg-pandpreporting, accessUrl: https://iqviaidporg-pandpreporting.snowflakecomputing.com, user: maasreaduser, role: undefined, database: PNPREPORTING_LIB, schema: PNPREPORTING_DATAMART, warehouse: PNPLIBRARIES, proxy was not configured, password is not provided, region: undefined, authenticator: SNOWFLAKE_JWT, ocsp mode: FAIL_OPEN, os: win32, os version: 10"}
{"level":"INFO","message":"[1:06:58.194 PM]: Connection[id: a87c623b-3142-446c-bdb9-2598cf9e46fc] additional details: passcode in password is provided, passcode is not provided, private key is provided, application: undefined, client name: snowflake-sdk, client version: 2.2.0, retry timeout: 300, private key path: undefined, private key pass is not provided, client store temporary credential: false, browser response timeout: 120000"}
{"level":"INFO","message":"[1:06:58.194 PM]: Connection[id: a87c623b-3142-446c-bdb9-2598cf9e46fc] - connection object created successfully."}
{"level":"INFO","message":"[1:06:58.194 PM]: Connection[id: a87c623b-3142-446c-bdb9-2598cf9e46fc] - connecting. Associated Snowflake domain: GLOBAL"}
{"level":"INFO","message":"[1:06:58.199 PM]: Connection[id: a87c623b-3142-446c-bdb9-2598cf9e46fc] - authentication successful using: SNOWFLAKE_JWT"}
{"level":"INFO","message":"[1:06:58.200 PM]: Connection[id: a87c623b-3142-446c-bdb9-2598cf9e46fc] - connected successfully after 5.669199999945704 milliseconds"}
{"level":"INFO","message":"[1:10:36.322 PM]: Creating new connection object"}
{"level":"INFO","message":"[1:10:36.323 PM]: Creating Connection[id: 60c28cb8-e10d-4676-8e75-bbfe14168719] with host: iqviaidporg-pandpreporting.snowflakecomputing.com, account: iqviaidporg-pandpreporting, accessUrl: https://iqviaidporg-pandpreporting.snowflakecomputing.com, user: maasreaduser, role: undefined, database: PNPREPORTING_LIB, schema: PNPREPORTING_DATAMART, warehouse: PNPLIBRARIES, proxy was not configured, password is not provided, region: undefined, authenticator: SNOWFLAKE_JWT, ocsp mode: FAIL_OPEN, os: win32, os version: 10"}
{"level":"INFO","message":"[1:10:36.323 PM]: Connection[id: 60c28cb8-e10d-4676-8e75-bbfe14168719] additional details: passcode in password is provided, passcode is not provided, private key is provided, application: undefined, client name: snowflake-sdk, client version: 2.2.0, retry timeout: 300, private key path: undefined, private key pass is not provided, client store temporary credential: false, browser response timeout: 120000"}
{"level":"INFO","message":"[1:10:36.324 PM]: Connection[id: 60c28cb8-e10d-4676-8e75-bbfe14168719] - connection object created successfully."}
{"level":"INFO","message":"[1:10:36.325 PM]: Connection[id: 60c28cb8-e10d-4676-8e75-bbfe14168719] - connecting. Associated Snowflake domain: GLOBAL"}
{"level":"INFO","message":"[1:10:36.332 PM]: Connection[id: 60c28cb8-e10d-4676-8e75-bbfe14168719] - authentication successful using: SNOWFLAKE_JWT"}
{"level":"INFO","message":"[1:10:36.334 PM]: Connection[id: 60c28cb8-e10d-4676-8e75-bbfe14168719] - connected successfully after 8.968099999940023 milliseconds"}
{"level":"INFO","message":"[1:14:41.186 PM]: Creating new connection object"}
{"level":"INFO","message":"[1:14:41.194 PM]: Creating Connection[id: 97528020-2b97-45d0-8008-39e2606f7fae] with host: iqviaidporg-pandpreporting.snowflakecomputing.com, account: iqviaidporg-pandpreporting, accessUrl: https://iqviaidporg-pandpreporting.snowflakecomputing.com, user: maasreaduser, role: undefined, database: PNPREPORTING_LIB, schema: PNPREPORTING_DATAMART, warehouse: PNPLIBRARIES, proxy was not configured, password is not provided, region: undefined, authenticator: SNOWFLAKE_JWT, ocsp mode: FAIL_OPEN, os: win32, os version: 10"}
{"level":"INFO","message":"[1:14:41.195 PM]: Connection[id: 97528020-2b97-45d0-8008-39e2606f7fae] additional details: passcode in password is provided, passcode is not provided, private key is provided, application: undefined, client name: snowflake-sdk, client version: 2.2.0, retry timeout: 300, private key path: undefined, private key pass is not provided, client store temporary credential: false, browser response timeout: 120000"}
{"level":"INFO","message":"[1:14:41.196 PM]: Connection[id: 97528020-2b97-45d0-8008-39e2606f7fae] - connection object created successfully."}
{"level":"INFO","message":"[1:14:41.196 PM]: Connection[id: 97528020-2b97-45d0-8008-39e2606f7fae] - connecting. Associated Snowflake domain: GLOBAL"}
{"level":"INFO","message":"[1:14:41.208 PM]: Connection[id: 97528020-2b97-45d0-8008-39e2606f7fae] - authentication successful using: SNOWFLAKE_JWT"}
{"level":"INFO","message":"[1:14:41.214 PM]: Connection[id: 97528020-2b97-45d0-8008-39e2606f7fae] - connected successfully after 17.618299999972805 milliseconds"}
{"level":"INFO","message":"[1:15:56.401 PM]: Creating new connection object"}
{"level":"INFO","message":"[1:15:56.439 PM]: Creating Connection[id: ab6a7f1c-4a54-44ba-a254-9d691b37dd13] with host: iqviaidporg-pandpreporting.snowflakecomputing.com, account: iqviaidporg-pandpreporting, accessUrl: https://iqviaidporg-pandpreporting.snowflakecomputing.com, user: maasreaduser, role: undefined, database: PNPREPORTING_LIB, schema: PNPREPORTING_DATAMART, warehouse: PNPLIBRARIES, proxy was not configured, password is not provided, region: undefined, authenticator: SNOWFLAKE_JWT, ocsp mode: FAIL_OPEN, os: win32, os version: 10"}
{"level":"INFO","message":"[1:15:56.440 PM]: Connection[id: ab6a7f1c-4a54-44ba-a254-9d691b37dd13] additional details: passcode in password is provided, passcode is not provided, private key is provided, application: undefined, client name: snowflake-sdk, client version: 2.2.0, retry timeout: 300, private key path: undefined, private key pass is not provided, client store temporary credential: false, browser response timeout: 120000"}
{"level":"INFO","message":"[1:15:56.441 PM]: Connection[id: ab6a7f1c-4a54-44ba-a254-9d691b37dd13] - connection object created successfully."}
{"level":"INFO","message":"[1:15:56.442 PM]: Connection[id: ab6a7f1c-4a54-44ba-a254-9d691b37dd13] - connecting. Associated Snowflake domain: GLOBAL"}
{"level":"INFO","message":"[1:15:56.452 PM]: Connection[id: ab6a7f1c-4a54-44ba-a254-9d691b37dd13] - authentication successful using: SNOWFLAKE_JWT"}
{"level":"INFO","message":"[1:15:56.454 PM]: Trying to initialize Easy Logging"}
{"level":"INFO","message":"[1:15:56.461 PM]: No client config detected."}
{"level":"INFO","message":"[1:15:56.462 PM]: No config file path found. Client config will not be used."}
{"level":"INFO","message":"[1:15:56.463 PM]: Easy Logging is disabled as no config has been found"}
{"level":"INFO","message":"[1:15:56.470 PM]: Connection[id: ab6a7f1c-4a54-44ba-a254-9d691b37dd13] - connected successfully after 28.101299999994808 milliseconds"}
{"level":"INFO","message":"[2:27:33.041 PM]: Creating new connection object"}
{"level":"INFO","message":"[2:27:33.065 PM]: Creating Connection[id: d6a8225d-efb8-4cd3-8d8a-0a3349d0873f] with host: iqviaidporg-pandpreporting.snowflakecomputing.com, account: iqviaidporg-pandpreporting, accessUrl: https://iqviaidporg-pandpreporting.snowflakecomputing.com, user: maasreaduser, role: undefined, database: PNPREPORTING_LIB, schema: PNPREPORTING_DATAMART, warehouse: PNPLIBRARIES, proxy was not configured, password is not provided, region: undefined, authenticator: SNOWFLAKE_JWT, ocsp mode: FAIL_OPEN, os: win32, os version: 10"}
{"level":"INFO","message":"[2:27:33.075 PM]: Connection[id: d6a8225d-efb8-4cd3-8d8a-0a3349d0873f] additional details: passcode in password is provided, passcode is not provided, private key is provided, application: undefined, client name: snowflake-sdk, client version: 2.2.0, retry timeout: 300, private key path: undefined, private key pass is not provided, client store temporary credential: false, browser response timeout: 120000"}
{"level":"INFO","message":"[2:27:33.079 PM]: Connection[id: d6a8225d-efb8-4cd3-8d8a-0a3349d0873f] - connection object created successfully."}
{"level":"INFO","message":"[2:27:33.081 PM]: Connection[id: d6a8225d-efb8-4cd3-8d8a-0a3349d0873f] - connecting. Associated Snowflake domain: GLOBAL"}
{"level":"INFO","message":"[2:27:33.104 PM]: Connection[id: d6a8225d-efb8-4cd3-8d8a-0a3349d0873f] - authentication successful using: SNOWFLAKE_JWT"}
{"level":"INFO","message":"[2:27:33.124 PM]: Connection[id: d6a8225d-efb8-4cd3-8d8a-0a3349d0873f] - connected successfully after 39.634499999694526 milliseconds"}
{"level":"INFO","message":"[2:39:58.773 PM]: Creating new connection object"}
{"level":"INFO","message":"[2:39:58.812 PM]: Creating Connection[id: 094a16bd-057b-4055-ac40-a01b3c36b8c1] with host: iqviaidporg-pandpreporting.snowflakecomputing.com, account: iqviaidporg-pandpreporting, accessUrl: https://iqviaidporg-pandpreporting.snowflakecomputing.com, user: maasreaduser, role: undefined, database: PNPREPORTING_LIB, schema: PNPREPORTING_DATAMART, warehouse: PNPLIBRARIES, proxy was not configured, password is not provided, region: undefined, authenticator: SNOWFLAKE_JWT, ocsp mode: FAIL_OPEN, os: win32, os version: 10"}
{"level":"INFO","message":"[2:39:58.813 PM]: Connection[id: 094a16bd-057b-4055-ac40-a01b3c36b8c1] additional details: passcode in password is provided, passcode is not provided, private key is provided, application: undefined, client name: snowflake-sdk, client version: 2.2.0, retry timeout: 300, private key path: undefined, private key pass is not provided, client store temporary credential: false, browser response timeout: 120000"}
{"level":"INFO","message":"[2:39:58.816 PM]: Connection[id: 094a16bd-057b-4055-ac40-a01b3c36b8c1] - connection object created successfully."}
{"level":"INFO","message":"[2:39:58.817 PM]: Connection[id: 094a16bd-057b-4055-ac40-a01b3c36b8c1] - connecting. Associated Snowflake domain: GLOBAL"}
{"level":"INFO","message":"[2:39:58.827 PM]: Connection[id: 094a16bd-057b-4055-ac40-a01b3c36b8c1] - authentication successful using: SNOWFLAKE_JWT"}
{"level":"INFO","message":"[2:39:58.828 PM]: Trying to initialize Easy Logging"}
{"level":"INFO","message":"[2:39:58.836 PM]: No client config detected."}
{"level":"INFO","message":"[2:39:58.839 PM]: No config file path found. Client config will not be used."}
{"level":"INFO","message":"[2:39:58.842 PM]: Easy Logging is disabled as no config has been found"}
{"level":"INFO","message":"[2:39:58.851 PM]: Connection[id: 094a16bd-057b-4055-ac40-a01b3c36b8c1] - connected successfully after 33.92469999999594 milliseconds"}
